Godot Engine v4.6.2.stable.mono.official.71f334935 - https://godotengine.org

ERROR: Failed to read the root certificate store.
   at: get_system_ca_certificates (platform/windows/os_windows.cpp:2570)
[DataManager] PackLoader: loading packs from F:/dev/Pf2e.Core/Data/pf2e-source/packs/pf2e
[DataManager] PackLoader: skipped raja-rakshasa.json (JsonException: The JSON value could not be converted to System.Int32. Path: $.splashDamage.value | LineNumber: 64 | BytePositionInLine: 33.)
[DataManager] PackLoader: skipped 1 malformed creature file(s)
[DataManager] PackLoader: loaded 40 conditions, 1795 spells, 1268 equipment, 658 creatures
[DataManager] Ready — 40 conditions, 1795 spells, 1268 equipment, 658 creatures, 6810 feat entries indexed
==================== RUN ENCOUNTER SPIKE ====================
  [PASS] the floor table and the boss table pair 1:1
  [PASS] floor 1 roster (15 slugs) all resolve and can fight on a ground board
  [PASS] floor 1 boss spawns all resolve
  [PASS] floor 2 roster (10 slugs) all resolve and can fight on a ground board
  [PASS] floor 2 boss spawns all resolve
  [PASS] floor 3 roster (10 slugs) all resolve and can fight on a ground board
  [PASS] floor 3 boss spawns all resolve
WARNING: [PF2e WARN] EncounterGenerator: No template could be filled for Lv2 party. Falling back to budget fill.
   at: void Delve.Autoload.DataManager+<>c.<WireLogging>b__27_1(string) (res://scripts/autoload/DataManager.cs:131)
   C# backtrace (most recent call first):
       [0] void Godot.GD.PushWarning(string) (/root/godot/modules/mono/glue/GodotSharp/GodotSharp/Core/GD.cs:396)
       [1] void Delve.Autoload.DataManager+<>c.<WireLogging>b__27_1(string) (G:\Godot\Gamestorming\delve\scripts\autoload\DataManager.cs:131)
       [2] void PF2e.Log.Warn(object) (F:\dev\Pf2e.Core\Pf2e.Core\Core\Log.cs:23)
       [3] PF2e.Data.EncounterDefinition PF2e.Utilities.EncounterGenerator.GenerateEncounter(PF2e.Data.EncounterDifficulty, int, int, PF2e.Data.EnemyDefinition[], System.Collections.Generic.List`1[System.String], PF2e.Data.HazardDefinition[]) (F:\dev\Pf2e.Core\Pf2e.Core\Utilities\EncounterGenerator.cs:227)
       [4] PF2e.Data.EncounterDefinition Delve.Run.GeneratedEncounters.Generate(Delve.Run.RunState, Delve.Run.MapNode, System.Func`2[Delve.Data.CreatureRef,PF2e.Data.EnemyDefinition], Delve.Run.EncounterGenRules) (G:\Godot\Gamestorming\delve\scripts\run\GeneratedEncounters.cs:119)
       [5] string Delve.Dev.RunEncounterSpike.ComposeAll(Delve.Autoload.DataManager, int, int) (G:\Godot\Gamestorming\delve\scripts\dev\RunEncounterSpike.cs:128)
       [6] void Delve.Dev.RunEncounterSpike.CheckDeterminism(Delve.Autoload.DataManager) (G:\Godot\Gamestorming\delve\scripts\dev\RunEncounterSpike.cs:90)
       [7] System.Threading.Tasks.Task Delve.Dev.RunEncounterSpike.RunSpikeAsync(Delve.Autoload.DataManager) (G:\Godot\Gamestorming\delve\scripts\dev\RunEncounterSpike.cs:40)
       [8] void Delve.Dev.SpikeBase+<RunAsync>d__10.MoveNext() (G:\Godot\Gamestorming\delve\scripts\dev\SpikeBase.cs:53)
       [9] void System.Runtime.CompilerServices.AsyncMethodBuilderCore.Start<TStateMachine>(TStateMachine&)
       [10] System.Threading.Tasks.Task Delve.Dev.SpikeBase.RunAsync()
       [11] void Delve.Dev.SpikeBase._Ready() (G:\Godot\Gamestorming\delve\scripts\dev\SpikeBase.cs:38)
       [12] bool Godot.Node.InvokeGodotClassMethod(Godot.NativeInterop.godot_string_name&, Godot.NativeInterop.NativeVariantPtrArgs, Godot.NativeInterop.godot_variant&) (/root/godot/modules/mono/glue/GodotSharp/GodotSharp/Generated/GodotObjects/Node.cs:2646)
       [13] bool Delve.Dev.SpikeBase.InvokeGodotClassMethod(Godot.NativeInterop.godot_string_name&, Godot.NativeInterop.NativeVariantPtrArgs, Godot.NativeInterop.godot_variant&) (G:\Godot\Gamestorming\delve\.godot\mono\temp\obj\Debug\Godot.SourceGenerators\Godot.SourceGenerators.ScriptMethodsGenerator\Delve.Dev.SpikeBase_ScriptMethods.generated.cs:80)
       [14] bool Delve.Dev.RunEncounterSpike.InvokeGodotClassMethod(Godot.NativeInterop.godot_string_name&, Godot.NativeInterop.NativeVariantPtrArgs, Godot.NativeInterop.godot_variant&) (G:\Godot\Gamestorming\delve\.godot\mono\temp\obj\Debug\Godot.SourceGenerators\Godot.SourceGenerators.ScriptMethodsGenerator\Delve.Dev.RunEncounterSpike_ScriptMethods.generated.cs:140)
       [15] Godot.NativeInterop.godot_bool Godot.Bridge.CSharpInstanceBridge.Call(nint, Godot.NativeInterop.godot_string_name*, Godot.NativeInterop.godot_variant**, int, Godot.NativeInterop.godot_variant_call_error*, Godot.NativeInterop.godot_variant*) (/root/godot/modules/mono/glue/GodotSharp/GodotSharp/Core/Bridge/CSharpInstanceBridge.cs:24)
WARNING: [PF2e WARN] EncounterGenerator: No template could be filled for Lv2 party. Falling back to budget fill.
   at: void Delve.Autoload.DataManager+<>c.<WireLogging>b__27_1(string) (res://scripts/autoload/DataManager.cs:131)
   C# backtrace (most recent call first):
       [0] void Godot.GD.PushWarning(string) (/root/godot/modules/mono/glue/GodotSharp/GodotSharp/Core/GD.cs:396)
       [1] void Delve.Autoload.DataManager+<>c.<WireLogging>b__27_1(string) (G:\Godot\Gamestorming\delve\scripts\autoload\DataManager.cs:131)
       [2] void PF2e.Log.Warn(object) (F:\dev\Pf2e.Core\Pf2e.Core\Core\Log.cs:23)
       [3] PF2e.Data.EncounterDefinition PF2e.Utilities.EncounterGenerator.GenerateEncounter(PF2e.Data.EncounterDifficulty, int, int, PF2e.Data.EnemyDefinition[], System.Collections.Generic.List`1[System.String], PF2e.Data.HazardDefinition[]) (F:\dev\Pf2e.Core\Pf2e.Core\Utilities\EncounterGenerator.cs:227)
       [4] PF2e.Data.EncounterDefinition Delve.Run.GeneratedEncounters.Generate(Delve.Run.RunState, Delve.Run.MapNode, System.Func`2[Delve.Data.CreatureRef,PF2e.Data.EnemyDefinition], Delve.Run.EncounterGenRules) (G:\Godot\Gamestorming\delve\scripts\run\GeneratedEncounters.cs:119)
       [5] string Delve.Dev.RunEncounterSpike.ComposeAll(Delve.Autoload.DataManager, int, int) (G:\Godot\Gamestorming\delve\scripts\dev\RunEncounterSpike.cs:128)
       [6] void Delve.Dev.RunEncounterSpike.CheckDeterminism(Delve.Autoload.DataManager) (G:\Godot\Gamestorming\delve\scripts\dev\RunEncounterSpike.cs:91)
       [7] System.Threading.Tasks.Task Delve.Dev.RunEncounterSpike.RunSpikeAsync(Delve.Autoload.DataManager) (G:\Godot\Gamestorming\delve\scripts\dev\RunEncounterSpike.cs:40)
       [8] void Delve.Dev.SpikeBase+<RunAsync>d__10.MoveNext() (G:\Godot\Gamestorming\delve\scripts\dev\SpikeBase.cs:53)
       [9] void System.Runtime.CompilerServices.AsyncMethodBuilderCore.Start<TStateMachine>(TStateMachine&)
       [10] System.Threading.Tasks.Task Delve.Dev.SpikeBase.RunAsync()
       [11] void Delve.Dev.SpikeBase._Ready() (G:\Godot\Gamestorming\delve\scripts\dev\SpikeBase.cs:38)
       [12] bool Godot.Node.InvokeGodotClassMethod(Godot.NativeInterop.godot_string_name&, Godot.NativeInterop.NativeVariantPtrArgs, Godot.NativeInterop.godot_variant&) (/root/godot/modules/mono/glue/GodotSharp/GodotSharp/Generated/GodotObjects/Node.cs:2646)
       [13] bool Delve.Dev.SpikeBase.InvokeGodotClassMethod(Godot.NativeInterop.godot_string_name&, Godot.NativeInterop.NativeVariantPtrArgs, Godot.NativeInterop.godot_variant&) (G:\Godot\Gamestorming\delve\.godot\mono\temp\obj\Debug\Godot.SourceGenerators\Godot.SourceGenerators.ScriptMethodsGenerator\Delve.Dev.SpikeBase_ScriptMethods.generated.cs:80)
       [14] bool Delve.Dev.RunEncounterSpike.InvokeGodotClassMethod(Godot.NativeInterop.godot_string_name&, Godot.NativeInterop.NativeVariantPtrArgs, Godot.NativeInterop.godot_variant&) (G:\Godot\Gamestorming\delve\.godot\mono\temp\obj\Debug\Godot.SourceGenerators\Godot.SourceGenerators.ScriptMethodsGenerator\Delve.Dev.RunEncounterSpike_ScriptMethods.generated.cs:140)
       [15] Godot.NativeInterop.godot_bool Godot.Bridge.CSharpInstanceBridge.Call(nint, Godot.NativeInterop.godot_string_name*, Godot.NativeInterop.godot_variant**, int, Godot.NativeInterop.godot_variant_call_error*, Godot.NativeInterop.godot_variant*) (/root/godot/modules/mono/glue/GodotSharp/GodotSharp/Core/Bridge/CSharpInstanceBridge.cs:24)
WARNING: [PF2e WARN] EncounterGenerator: No template could be filled for Lv2 party. Falling back to budget fill.
   at: void Delve.Autoload.DataManager+<>c.<WireLogging>b__27_1(string) (res://scripts/autoload/DataManager.cs:131)
   C# backtrace (most recent call first):
       [0] void Godot.GD.PushWarning(string) (/root/godot/modules/mono/glue/GodotSharp/GodotSharp/Core/GD.cs:396)
       [1] void Delve.Autoload.DataManager+<>c.<WireLogging>b__27_1(string) (G:\Godot\Gamestorming\delve\scripts\autoload\DataManager.cs:131)
       [2] void PF2e.Log.Warn(object) (F:\dev\Pf2e.Core\Pf2e.Core\Core\Log.cs:23)
       [3] PF2e.Data.EncounterDefinition PF2e.Utilities.EncounterGenerator.GenerateEncounter(PF2e.Data.EncounterDifficulty, int, int, PF2e.Data.EnemyDefinition[], System.Collections.Generic.List`1[System.String], PF2e.Data.HazardDefinition[]) (F:\dev\Pf2e.Core\Pf2e.Core\Utilities\EncounterGenerator.cs:227)
       [4] PF2e.Data.EncounterDefinition Delve.Run.GeneratedEncounters.Generate(Delve.Run.RunState, Delve.Run.MapNode, System.Func`2[Delve.Data.CreatureRef,PF2e.Data.EnemyDefinition], Delve.Run.EncounterGenRules) (G:\Godot\Gamestorming\delve\scripts\run\GeneratedEncounters.cs:119)
       [5] string Delve.Dev.RunEncounterSpike.ComposeAll(Delve.Autoload.DataManager, int, int) (G:\Godot\Gamestorming\delve\scripts\dev\RunEncounterSpike.cs:128)
       [6] void Delve.Dev.RunEncounterSpike.CheckDeterminism(Delve.Autoload.DataManager) (G:\Godot\Gamestorming\delve\scripts\dev\RunEncounterSpike.cs:90)
       [7] System.Threading.Tasks.Task Delve.Dev.RunEncounterSpike.RunSpikeAsync(Delve.Autoload.DataManager) (G:\Godot\Gamestorming\delve\scripts\dev\RunEncounterSpike.cs:40)
       [8] void Delve.Dev.SpikeBase+<RunAsync>d__10.MoveNext() (G:\Godot\Gamestorming\delve\scripts\dev\SpikeBase.cs:53)
       [9] void System.Runtime.CompilerServices.AsyncMethodBuilderCore.Start<TStateMachine>(TStateMachine&)
       [10] System.Threading.Tasks.Task Delve.Dev.SpikeBase.RunAsync()
       [11] void Delve.Dev.SpikeBase._Ready() (G:\Godot\Gamestorming\delve\scripts\dev\SpikeBase.cs:38)
       [12] bool Godot.Node.InvokeGodotClassMethod(Godot.NativeInterop.godot_string_name&, Godot.NativeInterop.NativeVariantPtrArgs, Godot.NativeInterop.godot_variant&) (/root/godot/modules/mono/glue/GodotSharp/GodotSharp/Generated/GodotObjects/Node.cs:2646)
       [13] bool Delve.Dev.SpikeBase.InvokeGodotClassMethod(Godot.NativeInterop.godot_string_name&, Godot.NativeInterop.NativeVariantPtrArgs, Godot.NativeInterop.godot_variant&) (G:\Godot\Gamestorming\delve\.godot\mono\temp\obj\Debug\Godot.SourceGenerators\Godot.SourceGenerators.ScriptMethodsGenerator\Delve.Dev.SpikeBase_ScriptMethods.generated.cs:80)
       [14] bool Delve.Dev.RunEncounterSpike.InvokeGodotClassMethod(Godot.NativeInterop.godot_string_name&, Godot.NativeInterop.NativeVariantPtrArgs, Godot.NativeInterop.godot_variant&) (G:\Godot\Gamestorming\delve\.godot\mono\temp\obj\Debug\Godot.SourceGenerators\Godot.SourceGenerators.ScriptMethodsGenerator\Delve.Dev.RunEncounterSpike_ScriptMethods.generated.cs:140)
       [15] Godot.NativeInterop.godot_bool Godot.Bridge.CSharpInstanceBridge.Call(nint, Godot.NativeInterop.godot_string_name*, Godot.NativeInterop.godot_variant**, int, Godot.NativeInterop.godot_variant_call_error*, Godot.NativeInterop.godot_variant*) (/root/godot/modules/mono/glue/GodotSharp/GodotSharp/Core/Bridge/CSharpInstanceBridge.cs:24)
WARNING: [PF2e WARN] EncounterGenerator: No template could be filled for Lv2 party. Falling back to budget fill.
   at: void Delve.Autoload.DataManager+<>c.<WireLogging>b__27_1(string) (res://scripts/autoload/DataManager.cs:131)
   C# backtrace (most recent call first):
       [0] void Godot.GD.PushWarning(string) (/root/godot/modules/mono/glue/GodotSharp/GodotSharp/Core/GD.cs:396)
       [1] void Delve.Autoload.DataManager+<>c.<WireLogging>b__27_1(string) (G:\Godot\Gamestorming\delve\scripts\autoload\DataManager.cs:131)
       [2] void PF2e.Log.Warn(object) (F:\dev\Pf2e.Core\Pf2e.Core\Core\Log.cs:23)
       [3] PF2e.Data.EncounterDefinition PF2e.Utilities.EncounterGenerator.GenerateEncounter(PF2e.Data.EncounterDifficulty, int, int, PF2e.Data.EnemyDefinition[], System.Collections.Generic.List`1[System.String], PF2e.Data.HazardDefinition[]) (F:\dev\Pf2e.Core\Pf2e.Core\Utilities\EncounterGenerator.cs:227)
       [4] PF2e.Data.EncounterDefinition Delve.Run.GeneratedEncounters.Generate(Delve.Run.RunState, Delve.Run.MapNode, System.Func`2[Delve.Data.CreatureRef,PF2e.Data.EnemyDefinition], Delve.Run.EncounterGenRules) (G:\Godot\Gamestorming\delve\scripts\run\GeneratedEncounters.cs:119)
       [5] string Delve.Dev.RunEncounterSpike.ComposeAll(Delve.Autoload.DataManager, int, int) (G:\Godot\Gamestorming\delve\scripts\dev\RunEncounterSpike.cs:128)
       [6] void Delve.Dev.RunEncounterSpike.CheckDeterminism(Delve.Autoload.DataManager) (G:\Godot\Gamestorming\delve\scripts\dev\RunEncounterSpike.cs:90)
       [7] System.Threading.Tasks.Task Delve.Dev.RunEncounterSpike.RunSpikeAsync(Delve.Autoload.DataManager) (G:\Godot\Gamestorming\delve\scripts\dev\RunEncounterSpike.cs:40)
       [8] void Delve.Dev.SpikeBase+<RunAsync>d__10.MoveNext() (G:\Godot\Gamestorming\delve\scripts\dev\SpikeBase.cs:53)
       [9] void System.Runtime.CompilerServices.AsyncMethodBuilderCore.Start<TStateMachine>(TStateMachine&)
       [10] System.Threading.Tasks.Task Delve.Dev.SpikeBase.RunAsync()
       [11] void Delve.Dev.SpikeBase._Ready() (G:\Godot\Gamestorming\delve\scripts\dev\SpikeBase.cs:38)
       [12] bool Godot.Node.InvokeGodotClassMethod(Godot.NativeInterop.godot_string_name&, Godot.NativeInterop.NativeVariantPtrArgs, Godot.NativeInterop.godot_variant&) (/root/godot/modules/mono/glue/GodotSharp/GodotSharp/Generated/GodotObjects/Node.cs:2646)
       [13] bool Delve.Dev.SpikeBase.InvokeGodotClassMethod(Godot.NativeInterop.godot_string_name&, Godot.NativeInterop.NativeVariantPtrArgs, Godot.NativeInterop.godot_variant&) (G:\Godot\Gamestorming\delve\.godot\mono\temp\obj\Debug\Godot.SourceGenerators\Godot.SourceGenerators.ScriptMethodsGenerator\Delve.Dev.SpikeBase_ScriptMethods.generated.cs:80)
       [14] bool Delve.Dev.RunEncounterSpike.InvokeGodotClassMethod(Godot.NativeInterop.godot_string_name&, Godot.NativeInterop.NativeVariantPtrArgs, Godot.NativeInterop.godot_variant&) (G:\Godot\Gamestorming\delve\.godot\mono\temp\obj\Debug\Godot.SourceGenerators\Godot.SourceGenerators.ScriptMethodsGenerator\Delve.Dev.RunEncounterSpike_ScriptMethods.generated.cs:140)
       [15] Godot.NativeInterop.godot_bool Godot.Bridge.CSharpInstanceBridge.Call(nint, Godot.NativeInterop.godot_string_name*, Godot.NativeInterop.godot_variant**, int, Godot.NativeInterop.godot_variant_call_error*, Godot.NativeInterop.godot_variant*) (/root/godot/modules/mono/glue/GodotSharp/GodotSharp/Core/Bridge/CSharpInstanceBridge.cs:24)
WARNING: [PF2e WARN] EncounterGenerator: No template could be filled for Lv2 party. Falling back to budget fill.
   at: void Delve.Autoload.DataManager+<>c.<WireLogging>b__27_1(string) (res://scripts/autoload/DataManager.cs:131)
   C# backtrace (most recent call first):
       [0] void Godot.GD.PushWarning(string) (/root/godot/modules/mono/glue/GodotSharp/GodotSharp/Core/GD.cs:396)
       [1] void Delve.Autoload.DataManager+<>c.<WireLogging>b__27_1(string) (G:\Godot\Gamestorming\delve\scripts\autoload\DataManager.cs:131)
       [2] void PF2e.Log.Warn(object) (F:\dev\Pf2e.Core\Pf2e.Core\Core\Log.cs:23)
       [3] PF2e.Data.EncounterDefinition PF2e.Utilities.EncounterGenerator.GenerateEncounter(PF2e.Data.EncounterDifficulty, int, int, PF2e.Data.EnemyDefinition[], System.Collections.Generic.List`1[System.String], PF2e.Data.HazardDefinition[]) (F:\dev\Pf2e.Core\Pf2e.Core\Utilities\EncounterGenerator.cs:227)
       [4] PF2e.Data.EncounterDefinition Delve.Run.GeneratedEncounters.Generate(Delve.Run.RunState, Delve.Run.MapNode, System.Func`2[Delve.Data.CreatureRef,PF2e.Data.EnemyDefinition], Delve.Run.EncounterGenRules) (G:\Godot\Gamestorming\delve\scripts\run\GeneratedEncounters.cs:119)
       [5] string Delve.Dev.RunEncounterSpike.ComposeAll(Delve.Autoload.DataManager, int, int) (G:\Godot\Gamestorming\delve\scripts\dev\RunEncounterSpike.cs:128)
       [6] void Delve.Dev.RunEncounterSpike.CheckDeterminism(Delve.Autoload.DataManager) (G:\Godot\Gamestorming\delve\scripts\dev\RunEncounterSpike.cs:90)
       [7] System.Threading.Tasks.Task Delve.Dev.RunEncounterSpike.RunSpikeAsync(Delve.Autoload.DataManager) (G:\Godot\Gamestorming\delve\scripts\dev\RunEncounterSpike.cs:40)
       [8] void Delve.Dev.SpikeBase+<RunAsync>d__10.MoveNext() (G:\Godot\Gamestorming\delve\scripts\dev\SpikeBase.cs:53)
       [9] void System.Runtime.CompilerServices.AsyncMethodBuilderCore.Start<TStateMachine>(TStateMachine&)
       [10] System.Threading.Tasks.Task Delve.Dev.SpikeBase.RunAsync()
       [11] void Delve.Dev.SpikeBase._Ready() (G:\Godot\Gamestorming\delve\scripts\dev\SpikeBase.cs:38)
       [12] bool Godot.Node.InvokeGodotClassMethod(Godot.NativeInterop.godot_string_name&, Godot.NativeInterop.NativeVariantPtrArgs, Godot.NativeInterop.godot_variant&) (/root/godot/modules/mono/glue/GodotSharp/GodotSharp/Generated/GodotObjects/Node.cs:2646)
       [13] bool Delve.Dev.SpikeBase.InvokeGodotClassMethod(Godot.NativeInterop.godot_string_name&, Godot.NativeInterop.NativeVariantPtrArgs, Godot.NativeInterop.godot_variant&) (G:\Godot\Gamestorming\delve\.godot\mono\temp\obj\Debug\Godot.SourceGenerators\Godot.SourceGenerators.ScriptMethodsGenerator\Delve.Dev.SpikeBase_ScriptMethods.generated.cs:80)
       [14] bool Delve.Dev.RunEncounterSpike.InvokeGodotClassMethod(Godot.NativeInterop.godot_string_name&, Godot.NativeInterop.NativeVariantPtrArgs, Godot.NativeInterop.godot_variant&) (G:\Godot\Gamestorming\delve\.godot\mono\temp\obj\Debug\Godot.SourceGenerators\Godot.SourceGenerators.ScriptMethodsGenerator\Delve.Dev.RunEncounterSpike_ScriptMethods.generated.cs:140)
       [15] Godot.NativeInterop.godot_bool Godot.Bridge.CSharpInstanceBridge.Call(nint, Godot.NativeInterop.godot_string_name*, Godot.NativeInterop.godot_variant**, int, Godot.NativeInterop.godot_variant_call_error*, Godot.NativeInterop.godot_variant*) (/root/godot/modules/mono/glue/GodotSharp/GodotSharp/Core/Bridge/CSharpInstanceBridge.cs:24)
WARNING: [PF2e WARN] EncounterGenerator: No template could be filled for Lv2 party. Falling back to budget fill.
   at: void Delve.Autoload.DataManager+<>c.<WireLogging>b__27_1(string) (res://scripts/autoload/DataManager.cs:131)
   C# backtrace (most recent call first):
       [0] void Godot.GD.PushWarning(string) (/root/godot/modules/mono/glue/GodotSharp/GodotSharp/Core/GD.cs:396)
       [1] void Delve.Autoload.DataManager+<>c.<WireLogging>b__27_1(string) (G:\Godot\Gamestorming\delve\scripts\autoload\DataManager.cs:131)
       [2] void PF2e.Log.Warn(object) (F:\dev\Pf2e.Core\Pf2e.Core\Core\Log.cs:23)
       [3] PF2e.Data.EncounterDefinition PF2e.Utilities.EncounterGenerator.GenerateEncounter(PF2e.Data.EncounterDifficulty, int, int, PF2e.Data.EnemyDefinition[], System.Collections.Generic.List`1[System.String], PF2e.Data.HazardDefinition[]) (F:\dev\Pf2e.Core\Pf2e.Core\Utilities\EncounterGenerator.cs:227)
       [4] PF2e.Data.EncounterDefinition Delve.Run.GeneratedEncounters.Generate(Delve.Run.RunState, Delve.Run.MapNode, System.Func`2[Delve.Data.CreatureRef,PF2e.Data.EnemyDefinition], Delve.Run.EncounterGenRules) (G:\Godot\Gamestorming\delve\scripts\run\GeneratedEncounters.cs:119)
       [5] string Delve.Dev.RunEncounterSpike.ComposeAll(Delve.Autoload.DataManager, int, int) (G:\Godot\Gamestorming\delve\scripts\dev\RunEncounterSpike.cs:128)
       [6] void Delve.Dev.RunEncounterSpike.CheckDeterminism(Delve.Autoload.DataManager) (G:\Godot\Gamestorming\delve\scripts\dev\RunEncounterSpike.cs:90)
       [7] System.Threading.Tasks.Task Delve.Dev.RunEncounterSpike.RunSpikeAsync(Delve.Autoload.DataManager) (G:\Godot\Gamestorming\delve\scripts\dev\RunEncounterSpike.cs:40)
       [8] void Delve.Dev.SpikeBase+<RunAsync>d__10.MoveNext() (G:\Godot\Gamestorming\delve\scripts\dev\SpikeBase.cs:53)
       [9] void System.Runtime.CompilerServices.AsyncMethodBuilderCore.Start<TStateMachine>(TStateMachine&)
       [10] System.Threading.Tasks.Task Delve.Dev.SpikeBase.RunAsync()
       [11] void Delve.Dev.SpikeBase._Ready() (G:\Godot\Gamestorming\delve\scripts\dev\SpikeBase.cs:38)
       [12] bool Godot.Node.InvokeGodotClassMethod(Godot.NativeInterop.godot_string_name&, Godot.NativeInterop.NativeVariantPtrArgs, Godot.NativeInterop.godot_variant&) (/root/godot/modules/mono/glue/GodotSharp/GodotSharp/Generated/GodotObjects/Node.cs:2646)
       [13] bool Delve.Dev.SpikeBase.InvokeGodotClassMethod(Godot.NativeInterop.godot_string_name&, Godot.NativeInterop.NativeVariantPtrArgs, Godot.NativeInterop.godot_variant&) (G:\Godot\Gamestorming\delve\.godot\mono\temp\obj\Debug\Godot.SourceGenerators\Godot.SourceGenerators.ScriptMethodsGenerator\Delve.Dev.SpikeBase_ScriptMethods.generated.cs:80)
       [14] bool Delve.Dev.RunEncounterSpike.InvokeGodotClassMethod(Godot.NativeInterop.godot_string_name&, Godot.NativeInterop.NativeVariantPtrArgs, Godot.NativeInterop.godot_variant&) (G:\Godot\Gamestorming\delve\.godot\mono\temp\obj\Debug\Godot.SourceGenerators\Godot.SourceGenerators.ScriptMethodsGenerator\Delve.Dev.RunEncounterSpike_ScriptMethods.generated.cs:140)
       [15] Godot.NativeInterop.godot_bool Godot.Bridge.CSharpInstanceBridge.Call(nint, Godot.NativeInterop.godot_string_name*, Godot.NativeInterop.godot_variant**, int, Godot.NativeInterop.godot_variant_call_error*, Godot.NativeInterop.godot_variant*) (/root/godot/modules/mono/glue/GodotSharp/GodotSharp/Core/Bridge/CSharpInstanceBridge.cs:24)
WARNING: [PF2e WARN] EncounterGenerator: No template could be filled for Lv2 party. Falling back to budget fill.
   at: void Delve.Autoload.DataManager+<>c.<WireLogging>b__27_1(string) (res://scripts/autoload/DataManager.cs:131)
   C# backtrace (most recent call first):
       [0] void Godot.GD.PushWarning(string) (/root/godot/modules/mono/glue/GodotSharp/GodotSharp/Core/GD.cs:396)
       [1] void Delve.Autoload.DataManager+<>c.<WireLogging>b__27_1(string) (G:\Godot\Gamestorming\delve\scripts\autoload\DataManager.cs:131)
       [2] void PF2e.Log.Warn(object) (F:\dev\Pf2e.Core\Pf2e.Core\Core\Log.cs:23)
       [3] PF2e.Data.EncounterDefinition PF2e.Utilities.EncounterGenerator.GenerateEncounter(PF2e.Data.EncounterDifficulty, int, int, PF2e.Data.EnemyDefinition[], System.Collections.Generic.List`1[System.String], PF2e.Data.HazardDefinition[]) (F:\dev\Pf2e.Core\Pf2e.Core\Utilities\EncounterGenerator.cs:227)
       [4] PF2e.Data.EncounterDefinition Delve.Run.GeneratedEncounters.Generate(Delve.Run.RunState, Delve.Run.MapNode, System.Func`2[Delve.Data.CreatureRef,PF2e.Data.EnemyDefinition], Delve.Run.EncounterGenRules) (G:\Godot\Gamestorming\delve\scripts\run\GeneratedEncounters.cs:119)
       [5] string Delve.Dev.RunEncounterSpike.ComposeAll(Delve.Autoload.DataManager, int, int) (G:\Godot\Gamestorming\delve\scripts\dev\RunEncounterSpike.cs:128)
       [6] void Delve.Dev.RunEncounterSpike.CheckDeterminism(Delve.Autoload.DataManager) (G:\Godot\Gamestorming\delve\scripts\dev\RunEncounterSpike.cs:90)
       [7] System.Threading.Tasks.Task Delve.Dev.RunEncounterSpike.RunSpikeAsync(Delve.Autoload.DataManager) (G:\Godot\Gamestorming\delve\scripts\dev\RunEncounterSpike.cs:40)
       [8] void Delve.Dev.SpikeBase+<RunAsync>d__10.MoveNext() (G:\Godot\Gamestorming\delve\scripts\dev\SpikeBase.cs:53)
       [9] void System.Runtime.CompilerServices.AsyncMethodBuilderCore.Start<TStateMachine>(TStateMachine&)
       [10] System.Threading.Tasks.Task Delve.Dev.SpikeBase.RunAsync()
       [11] void Delve.Dev.SpikeBase._Ready() (G:\Godot\Gamestorming\delve\scripts\dev\SpikeBase.cs:38)
       [12] bool Godot.Node.InvokeGodotClassMethod(Godot.NativeInterop.godot_string_name&, Godot.NativeInterop.NativeVariantPtrArgs, Godot.NativeInterop.godot_variant&) (/root/godot/modules/mono/glue/GodotSharp/GodotSharp/Generated/GodotObjects/Node.cs:2646)
       [13] bool Delve.Dev.SpikeBase.InvokeGodotClassMethod(Godot.NativeInterop.godot_string_name&, Godot.NativeInterop.NativeVariantPtrArgs, Godot.NativeInterop.godot_variant&) (G:\Godot\Gamestorming\delve\.godot\mono\temp\obj\Debug\Godot.SourceGenerators\Godot.SourceGenerators.ScriptMethodsGenerator\Delve.Dev.SpikeBase_ScriptMethods.generated.cs:80)
       [14] bool Delve.Dev.RunEncounterSpike.InvokeGodotClassMethod(Godot.NativeInterop.godot_string_name&, Godot.NativeInterop.NativeVariantPtrArgs, Godot.NativeInterop.godot_variant&) (G:\Godot\Gamestorming\delve\.godot\mono\temp\obj\Debug\Godot.SourceGenerators\Godot.SourceGenerators.ScriptMethodsGenerator\Delve.Dev.RunEncounterSpike_ScriptMethods.generated.cs:140)
       [15] Godot.NativeInterop.godot_bool Godot.Bridge.CSharpInstanceBridge.Call(nint, Godot.NativeInterop.godot_string_name*, Godot.NativeInterop.godot_variant**, int, Godot.NativeInterop.godot_variant_call_error*, Godot.NativeInterop.godot_variant*) (/root/godot/modules/mono/glue/GodotSharp/GodotSharp/Core/Bridge/CSharpInstanceBridge.cs:24)
WARNING: [PF2e WARN] EncounterGenerator: No template could be filled for Lv2 party. Falling back to budget fill.
   at: void Delve.Autoload.DataManager+<>c.<WireLogging>b__27_1(string) (res://scripts/autoload/DataManager.cs:131)
   C# backtrace (most recent call first):
       [0] void Godot.GD.PushWarning(string) (/root/godot/modules/mono/glue/GodotSharp/GodotSharp/Core/GD.cs:396)
       [1] void Delve.Autoload.DataManager+<>c.<WireLogging>b__27_1(string) (G:\Godot\Gamestorming\delve\scripts\autoload\DataManager.cs:131)
       [2] void PF2e.Log.Warn(object) (F:\dev\Pf2e.Core\Pf2e.Core\Core\Log.cs:23)
       [3] PF2e.Data.EncounterDefinition PF2e.Utilities.EncounterGenerator.GenerateEncounter(PF2e.Data.EncounterDifficulty, int, int, PF2e.Data.EnemyDefinition[], System.Collections.Generic.List`1[System.String], PF2e.Data.HazardDefinition[]) (F:\dev\Pf2e.Core\Pf2e.Core\Utilities\EncounterGenerator.cs:227)
       [4] PF2e.Data.EncounterDefinition Delve.Run.GeneratedEncounters.Generate(Delve.Run.RunState, Delve.Run.MapNode, System.Func`2[Delve.Data.CreatureRef,PF2e.Data.EnemyDefinition], Delve.Run.EncounterGenRules) (G:\Godot\Gamestorming\delve\scripts\run\GeneratedEncounters.cs:119)
       [5] string Delve.Dev.RunEncounterSpike.ComposeAll(Delve.Autoload.DataManager, int, int) (G:\Godot\Gamestorming\delve\scripts\dev\RunEncounterSpike.cs:128)
       [6] void Delve.Dev.RunEncounterSpike.CheckDeterminism(Delve.Autoload.DataManager) (G:\Godot\Gamestorming\delve\scripts\dev\RunEncounterSpike.cs:91)
       [7] System.Threading.Tasks.Task Delve.Dev.RunEncounterSpike.RunSpikeAsync(Delve.Autoload.DataManager) (G:\Godot\Gamestorming\delve\scripts\dev\RunEncounterSpike.cs:40)
       [8] void Delve.Dev.SpikeBase+<RunAsync>d__10.MoveNext() (G:\Godot\Gamestorming\delve\scripts\dev\SpikeBase.cs:53)
       [9] void System.Runtime.CompilerServices.AsyncMethodBuilderCore.Start<TStateMachine>(TStateMachine&)
       [10] System.Threading.Tasks.Task Delve.Dev.SpikeBase.RunAsync()
       [11] void Delve.Dev.SpikeBase._Ready() (G:\Godot\Gamestorming\delve\scripts\dev\SpikeBase.cs:38)
       [12] bool Godot.Node.InvokeGodotClassMethod(Godot.NativeInterop.godot_string_name&, Godot.NativeInterop.NativeVariantPtrArgs, Godot.NativeInterop.godot_variant&) (/root/godot/modules/mono/glue/GodotSharp/GodotSharp/Generated/GodotObjects/Node.cs:2646)
       [13] bool Delve.Dev.SpikeBase.InvokeGodotClassMethod(Godot.NativeInterop.godot_string_name&, Godot.NativeInterop.NativeVariantPtrArgs, Godot.NativeInterop.godot_variant&) (G:\Godot\Gamestorming\delve\.godot\mono\temp\obj\Debug\Godot.SourceGenerators\Godot.SourceGenerators.ScriptMethodsGenerator\Delve.Dev.SpikeBase_ScriptMethods.generated.cs:80)
       [14] bool Delve.Dev.RunEncounterSpike.InvokeGodotClassMethod(Godot.NativeInterop.godot_string_name&, Godot.NativeInterop.NativeVariantPtrArgs, Godot.NativeInterop.godot_variant&) (G:\Godot\Gamestorming\delve\.godot\mono\temp\obj\Debug\Godot.SourceGenerators\Godot.SourceGenerators.ScriptMethodsGenerator\Delve.Dev.RunEncounterSpike_ScriptMethods.generated.cs:140)
       [15] Godot.NativeInterop.godot_bool Godot.Bridge.CSharpInstanceBridge.Call(nint, Godot.NativeInterop.godot_string_name*, Godot.NativeInterop.godot_variant**, int, Godot.NativeInterop.godot_variant_call_error*, Godot.NativeInterop.godot_variant*) (/root/godot/modules/mono/glue/GodotSharp/GodotSharp/Core/Bridge/CSharpInstanceBridge.cs:24)
WARNING: [PF2e WARN] EncounterGenerator: No template could be filled for Lv2 party. Falling back to budget fill.
   at: void Delve.Autoload.DataManager+<>c.<WireLogging>b__27_1(string) (res://scripts/autoload/DataManager.cs:131)
   C# backtrace (most recent call first):
       [0] void Godot.GD.PushWarning(string) (/root/godot/modules/mono/glue/GodotSharp/GodotSharp/Core/GD.cs:396)
       [1] void Delve.Autoload.DataManager+<>c.<WireLogging>b__27_1(string) (G:\Godot\Gamestorming\delve\scripts\autoload\DataManager.cs:131)
       [2] void PF2e.Log.Warn(object) (F:\dev\Pf2e.Core\Pf2e.Core\Core\Log.cs:23)
       [3] PF2e.Data.EncounterDefinition PF2e.Utilities.EncounterGenerator.GenerateEncounter(PF2e.Data.EncounterDifficulty, int, int, PF2e.Data.EnemyDefinition[], System.Collections.Generic.List`1[System.String], PF2e.Data.HazardDefinition[]) (F:\dev\Pf2e.Core\Pf2e.Core\Utilities\EncounterGenerator.cs:227)
       [4] PF2e.Data.EncounterDefinition Delve.Run.GeneratedEncounters.Generate(Delve.Run.RunState, Delve.Run.MapNode, System.Func`2[Delve.Data.CreatureRef,PF2e.Data.EnemyDefinition], Delve.Run.EncounterGenRules) (G:\Godot\Gamestorming\delve\scripts\run\GeneratedEncounters.cs:119)
       [5] string Delve.Dev.RunEncounterSpike.ComposeAll(Delve.Autoload.DataManager, int, int) (G:\Godot\Gamestorming\delve\scripts\dev\RunEncounterSpike.cs:128)
       [6] void Delve.Dev.RunEncounterSpike.CheckDeterminism(Delve.Autoload.DataManager) (G:\Godot\Gamestorming\delve\scripts\dev\RunEncounterSpike.cs:91)
       [7] System.Threading.Tasks.Task Delve.Dev.RunEncounterSpike.RunSpikeAsync(Delve.Autoload.DataManager) (G:\Godot\Gamestorming\delve\scripts\dev\RunEncounterSpike.cs:40)
       [8] void Delve.Dev.SpikeBase+<RunAsync>d__10.MoveNext() (G:\Godot\Gamestorming\delve\scripts\dev\SpikeBase.cs:53)
       [9] void System.Runtime.CompilerServices.AsyncMethodBuilderCore.Start<TStateMachine>(TStateMachine&)
       [10] System.Threading.Tasks.Task Delve.Dev.SpikeBase.RunAsync()
       [11] void Delve.Dev.SpikeBase._Ready() (G:\Godot\Gamestorming\delve\scripts\dev\SpikeBase.cs:38)
       [12] bool Godot.Node.InvokeGodotClassMethod(Godot.NativeInterop.godot_string_name&, Godot.NativeInterop.NativeVariantPtrArgs, Godot.NativeInterop.godot_variant&) (/root/godot/modules/mono/glue/GodotSharp/GodotSharp/Generated/GodotObjects/Node.cs:2646)
       [13] bool Delve.Dev.SpikeBase.InvokeGodotClassMethod(Godot.NativeInterop.godot_string_name&, Godot.NativeInterop.NativeVariantPtrArgs, Godot.NativeInterop.godot_variant&) (G:\Godot\Gamestorming\delve\.godot\mono\temp\obj\Debug\Godot.SourceGenerators\Godot.SourceGenerators.ScriptMethodsGenerator\Delve.Dev.SpikeBase_ScriptMethods.generated.cs:80)
       [14] bool Delve.Dev.RunEncounterSpike.InvokeGodotClassMethod(Godot.NativeInterop.godot_string_name&, Godot.NativeInterop.NativeVariantPtrArgs, Godot.NativeInterop.godot_variant&) (G:\Godot\Gamestorming\delve\.godot\mono\temp\obj\Debug\Godot.SourceGenerators\Godot.SourceGenerators.ScriptMethodsGenerator\Delve.Dev.RunEncounterSpike_ScriptMethods.generated.cs:140)
       [15] Godot.NativeInterop.godot_bool Godot.Bridge.CSharpInstanceBridge.Call(nint, Godot.NativeInterop.godot_string_name*, Godot.NativeInterop.godot_variant**, int, Godot.NativeInterop.godot_variant_call_error*, Godot.NativeInterop.godot_variant*) (/root/godot/modules/mono/glue/GodotSharp/GodotSharp/Core/Bridge/CSharpInstanceBridge.cs:24)
WARNING: [PF2e WARN] EncounterGenerator: No template could be filled for Lv2 party. Falling back to budget fill.
   at: void Delve.Autoload.DataManager+<>c.<WireLogging>b__27_1(string) (res://scripts/autoload/DataManager.cs:131)
   C# backtrace (most recent call first):
       [0] void Godot.GD.PushWarning(string) (/root/godot/modules/mono/glue/GodotSharp/GodotSharp/Core/GD.cs:396)
       [1] void Delve.Autoload.DataManager+<>c.<WireLogging>b__27_1(string) (G:\Godot\Gamestorming\delve\scripts\autoload\DataManager.cs:131)
       [2] void PF2e.Log.Warn(object) (F:\dev\Pf2e.Core\Pf2e.Core\Core\Log.cs:23)
       [3] PF2e.Data.EncounterDefinition PF2e.Utilities.EncounterGenerator.GenerateEncounter(PF2e.Data.EncounterDifficulty, int, int, PF2e.Data.EnemyDefinition[], System.Collections.Generic.List`1[System.String], PF2e.Data.HazardDefinition[]) (F:\dev\Pf2e.Core\Pf2e.Core\Utilities\EncounterGenerator.cs:227)
       [4] PF2e.Data.EncounterDefinition Delve.Run.GeneratedEncounters.Generate(Delve.Run.RunState, Delve.Run.MapNode, System.Func`2[Delve.Data.CreatureRef,PF2e.Data.EnemyDefinition], Delve.Run.EncounterGenRules) (G:\Godot\Gamestorming\delve\scripts\run\GeneratedEncounters.cs:119)
       [5] string Delve.Dev.RunEncounterSpike.ComposeAll(Delve.Autoload.DataManager, int, int) (G:\Godot\Gamestorming\delve\scripts\dev\RunEncounterSpike.cs:128)
       [6] void Delve.Dev.RunEncounterSpike.CheckDeterminism(Delve.Autoload.DataManager) (G:\Godot\Gamestorming\delve\scripts\dev\RunEncounterSpike.cs:91)
       [7] System.Threading.Tasks.Task Delve.Dev.RunEncounterSpike.RunSpikeAsync(Delve.Autoload.DataManager) (G:\Godot\Gamestorming\delve\scripts\dev\RunEncounterSpike.cs:40)
       [8] void Delve.Dev.SpikeBase+<RunAsync>d__10.MoveNext() (G:\Godot\Gamestorming\delve\scripts\dev\SpikeBase.cs:53)
       [9] void System.Runtime.CompilerServices.AsyncMethodBuilderCore.Start<TStateMachine>(TStateMachine&)
       [10] System.Threading.Tasks.Task Delve.Dev.SpikeBase.RunAsync()
       [11] void Delve.Dev.SpikeBase._Ready() (G:\Godot\Gamestorming\delve\scripts\dev\SpikeBase.cs:38)
       [12] bool Godot.Node.InvokeGodotClassMethod(Godot.NativeInterop.godot_string_name&, Godot.NativeInterop.NativeVariantPtrArgs, Godot.NativeInterop.godot_variant&) (/root/godot/modules/mono/glue/GodotSharp/GodotSharp/Generated/GodotObjects/Node.cs:2646)
       [13] bool Delve.Dev.SpikeBase.InvokeGodotClassMethod(Godot.NativeInterop.godot_string_name&, Godot.NativeInterop.NativeVariantPtrArgs, Godot.NativeInterop.godot_variant&) (G:\Godot\Gamestorming\delve\.godot\mono\temp\obj\Debug\Godot.SourceGenerators\Godot.SourceGenerators.ScriptMethodsGenerator\Delve.Dev.SpikeBase_ScriptMethods.generated.cs:80)
       [14] bool Delve.Dev.RunEncounterSpike.InvokeGodotClassMethod(Godot.NativeInterop.godot_string_name&, Godot.NativeInterop.NativeVariantPtrArgs, Godot.NativeInterop.godot_variant&) (G:\Godot\Gamestorming\delve\.godot\mono\temp\obj\Debug\Godot.SourceGenerators\Godot.SourceGenerators.ScriptMethodsGenerator\Delve.Dev.RunEncounterSpike_ScriptMethods.generated.cs:140)
       [15] Godot.NativeInterop.godot_bool Godot.Bridge.CSharpInstanceBridge.Call(nint, Godot.NativeInterop.godot_string_name*, Godot.NativeInterop.godot_variant**, int, Godot.NativeInterop.godot_variant_call_error*, Godot.NativeInterop.godot_variant*) (/root/godot/modules/mono/glue/GodotSharp/GodotSharp/Core/Bridge/CSharpInstanceBridge.cs:24)
WARNING: [PF2e WARN] EncounterGenerator: No template could be filled for Lv2 party. Falling back to budget fill.
   at: void Delve.Autoload.DataManager+<>c.<WireLogging>b__27_1(string) (res://scripts/autoload/DataManager.cs:131)
   C# backtrace (most recent call first):
       [0] void Godot.GD.PushWarning(string) (/root/godot/modules/mono/glue/GodotSharp/GodotSharp/Core/GD.cs:396)
       [1] void Delve.Autoload.DataManager+<>c.<WireLogging>b__27_1(string) (G:\Godot\Gamestorming\delve\scripts\autoload\DataManager.cs:131)
       [2] void PF2e.Log.Warn(object) (F:\dev\Pf2e.Core\Pf2e.Core\Core\Log.cs:23)
       [3] PF2e.Data.EncounterDefinition PF2e.Utilities.EncounterGenerator.GenerateEncounter(PF2e.Data.EncounterDifficulty, int, int, PF2e.Data.EnemyDefinition[], System.Collections.Generic.List`1[System.String], PF2e.Data.HazardDefinition[]) (F:\dev\Pf2e.Core\Pf2e.Core\Utilities\EncounterGenerator.cs:227)
       [4] PF2e.Data.EncounterDefinition Delve.Run.GeneratedEncounters.Generate(Delve.Run.RunState, Delve.Run.MapNode, System.Func`2[Delve.Data.CreatureRef,PF2e.Data.EnemyDefinition], Delve.Run.EncounterGenRules) (G:\Godot\Gamestorming\delve\scripts\run\GeneratedEncounters.cs:119)
       [5] string Delve.Dev.RunEncounterSpike.ComposeAll(Delve.Autoload.DataManager, int, int) (G:\Godot\Gamestorming\delve\scripts\dev\RunEncounterSpike.cs:128)
       [6] void Delve.Dev.RunEncounterSpike.CheckDeterminism(Delve.Autoload.DataManager) (G:\Godot\Gamestorming\delve\scripts\dev\RunEncounterSpike.cs:91)
       [7] System.Threading.Tasks.Task Delve.Dev.RunEncounterSpike.RunSpikeAsync(Delve.Autoload.DataManager) (G:\Godot\Gamestorming\delve\scripts\dev\RunEncounterSpike.cs:40)
       [8] void Delve.Dev.SpikeBase+<RunAsync>d__10.MoveNext() (G:\Godot\Gamestorming\delve\scripts\dev\SpikeBase.cs:53)
       [9] void System.Runtime.CompilerServices.AsyncMethodBuilderCore.Start<TStateMachine>(TStateMachine&)
       [10] System.Threading.Tasks.Task Delve.Dev.SpikeBase.RunAsync()
       [11] void Delve.Dev.SpikeBase._Ready() (G:\Godot\Gamestorming\delve\scripts\dev\SpikeBase.cs:38)
       [12] bool Godot.Node.InvokeGodotClassMethod(Godot.NativeInterop.godot_string_name&, Godot.NativeInterop.NativeVariantPtrArgs, Godot.NativeInterop.godot_variant&) (/root/godot/modules/mono/glue/GodotSharp/GodotSharp/Generated/GodotObjects/Node.cs:2646)
       [13] bool Delve.Dev.SpikeBase.InvokeGodotClassMethod(Godot.NativeInterop.godot_string_name&, Godot.NativeInterop.NativeVariantPtrArgs, Godot.NativeInterop.godot_variant&) (G:\Godot\Gamestorming\delve\.godot\mono\temp\obj\Debug\Godot.SourceGenerators\Godot.SourceGenerators.ScriptMethodsGenerator\Delve.Dev.SpikeBase_ScriptMethods.generated.cs:80)
       [14] bool Delve.Dev.RunEncounterSpike.InvokeGodotClassMethod(Godot.NativeInterop.godot_string_name&, Godot.NativeInterop.NativeVariantPtrArgs, Godot.NativeInterop.godot_variant&) (G:\Godot\Gamestorming\delve\.godot\mono\temp\obj\Debug\Godot.SourceGenerators\Godot.SourceGenerators.ScriptMethodsGenerator\Delve.Dev.RunEncounterSpike_ScriptMethods.generated.cs:140)
       [15] Godot.NativeInterop.godot_bool Godot.Bridge.CSharpInstanceBridge.Call(nint, Godot.NativeInterop.godot_string_name*, Godot.NativeInterop.godot_variant**, int, Godot.NativeInterop.godot_variant_call_error*, Godot.NativeInterop.godot_variant*) (/root/godot/modules/mono/glue/GodotSharp/GodotSharp/Core/Bridge/CSharpInstanceBridge.cs:24)
WARNING: [PF2e WARN] EncounterGenerator: No template could be filled for Lv2 party. Falling back to budget fill.
   at: void Delve.Autoload.DataManager+<>c.<WireLogging>b__27_1(string) (res://scripts/autoload/DataManager.cs:131)
   C# backtrace (most recent call first):
       [0] void Godot.GD.PushWarning(string) (/root/godot/modules/mono/glue/GodotSharp/GodotSharp/Core/GD.cs:396)
       [1] void Delve.Autoload.DataManager+<>c.<WireLogging>b__27_1(string) (G:\Godot\Gamestorming\delve\scripts\autoload\DataManager.cs:131)
       [2] void PF2e.Log.Warn(object) (F:\dev\Pf2e.Core\Pf2e.Core\Core\Log.cs:23)
       [3] PF2e.Data.EncounterDefinition PF2e.Utilities.EncounterGenerator.GenerateEncounter(PF2e.Data.EncounterDifficulty, int, int, PF2e.Data.EnemyDefinition[], System.Collections.Generic.List`1[System.String], PF2e.Data.HazardDefinition[]) (F:\dev\Pf2e.Core\Pf2e.Core\Utilities\EncounterGenerator.cs:227)
       [4] PF2e.Data.EncounterDefinition Delve.Run.GeneratedEncounters.Generate(Delve.Run.RunState, Delve.Run.MapNode, System.Func`2[Delve.Data.CreatureRef,PF2e.Data.EnemyDefinition], Delve.Run.EncounterGenRules) (G:\Godot\Gamestorming\delve\scripts\run\GeneratedEncounters.cs:119)
       [5] string Delve.Dev.RunEncounterSpike.ComposeAll(Delve.Autoload.DataManager, int, int) (G:\Godot\Gamestorming\delve\scripts\dev\RunEncounterSpike.cs:128)
       [6] void Delve.Dev.RunEncounterSpike.CheckDeterminism(Delve.Autoload.DataManager) (G:\Godot\Gamestorming\delve\scripts\dev\RunEncounterSpike.cs:91)
       [7] System.Threading.Tasks.Task Delve.Dev.RunEncounterSpike.RunSpikeAsync(Delve.Autoload.DataManager) (G:\Godot\Gamestorming\delve\scripts\dev\RunEncounterSpike.cs:40)
       [8] void Delve.Dev.SpikeBase+<RunAsync>d__10.MoveNext() (G:\Godot\Gamestorming\delve\scripts\dev\SpikeBase.cs:53)
       [9] void System.Runtime.CompilerServices.AsyncMethodBuilderCore.Start<TStateMachine>(TStateMachine&)
       [10] System.Threading.Tasks.Task Delve.Dev.SpikeBase.RunAsync()
       [11] void Delve.Dev.SpikeBase._Ready() (G:\Godot\Gamestorming\delve\scripts\dev\SpikeBase.cs:38)
       [12] bool Godot.Node.InvokeGodotClassMethod(Godot.NativeInterop.godot_string_name&, Godot.NativeInterop.NativeVariantPtrArgs, Godot.NativeInterop.godot_variant&) (/root/godot/modules/mono/glue/GodotSharp/GodotSharp/Generated/GodotObjects/Node.cs:2646)
       [13] bool Delve.Dev.SpikeBase.InvokeGodotClassMethod(Godot.NativeInterop.godot_string_name&, Godot.NativeInterop.NativeVariantPtrArgs, Godot.NativeInterop.godot_variant&) (G:\Godot\Gamestorming\delve\.godot\mono\temp\obj\Debug\Godot.SourceGenerators\Godot.SourceGenerators.ScriptMethodsGenerator\Delve.Dev.SpikeBase_ScriptMethods.generated.cs:80)
       [14] bool Delve.Dev.RunEncounterSpike.InvokeGodotClassMethod(Godot.NativeInterop.godot_string_name&, Godot.NativeInterop.NativeVariantPtrArgs, Godot.NativeInterop.godot_variant&) (G:\Godot\Gamestorming\delve\.godot\mono\temp\obj\Debug\Godot.SourceGenerators\Godot.SourceGenerators.ScriptMethodsGenerator\Delve.Dev.RunEncounterSpike_ScriptMethods.generated.cs:140)
       [15] Godot.NativeInterop.godot_bool Godot.Bridge.CSharpInstanceBridge.Call(nint, Godot.NativeInterop.godot_string_name*, Godot.NativeInterop.godot_variant**, int, Godot.NativeInterop.godot_variant_call_error*, Godot.NativeInterop.godot_variant*) (/root/godot/modules/mono/glue/GodotSharp/GodotSharp/Core/Bridge/CSharpInstanceBridge.cs:24)
  [PASS] (3 seeds) the same seed composes the identical encounters across floors
  [PASS] different seeds compose different encounters
  [PASS] descending regenerates a different map, deterministically
WARNING: [PF2e WARN] EncounterGenerator: No template could be filled for Lv2 party. Falling back to budget fill.
   at: void Delve.Autoload.DataManager+<>c.<WireLogging>b__27_1(string) (res://scripts/autoload/DataManager.cs:131)
   C# backtrace (most recent call first):
       [0] void Godot.GD.PushWarning(string) (/root/godot/modules/mono/glue/GodotSharp/GodotSharp/Core/GD.cs:396)
       [1] void Delve.Autoload.DataManager+<>c.<WireLogging>b__27_1(string) (G:\Godot\Gamestorming\delve\scripts\autoload\DataManager.cs:131)
       [2] void PF2e.Log.Warn(object) (F:\dev\Pf2e.Core\Pf2e.Core\Core\Log.cs:23)
       [3] PF2e.Data.EncounterDefinition PF2e.Utilities.EncounterGenerator.GenerateEncounter(PF2e.Data.EncounterDifficulty, int, int, PF2e.Data.EnemyDefinition[], System.Collections.Generic.List`1[System.String], PF2e.Data.HazardDefinition[]) (F:\dev\Pf2e.Core\Pf2e.Core\Utilities\EncounterGenerator.cs:227)
       [4] PF2e.Data.EncounterDefinition Delve.Run.GeneratedEncounters.Generate(Delve.Run.RunState, Delve.Run.MapNode, System.Func`2[Delve.Data.CreatureRef,PF2e.Data.EnemyDefinition], Delve.Run.EncounterGenRules) (G:\Godot\Gamestorming\delve\scripts\run\GeneratedEncounters.cs:119)
       [5] void Delve.Dev.RunEncounterSpike.CheckSweep(Delve.Autoload.DataManager) (G:\Godot\Gamestorming\delve\scripts\dev\RunEncounterSpike.cs:178)
       [6] System.Threading.Tasks.Task Delve.Dev.RunEncounterSpike.RunSpikeAsync(Delve.Autoload.DataManager) (G:\Godot\Gamestorming\delve\scripts\dev\RunEncounterSpike.cs:41)
       [7] void Delve.Dev.SpikeBase+<RunAsync>d__10.MoveNext() (G:\Godot\Gamestorming\delve\scripts\dev\SpikeBase.cs:53)
       [8] void System.Runtime.CompilerServices.AsyncMethodBuilderCore.Start<TStateMachine>(TStateMachine&)
       [9] System.Threading.Tasks.Task Delve.Dev.SpikeBase.RunAsync()
       [10] void Delve.Dev.SpikeBase._Ready() (G:\Godot\Gamestorming\delve\scripts\dev\SpikeBase.cs:38)
       [11] bool Godot.Node.InvokeGodotClassMethod(Godot.NativeInterop.godot_string_name&, Godot.NativeInterop.NativeVariantPtrArgs, Godot.NativeInterop.godot_variant&) (/root/godot/modules/mono/glue/GodotSharp/GodotSharp/Generated/GodotObjects/Node.cs:2646)
       [12] bool Delve.Dev.SpikeBase.InvokeGodotClassMethod(Godot.NativeInterop.godot_string_name&, Godot.NativeInterop.NativeVariantPtrArgs, Godot.NativeInterop.godot_variant&) (G:\Godot\Gamestorming\delve\.godot\mono\temp\obj\Debug\Godot.SourceGenerators\Godot.SourceGenerators.ScriptMethodsGenerator\Delve.Dev.SpikeBase_ScriptMethods.generated.cs:80)
       [13] bool Delve.Dev.RunEncounterSpike.InvokeGodotClassMethod(Godot.NativeInterop.godot_string_name&, Godot.NativeInterop.NativeVariantPtrArgs, Godot.NativeInterop.godot_variant&) (G:\Godot\Gamestorming\delve\.godot\mono\temp\obj\Debug\Godot.SourceGenerators\Godot.SourceGenerators.ScriptMethodsGenerator\Delve.Dev.RunEncounterSpike_ScriptMethods.generated.cs:140)
       [14] Godot.NativeInterop.godot_bool Godot.Bridge.CSharpInstanceBridge.Call(nint, Godot.NativeInterop.godot_string_name*, Godot.NativeInterop.godot_variant**, int, Godot.NativeInterop.godot_variant_call_error*, Godot.NativeInterop.godot_variant*) (/root/godot/modules/mono/glue/GodotSharp/GodotSharp/Core/Bridge/CSharpInstanceBridge.cs:24)
WARNING: [PF2e WARN] EncounterGenerator: No template could be filled for Lv2 party. Falling back to budget fill.
   at: void Delve.Autoload.DataManager+<>c.<WireLogging>b__27_1(string) (res://scripts/autoload/DataManager.cs:131)
   C# backtrace (most recent call first):
       [0] void Godot.GD.PushWarning(string) (/root/godot/modules/mono/glue/GodotSharp/GodotSharp/Core/GD.cs:396)
       [1] void Delve.Autoload.DataManager+<>c.<WireLogging>b__27_1(string) (G:\Godot\Gamestorming\delve\scripts\autoload\DataManager.cs:131)
       [2] void PF2e.Log.Warn(object) (F:\dev\Pf2e.Core\Pf2e.Core\Core\Log.cs:23)
       [3] PF2e.Data.EncounterDefinition PF2e.Utilities.EncounterGenerator.GenerateEncounter(PF2e.Data.EncounterDifficulty, int, int, PF2e.Data.EnemyDefinition[], System.Collections.Generic.List`1[System.String], PF2e.Data.HazardDefinition[]) (F:\dev\Pf2e.Core\Pf2e.Core\Utilities\EncounterGenerator.cs:227)
       [4] PF2e.Data.EncounterDefinition Delve.Run.GeneratedEncounters.Generate(Delve.Run.RunState, Delve.Run.MapNode, System.Func`2[Delve.Data.CreatureRef,PF2e.Data.EnemyDefinition], Delve.Run.EncounterGenRules) (G:\Godot\Gamestorming\delve\scripts\run\GeneratedEncounters.cs:119)
       [5] void Delve.Dev.RunEncounterSpike.CheckSweep(Delve.Autoload.DataManager) (G:\Godot\Gamestorming\delve\scripts\dev\RunEncounterSpike.cs:178)
       [6] System.Threading.Tasks.Task Delve.Dev.RunEncounterSpike.RunSpikeAsync(Delve.Autoload.DataManager) (G:\Godot\Gamestorming\delve\scripts\dev\RunEncounterSpike.cs:41)
       [7] void Delve.Dev.SpikeBase+<RunAsync>d__10.MoveNext() (G:\Godot\Gamestorming\delve\scripts\dev\SpikeBase.cs:53)
       [8] void System.Runtime.CompilerServices.AsyncMethodBuilderCore.Start<TStateMachine>(TStateMachine&)
       [9] System.Threading.Tasks.Task Delve.Dev.SpikeBase.RunAsync()
       [10] void Delve.Dev.SpikeBase._Ready() (G:\Godot\Gamestorming\delve\scripts\dev\SpikeBase.cs:38)
       [11] bool Godot.Node.InvokeGodotClassMethod(Godot.NativeInterop.godot_string_name&, Godot.NativeInterop.NativeVariantPtrArgs, Godot.NativeInterop.godot_variant&) (/root/godot/modules/mono/glue/GodotSharp/GodotSharp/Generated/GodotObjects/Node.cs:2646)
       [12] bool Delve.Dev.SpikeBase.InvokeGodotClassMethod(Godot.NativeInterop.godot_string_name&, Godot.NativeInterop.NativeVariantPtrArgs, Godot.NativeInterop.godot_variant&) (G:\Godot\Gamestorming\delve\.godot\mono\temp\obj\Debug\Godot.SourceGenerators\Godot.SourceGenerators.ScriptMethodsGenerator\Delve.Dev.SpikeBase_ScriptMethods.generated.cs:80)
       [13] bool Delve.Dev.RunEncounterSpike.InvokeGodotClassMethod(Godot.NativeInterop.godot_string_name&, Godot.NativeInterop.NativeVariantPtrArgs, Godot.NativeInterop.godot_variant&) (G:\Godot\Gamestorming\delve\.godot\mono\temp\obj\Debug\Godot.SourceGenerators\Godot.SourceGenerators.ScriptMethodsGenerator\Delve.Dev.RunEncounterSpike_ScriptMethods.generated.cs:140)
       [14] Godot.NativeInterop.godot_bool Godot.Bridge.CSharpInstanceBridge.Call(nint, Godot.NativeInterop.godot_string_name*, Godot.NativeInterop.godot_variant**, int, Godot.NativeInterop.godot_variant_call_error*, Godot.NativeInterop.godot_variant*) (/root/godot/modules/mono/glue/GodotSharp/GodotSharp/Core/Bridge/CSharpInstanceBridge.cs:24)
WARNING: [PF2e WARN] EncounterGenerator: No template could be filled for Lv2 party. Falling back to budget fill.
   at: void Delve.Autoload.DataManager+<>c.<WireLogging>b__27_1(string) (res://scripts/autoload/DataManager.cs:131)
   C# backtrace (most recent call first):
       [0] void Godot.GD.PushWarning(string) (/root/godot/modules/mono/glue/GodotSharp/GodotSharp/Core/GD.cs:396)
       [1] void Delve.Autoload.DataManager+<>c.<WireLogging>b__27_1(string) (G:\Godot\Gamestorming\delve\scripts\autoload\DataManager.cs:131)
       [2] void PF2e.Log.Warn(object) (F:\dev\Pf2e.Core\Pf2e.Core\Core\Log.cs:23)
       [3] PF2e.Data.EncounterDefinition PF2e.Utilities.EncounterGenerator.GenerateEncounter(PF2e.Data.EncounterDifficulty, int, int, PF2e.Data.EnemyDefinition[], System.Collections.Generic.List`1[System.String], PF2e.Data.HazardDefinition[]) (F:\dev\Pf2e.Core\Pf2e.Core\Utilities\EncounterGenerator.cs:227)
       [4] PF2e.Data.EncounterDefinition Delve.Run.GeneratedEncounters.Generate(Delve.Run.RunState, Delve.Run.MapNode, System.Func`2[Delve.Data.CreatureRef,PF2e.Data.EnemyDefinition], Delve.Run.EncounterGenRules) (G:\Godot\Gamestorming\delve\scripts\run\GeneratedEncounters.cs:119)
       [5] void Delve.Dev.RunEncounterSpike.CheckSweep(Delve.Autoload.DataManager) (G:\Godot\Gamestorming\delve\scripts\dev\RunEncounterSpike.cs:178)
       [6] System.Threading.Tasks.Task Delve.Dev.RunEncounterSpike.RunSpikeAsync(Delve.Autoload.DataManager) (G:\Godot\Gamestorming\delve\scripts\dev\RunEncounterSpike.cs:41)
       [7] void Delve.Dev.SpikeBase+<RunAsync>d__10.MoveNext() (G:\Godot\Gamestorming\delve\scripts\dev\SpikeBase.cs:53)
       [8] void System.Runtime.CompilerServices.AsyncMethodBuilderCore.Start<TStateMachine>(TStateMachine&)
       [9] System.Threading.Tasks.Task Delve.Dev.SpikeBase.RunAsync()
       [10] void Delve.Dev.SpikeBase._Ready() (G:\Godot\Gamestorming\delve\scripts\dev\SpikeBase.cs:38)
       [11] bool Godot.Node.InvokeGodotClassMethod(Godot.NativeInterop.godot_string_name&, Godot.NativeInterop.NativeVariantPtrArgs, Godot.NativeInterop.godot_variant&) (/root/godot/modules/mono/glue/GodotSharp/GodotSharp/Generated/GodotObjects/Node.cs:2646)
       [12] bool Delve.Dev.SpikeBase.InvokeGodotClassMethod(Godot.NativeInterop.godot_string_name&, Godot.NativeInterop.NativeVariantPtrArgs, Godot.NativeInterop.godot_variant&) (G:\Godot\Gamestorming\delve\.godot\mono\temp\obj\Debug\Godot.SourceGenerators\Godot.SourceGenerators.ScriptMethodsGenerator\Delve.Dev.SpikeBase_ScriptMethods.generated.cs:80)
       [13] bool Delve.Dev.RunEncounterSpike.InvokeGodotClassMethod(Godot.NativeInterop.godot_string_name&, Godot.NativeInterop.NativeVariantPtrArgs, Godot.NativeInterop.godot_variant&) (G:\Godot\Gamestorming\delve\.godot\mono\temp\obj\Debug\Godot.SourceGenerators\Godot.SourceGenerators.ScriptMethodsGenerator\Delve.Dev.RunEncounterSpike_ScriptMethods.generated.cs:140)
       [14] Godot.NativeInterop.godot_bool Godot.Bridge.CSharpInstanceBridge.Call(nint, Godot.NativeInterop.godot_string_name*, Godot.NativeInterop.godot_variant**, int, Godot.NativeInterop.godot_variant_call_error*, Godot.NativeInterop.godot_variant*) (/root/godot/modules/mono/glue/GodotSharp/GodotSharp/Core/Bridge/CSharpInstanceBridge.cs:24)
WARNING: [PF2e WARN] EncounterGenerator: No template could be filled for Lv2 party. Falling back to budget fill.
   at: void Delve.Autoload.DataManager+<>c.<WireLogging>b__27_1(string) (res://scripts/autoload/DataManager.cs:131)
   C# backtrace (most recent call first):
       [0] void Godot.GD.PushWarning(string) (/root/godot/modules/mono/glue/GodotSharp/GodotSharp/Core/GD.cs:396)
       [1] void Delve.Autoload.DataManager+<>c.<WireLogging>b__27_1(string) (G:\Godot\Gamestorming\delve\scripts\autoload\DataManager.cs:131)
       [2] void PF2e.Log.Warn(object) (F:\dev\Pf2e.Core\Pf2e.Core\Core\Log.cs:23)
       [3] PF2e.Data.EncounterDefinition PF2e.Utilities.EncounterGenerator.GenerateEncounter(PF2e.Data.EncounterDifficulty, int, int, PF2e.Data.EnemyDefinition[], System.Collections.Generic.List`1[System.String], PF2e.Data.HazardDefinition[]) (F:\dev\Pf2e.Core\Pf2e.Core\Utilities\EncounterGenerator.cs:227)
       [4] PF2e.Data.EncounterDefinition Delve.Run.GeneratedEncounters.Generate(Delve.Run.RunState, Delve.Run.MapNode, System.Func`2[Delve.Data.CreatureRef,PF2e.Data.EnemyDefinition], Delve.Run.EncounterGenRules) (G:\Godot\Gamestorming\delve\scripts\run\GeneratedEncounters.cs:119)
       [5] void Delve.Dev.RunEncounterSpike.CheckSweep(Delve.Autoload.DataManager) (G:\Godot\Gamestorming\delve\scripts\dev\RunEncounterSpike.cs:178)
       [6] System.Threading.Tasks.Task Delve.Dev.RunEncounterSpike.RunSpikeAsync(Delve.Autoload.DataManager) (G:\Godot\Gamestorming\delve\scripts\dev\RunEncounterSpike.cs:41)
       [7] void Delve.Dev.SpikeBase+<RunAsync>d__10.MoveNext() (G:\Godot\Gamestorming\delve\scripts\dev\SpikeBase.cs:53)
       [8] void System.Runtime.CompilerServices.AsyncMethodBuilderCore.Start<TStateMachine>(TStateMachine&)
       [9] System.Threading.Tasks.Task Delve.Dev.SpikeBase.RunAsync()
       [10] void Delve.Dev.SpikeBase._Ready() (G:\Godot\Gamestorming\delve\scripts\dev\SpikeBase.cs:38)
       [11] bool Godot.Node.InvokeGodotClassMethod(Godot.NativeInterop.godot_string_name&, Godot.NativeInterop.NativeVariantPtrArgs, Godot.NativeInterop.godot_variant&) (/root/godot/modules/mono/glue/GodotSharp/GodotSharp/Generated/GodotObjects/Node.cs:2646)
       [12] bool Delve.Dev.SpikeBase.InvokeGodotClassMethod(Godot.NativeInterop.godot_string_name&, Godot.NativeInterop.NativeVariantPtrArgs, Godot.NativeInterop.godot_variant&) (G:\Godot\Gamestorming\delve\.godot\mono\temp\obj\Debug\Godot.SourceGenerators\Godot.SourceGenerators.ScriptMethodsGenerator\Delve.Dev.SpikeBase_ScriptMethods.generated.cs:80)
       [13] bool Delve.Dev.RunEncounterSpike.InvokeGodotClassMethod(Godot.NativeInterop.godot_string_name&, Godot.NativeInterop.NativeVariantPtrArgs, Godot.NativeInterop.godot_variant&) (G:\Godot\Gamestorming\delve\.godot\mono\temp\obj\Debug\Godot.SourceGenerators\Godot.SourceGenerators.ScriptMethodsGenerator\Delve.Dev.RunEncounterSpike_ScriptMethods.generated.cs:140)
       [14] Godot.NativeInterop.godot_bool Godot.Bridge.CSharpInstanceBridge.Call(nint, Godot.NativeInterop.godot_string_name*, Godot.NativeInterop.godot_variant**, int, Godot.NativeInterop.godot_variant_call_error*, Godot.NativeInterop.godot_variant*) (/root/godot/modules/mono/glue/GodotSharp/GodotSharp/Core/Bridge/CSharpInstanceBridge.cs:24)
WARNING: [PF2e WARN] EncounterGenerator: No template could be filled for Lv2 party. Falling back to budget fill.
   at: void Delve.Autoload.DataManager+<>c.<WireLogging>b__27_1(string) (res://scripts/autoload/DataManager.cs:131)
   C# backtrace (most recent call first):
       [0] void Godot.GD.PushWarning(string) (/root/godot/modules/mono/glue/GodotSharp/GodotSharp/Core/GD.cs:396)
       [1] void Delve.Autoload.DataManager+<>c.<WireLogging>b__27_1(string) (G:\Godot\Gamestorming\delve\scripts\autoload\DataManager.cs:131)
       [2] void PF2e.Log.Warn(object) (F:\dev\Pf2e.Core\Pf2e.Core\Core\Log.cs:23)
       [3] PF2e.Data.EncounterDefinition PF2e.Utilities.EncounterGenerator.GenerateEncounter(PF2e.Data.EncounterDifficulty, int, int, PF2e.Data.EnemyDefinition[], System.Collections.Generic.List`1[System.String], PF2e.Data.HazardDefinition[]) (F:\dev\Pf2e.Core\Pf2e.Core\Utilities\EncounterGenerator.cs:227)
       [4] PF2e.Data.EncounterDefinition Delve.Run.GeneratedEncounters.Generate(Delve.Run.RunState, Delve.Run.MapNode, System.Func`2[Delve.Data.CreatureRef,PF2e.Data.EnemyDefinition], Delve.Run.EncounterGenRules) (G:\Godot\Gamestorming\delve\scripts\run\GeneratedEncounters.cs:119)
       [5] void Delve.Dev.RunEncounterSpike.CheckSweep(Delve.Autoload.DataManager) (G:\Godot\Gamestorming\delve\scripts\dev\RunEncounterSpike.cs:178)
       [6] System.Threading.Tasks.Task Delve.Dev.RunEncounterSpike.RunSpikeAsync(Delve.Autoload.DataManager) (G:\Godot\Gamestorming\delve\scripts\dev\RunEncounterSpike.cs:41)
       [7] void Delve.Dev.SpikeBase+<RunAsync>d__10.MoveNext() (G:\Godot\Gamestorming\delve\scripts\dev\SpikeBase.cs:53)
       [8] void System.Runtime.CompilerServices.AsyncMethodBuilderCore.Start<TStateMachine>(TStateMachine&)
       [9] System.Threading.Tasks.Task Delve.Dev.SpikeBase.RunAsync()
       [10] void Delve.Dev.SpikeBase._Ready() (G:\Godot\Gamestorming\delve\scripts\dev\SpikeBase.cs:38)
       [11] bool Godot.Node.InvokeGodotClassMethod(Godot.NativeInterop.godot_string_name&, Godot.NativeInterop.NativeVariantPtrArgs, Godot.NativeInterop.godot_variant&) (/root/godot/modules/mono/glue/GodotSharp/GodotSharp/Generated/GodotObjects/Node.cs:2646)
       [12] bool Delve.Dev.SpikeBase.InvokeGodotClassMethod(Godot.NativeInterop.godot_string_name&, Godot.NativeInterop.NativeVariantPtrArgs, Godot.NativeInterop.godot_variant&) (G:\Godot\Gamestorming\delve\.godot\mono\temp\obj\Debug\Godot.SourceGenerators\Godot.SourceGenerators.ScriptMethodsGenerator\Delve.Dev.SpikeBase_ScriptMethods.generated.cs:80)
       [13] bool Delve.Dev.RunEncounterSpike.InvokeGodotClassMethod(Godot.NativeInterop.godot_string_name&, Godot.NativeInterop.NativeVariantPtrArgs, Godot.NativeInterop.godot_variant&) (G:\Godot\Gamestorming\delve\.godot\mono\temp\obj\Debug\Godot.SourceGenerators\Godot.SourceGenerators.ScriptMethodsGenerator\Delve.Dev.RunEncounterSpike_ScriptMethods.generated.cs:140)
       [14] Godot.NativeInterop.godot_bool Godot.Bridge.CSharpInstanceBridge.Call(nint, Godot.NativeInterop.godot_string_name*, Godot.NativeInterop.godot_variant**, int, Godot.NativeInterop.godot_variant_call_error*, Godot.NativeInterop.godot_variant*) (/root/godot/modules/mono/glue/GodotSharp/GodotSharp/Core/Bridge/CSharpInstanceBridge.cs:24)
WARNING: [PF2e WARN] EncounterGenerator: No template could be filled for Lv2 party. Falling back to budget fill.
   at: void Delve.Autoload.DataManager+<>c.<WireLogging>b__27_1(string) (res://scripts/autoload/DataManager.cs:131)
   C# backtrace (most recent call first):
       [0] void Godot.GD.PushWarning(string) (/root/godot/modules/mono/glue/GodotSharp/GodotSharp/Core/GD.cs:396)
       [1] void Delve.Autoload.DataManager+<>c.<WireLogging>b__27_1(string) (G:\Godot\Gamestorming\delve\scripts\autoload\DataManager.cs:131)
       [2] void PF2e.Log.Warn(object) (F:\dev\Pf2e.Core\Pf2e.Core\Core\Log.cs:23)
       [3] PF2e.Data.EncounterDefinition PF2e.Utilities.EncounterGenerator.GenerateEncounter(PF2e.Data.EncounterDifficulty, int, int, PF2e.Data.EnemyDefinition[], System.Collections.Generic.List`1[System.String], PF2e.Data.HazardDefinition[]) (F:\dev\Pf2e.Core\Pf2e.Core\Utilities\EncounterGenerator.cs:227)
       [4] PF2e.Data.EncounterDefinition Delve.Run.GeneratedEncounters.Generate(Delve.Run.RunState, Delve.Run.MapNode, System.Func`2[Delve.Data.CreatureRef,PF2e.Data.EnemyDefinition], Delve.Run.EncounterGenRules) (G:\Godot\Gamestorming\delve\scripts\run\GeneratedEncounters.cs:119)
       [5] void Delve.Dev.RunEncounterSpike.CheckSweep(Delve.Autoload.DataManager) (G:\Godot\Gamestorming\delve\scripts\dev\RunEncounterSpike.cs:178)
       [6] System.Threading.Tasks.Task Delve.Dev.RunEncounterSpike.RunSpikeAsync(Delve.Autoload.DataManager) (G:\Godot\Gamestorming\delve\scripts\dev\RunEncounterSpike.cs:41)
       [7] void Delve.Dev.SpikeBase+<RunAsync>d__10.MoveNext() (G:\Godot\Gamestorming\delve\scripts\dev\SpikeBase.cs:53)
       [8] void System.Runtime.CompilerServices.AsyncMethodBuilderCore.Start<TStateMachine>(TStateMachine&)
       [9] System.Threading.Tasks.Task Delve.Dev.SpikeBase.RunAsync()
       [10] void Delve.Dev.SpikeBase._Ready() (G:\Godot\Gamestorming\delve\scripts\dev\SpikeBase.cs:38)
       [11] bool Godot.Node.InvokeGodotClassMethod(Godot.NativeInterop.godot_string_name&, Godot.NativeInterop.NativeVariantPtrArgs, Godot.NativeInterop.godot_variant&) (/root/godot/modules/mono/glue/GodotSharp/GodotSharp/Generated/GodotObjects/Node.cs:2646)
       [12] bool Delve.Dev.SpikeBase.InvokeGodotClassMethod(Godot.NativeInterop.godot_string_name&, Godot.NativeInterop.NativeVariantPtrArgs, Godot.NativeInterop.godot_variant&) (G:\Godot\Gamestorming\delve\.godot\mono\temp\obj\Debug\Godot.SourceGenerators\Godot.SourceGenerators.ScriptMethodsGenerator\Delve.Dev.SpikeBase_ScriptMethods.generated.cs:80)
       [13] bool Delve.Dev.RunEncounterSpike.InvokeGodotClassMethod(Godot.NativeInterop.godot_string_name&, Godot.NativeInterop.NativeVariantPtrArgs, Godot.NativeInterop.godot_variant&) (G:\Godot\Gamestorming\delve\.godot\mono\temp\obj\Debug\Godot.SourceGenerators\Godot.SourceGenerators.ScriptMethodsGenerator\Delve.Dev.RunEncounterSpike_ScriptMethods.generated.cs:140)
       [14] Godot.NativeInterop.godot_bool Godot.Bridge.CSharpInstanceBridge.Call(nint, Godot.NativeInterop.godot_string_name*, Godot.NativeInterop.godot_variant**, int, Godot.NativeInterop.godot_variant_call_error*, Godot.NativeInterop.godot_variant*) (/root/godot/modules/mono/glue/GodotSharp/GodotSharp/Core/Bridge/CSharpInstanceBridge.cs:24)
WARNING: [PF2e WARN] EncounterGenerator: No template could be filled for Lv2 party. Falling back to budget fill.
   at: void Delve.Autoload.DataManager+<>c.<WireLogging>b__27_1(string) (res://scripts/autoload/DataManager.cs:131)
   C# backtrace (most recent call first):
       [0] void Godot.GD.PushWarning(string) (/root/godot/modules/mono/glue/GodotSharp/GodotSharp/Core/GD.cs:396)
       [1] void Delve.Autoload.DataManager+<>c.<WireLogging>b__27_1(string) (G:\Godot\Gamestorming\delve\scripts\autoload\DataManager.cs:131)
       [2] void PF2e.Log.Warn(object) (F:\dev\Pf2e.Core\Pf2e.Core\Core\Log.cs:23)
       [3] PF2e.Data.EncounterDefinition PF2e.Utilities.EncounterGenerator.GenerateEncounter(PF2e.Data.EncounterDifficulty, int, int, PF2e.Data.EnemyDefinition[], System.Collections.Generic.List`1[System.String], PF2e.Data.HazardDefinition[]) (F:\dev\Pf2e.Core\Pf2e.Core\Utilities\EncounterGenerator.cs:227)
       [4] PF2e.Data.EncounterDefinition Delve.Run.GeneratedEncounters.Generate(Delve.Run.RunState, Delve.Run.MapNode, System.Func`2[Delve.Data.CreatureRef,PF2e.Data.EnemyDefinition], Delve.Run.EncounterGenRules) (G:\Godot\Gamestorming\delve\scripts\run\GeneratedEncounters.cs:119)
       [5] void Delve.Dev.RunEncounterSpike.CheckSweep(Delve.Autoload.DataManager) (G:\Godot\Gamestorming\delve\scripts\dev\RunEncounterSpike.cs:178)
       [6] System.Threading.Tasks.Task Delve.Dev.RunEncounterSpike.RunSpikeAsync(Delve.Autoload.DataManager) (G:\Godot\Gamestorming\delve\scripts\dev\RunEncounterSpike.cs:41)
       [7] void Delve.Dev.SpikeBase+<RunAsync>d__10.MoveNext() (G:\Godot\Gamestorming\delve\scripts\dev\SpikeBase.cs:53)
       [8] void System.Runtime.CompilerServices.AsyncMethodBuilderCore.Start<TStateMachine>(TStateMachine&)
       [9] System.Threading.Tasks.Task Delve.Dev.SpikeBase.RunAsync()
       [10] void Delve.Dev.SpikeBase._Ready() (G:\Godot\Gamestorming\delve\scripts\dev\SpikeBase.cs:38)
       [11] bool Godot.Node.InvokeGodotClassMethod(Godot.NativeInterop.godot_string_name&, Godot.NativeInterop.NativeVariantPtrArgs, Godot.NativeInterop.godot_variant&) (/root/godot/modules/mono/glue/GodotSharp/GodotSharp/Generated/GodotObjects/Node.cs:2646)
       [12] bool Delve.Dev.SpikeBase.InvokeGodotClassMethod(Godot.NativeInterop.godot_string_name&, Godot.NativeInterop.NativeVariantPtrArgs, Godot.NativeInterop.godot_variant&) (G:\Godot\Gamestorming\delve\.godot\mono\temp\obj\Debug\Godot.SourceGenerators\Godot.SourceGenerators.ScriptMethodsGenerator\Delve.Dev.SpikeBase_ScriptMethods.generated.cs:80)
       [13] bool Delve.Dev.RunEncounterSpike.InvokeGodotClassMethod(Godot.NativeInterop.godot_string_name&, Godot.NativeInterop.NativeVariantPtrArgs, Godot.NativeInterop.godot_variant&) (G:\Godot\Gamestorming\delve\.godot\mono\temp\obj\Debug\Godot.SourceGenerators\Godot.SourceGenerators.ScriptMethodsGenerator\Delve.Dev.RunEncounterSpike_ScriptMethods.generated.cs:140)
       [14] Godot.NativeInterop.godot_bool Godot.Bridge.CSharpInstanceBridge.Call(nint, Godot.NativeInterop.godot_string_name*, Godot.NativeInterop.godot_variant**, int, Godot.NativeInterop.godot_variant_call_error*, Godot.NativeInterop.godot_variant*) (/root/godot/modules/mono/glue/GodotSharp/GodotSharp/Core/Bridge/CSharpInstanceBridge.cs:24)
WARNING: [PF2e WARN] EncounterGenerator: No template could be filled for Lv2 party. Falling back to budget fill.
   at: void Delve.Autoload.DataManager+<>c.<WireLogging>b__27_1(string) (res://scripts/autoload/DataManager.cs:131)
   C# backtrace (most recent call first):
       [0] void Godot.GD.PushWarning(string) (/root/godot/modules/mono/glue/GodotSharp/GodotSharp/Core/GD.cs:396)
       [1] void Delve.Autoload.DataManager+<>c.<WireLogging>b__27_1(string) (G:\Godot\Gamestorming\delve\scripts\autoload\DataManager.cs:131)
       [2] void PF2e.Log.Warn(object) (F:\dev\Pf2e.Core\Pf2e.Core\Core\Log.cs:23)
       [3] PF2e.Data.EncounterDefinition PF2e.Utilities.EncounterGenerator.GenerateEncounter(PF2e.Data.EncounterDifficulty, int, int, PF2e.Data.EnemyDefinition[], System.Collections.Generic.List`1[System.String], PF2e.Data.HazardDefinition[]) (F:\dev\Pf2e.Core\Pf2e.Core\Utilities\EncounterGenerator.cs:227)
       [4] PF2e.Data.EncounterDefinition Delve.Run.GeneratedEncounters.Generate(Delve.Run.RunState, Delve.Run.MapNode, System.Func`2[Delve.Data.CreatureRef,PF2e.Data.EnemyDefinition], Delve.Run.EncounterGenRules) (G:\Godot\Gamestorming\delve\scripts\run\GeneratedEncounters.cs:119)
       [5] void Delve.Dev.RunEncounterSpike.CheckSweep(Delve.Autoload.DataManager) (G:\Godot\Gamestorming\delve\scripts\dev\RunEncounterSpike.cs:178)
       [6] System.Threading.Tasks.Task Delve.Dev.RunEncounterSpike.RunSpikeAsync(Delve.Autoload.DataManager) (G:\Godot\Gamestorming\delve\scripts\dev\RunEncounterSpike.cs:41)
       [7] void Delve.Dev.SpikeBase+<RunAsync>d__10.MoveNext() (G:\Godot\Gamestorming\delve\scripts\dev\SpikeBase.cs:53)
       [8] void System.Runtime.CompilerServices.AsyncMethodBuilderCore.Start<TStateMachine>(TStateMachine&)
       [9] System.Threading.Tasks.Task Delve.Dev.SpikeBase.RunAsync()
       [10] void Delve.Dev.SpikeBase._Ready() (G:\Godot\Gamestorming\delve\scripts\dev\SpikeBase.cs:38)
       [11] bool Godot.Node.InvokeGodotClassMethod(Godot.NativeInterop.godot_string_name&, Godot.NativeInterop.NativeVariantPtrArgs, Godot.NativeInterop.godot_variant&) (/root/godot/modules/mono/glue/GodotSharp/GodotSharp/Generated/GodotObjects/Node.cs:2646)
       [12] bool Delve.Dev.SpikeBase.InvokeGodotClassMethod(Godot.NativeInterop.godot_string_name&, Godot.NativeInterop.NativeVariantPtrArgs, Godot.NativeInterop.godot_variant&) (G:\Godot\Gamestorming\delve\.godot\mono\temp\obj\Debug\Godot.SourceGenerators\Godot.SourceGenerators.ScriptMethodsGenerator\Delve.Dev.SpikeBase_ScriptMethods.generated.cs:80)
       [13] bool Delve.Dev.RunEncounterSpike.InvokeGodotClassMethod(Godot.NativeInterop.godot_string_name&, Godot.NativeInterop.NativeVariantPtrArgs, Godot.NativeInterop.godot_variant&) (G:\Godot\Gamestorming\delve\.godot\mono\temp\obj\Debug\Godot.SourceGenerators\Godot.SourceGenerators.ScriptMethodsGenerator\Delve.Dev.RunEncounterSpike_ScriptMethods.generated.cs:140)
       [14] Godot.NativeInterop.godot_bool Godot.Bridge.CSharpInstanceBridge.Call(nint, Godot.NativeInterop.godot_string_name*, Godot.NativeInterop.godot_variant**, int, Godot.NativeInterop.godot_variant_call_error*, Godot.NativeInterop.godot_variant*) (/root/godot/modules/mono/glue/GodotSharp/GodotSharp/Core/Bridge/CSharpInstanceBridge.cs:24)
WARNING: [PF2e WARN] EncounterGenerator: No template could be filled for Lv2 party. Falling back to budget fill.
   at: void Delve.Autoload.DataManager+<>c.<WireLogging>b__27_1(string) (res://scripts/autoload/DataManager.cs:131)
   C# backtrace (most recent call first):
       [0] void Godot.GD.PushWarning(string) (/root/godot/modules/mono/glue/GodotSharp/GodotSharp/Core/GD.cs:396)
       [1] void Delve.Autoload.DataManager+<>c.<WireLogging>b__27_1(string) (G:\Godot\Gamestorming\delve\scripts\autoload\DataManager.cs:131)
       [2] void PF2e.Log.Warn(object) (F:\dev\Pf2e.Core\Pf2e.Core\Core\Log.cs:23)
       [3] PF2e.Data.EncounterDefinition PF2e.Utilities.EncounterGenerator.GenerateEncounter(PF2e.Data.EncounterDifficulty, int, int, PF2e.Data.EnemyDefinition[], System.Collections.Generic.List`1[System.String], PF2e.Data.HazardDefinition[]) (F:\dev\Pf2e.Core\Pf2e.Core\Utilities\EncounterGenerator.cs:227)
       [4] PF2e.Data.EncounterDefinition Delve.Run.GeneratedEncounters.Generate(Delve.Run.RunState, Delve.Run.MapNode, System.Func`2[Delve.Data.CreatureRef,PF2e.Data.EnemyDefinition], Delve.Run.EncounterGenRules) (G:\Godot\Gamestorming\delve\scripts\run\GeneratedEncounters.cs:119)
       [5] void Delve.Dev.RunEncounterSpike.CheckSweep(Delve.Autoload.DataManager) (G:\Godot\Gamestorming\delve\scripts\dev\RunEncounterSpike.cs:178)
       [6] System.Threading.Tasks.Task Delve.Dev.RunEncounterSpike.RunSpikeAsync(Delve.Autoload.DataManager) (G:\Godot\Gamestorming\delve\scripts\dev\RunEncounterSpike.cs:41)
       [7] void Delve.Dev.SpikeBase+<RunAsync>d__10.MoveNext() (G:\Godot\Gamestorming\delve\scripts\dev\SpikeBase.cs:53)
       [8] void System.Runtime.CompilerServices.AsyncMethodBuilderCore.Start<TStateMachine>(TStateMachine&)
       [9] System.Threading.Tasks.Task Delve.Dev.SpikeBase.RunAsync()
       [10] void Delve.Dev.SpikeBase._Ready() (G:\Godot\Gamestorming\delve\scripts\dev\SpikeBase.cs:38)
       [11] bool Godot.Node.InvokeGodotClassMethod(Godot.NativeInterop.godot_string_name&, Godot.NativeInterop.NativeVariantPtrArgs, Godot.NativeInterop.godot_variant&) (/root/godot/modules/mono/glue/GodotSharp/GodotSharp/Generated/GodotObjects/Node.cs:2646)
       [12] bool Delve.Dev.SpikeBase.InvokeGodotClassMethod(Godot.NativeInterop.godot_string_name&, Godot.NativeInterop.NativeVariantPtrArgs, Godot.NativeInterop.godot_variant&) (G:\Godot\Gamestorming\delve\.godot\mono\temp\obj\Debug\Godot.SourceGenerators\Godot.SourceGenerators.ScriptMethodsGenerator\Delve.Dev.SpikeBase_ScriptMethods.generated.cs:80)
       [13] bool Delve.Dev.RunEncounterSpike.InvokeGodotClassMethod(Godot.NativeInterop.godot_string_name&, Godot.NativeInterop.NativeVariantPtrArgs, Godot.NativeInterop.godot_variant&) (G:\Godot\Gamestorming\delve\.godot\mono\temp\obj\Debug\Godot.SourceGenerators\Godot.SourceGenerators.ScriptMethodsGenerator\Delve.Dev.RunEncounterSpike_ScriptMethods.generated.cs:140)
       [14] Godot.NativeInterop.godot_bool Godot.Bridge.CSharpInstanceBridge.Call(nint, Godot.NativeInterop.godot_string_name*, Godot.NativeInterop.godot_variant**, int, Godot.NativeInterop.godot_variant_call_error*, Godot.NativeInterop.godot_variant*) (/root/godot/modules/mono/glue/GodotSharp/GodotSharp/Core/Bridge/CSharpInstanceBridge.cs:24)
WARNING: [PF2e WARN] EncounterGenerator: No template could be filled for Lv2 party. Falling back to budget fill.
   at: void Delve.Autoload.DataManager+<>c.<WireLogging>b__27_1(string) (res://scripts/autoload/DataManager.cs:131)
   C# backtrace (most recent call first):
       [0] void Godot.GD.PushWarning(string) (/root/godot/modules/mono/glue/GodotSharp/GodotSharp/Core/GD.cs:396)
       [1] void Delve.Autoload.DataManager+<>c.<WireLogging>b__27_1(string) (G:\Godot\Gamestorming\delve\scripts\autoload\DataManager.cs:131)
       [2] void PF2e.Log.Warn(object) (F:\dev\Pf2e.Core\Pf2e.Core\Core\Log.cs:23)
       [3] PF2e.Data.EncounterDefinition PF2e.Utilities.EncounterGenerator.GenerateEncounter(PF2e.Data.EncounterDifficulty, int, int, PF2e.Data.EnemyDefinition[], System.Collections.Generic.List`1[System.String], PF2e.Data.HazardDefinition[]) (F:\dev\Pf2e.Core\Pf2e.Core\Utilities\EncounterGenerator.cs:227)
       [4] PF2e.Data.EncounterDefinition Delve.Run.GeneratedEncounters.Generate(Delve.Run.RunState, Delve.Run.MapNode, System.Func`2[Delve.Data.CreatureRef,PF2e.Data.EnemyDefinition], Delve.Run.EncounterGenRules) (G:\Godot\Gamestorming\delve\scripts\run\GeneratedEncounters.cs:119)
       [5] void Delve.Dev.RunEncounterSpike.CheckSweep(Delve.Autoload.DataManager) (G:\Godot\Gamestorming\delve\scripts\dev\RunEncounterSpike.cs:178)
       [6] System.Threading.Tasks.Task Delve.Dev.RunEncounterSpike.RunSpikeAsync(Delve.Autoload.DataManager) (G:\Godot\Gamestorming\delve\scripts\dev\RunEncounterSpike.cs:41)
       [7] void Delve.Dev.SpikeBase+<RunAsync>d__10.MoveNext() (G:\Godot\Gamestorming\delve\scripts\dev\SpikeBase.cs:53)
       [8] void System.Runtime.CompilerServices.AsyncMethodBuilderCore.Start<TStateMachine>(TStateMachine&)
       [9] System.Threading.Tasks.Task Delve.Dev.SpikeBase.RunAsync()
       [10] void Delve.Dev.SpikeBase._Ready() (G:\Godot\Gamestorming\delve\scripts\dev\SpikeBase.cs:38)
       [11] bool Godot.Node.InvokeGodotClassMethod(Godot.NativeInterop.godot_string_name&, Godot.NativeInterop.NativeVariantPtrArgs, Godot.NativeInterop.godot_variant&) (/root/godot/modules/mono/glue/GodotSharp/GodotSharp/Generated/GodotObjects/Node.cs:2646)
       [12] bool Delve.Dev.SpikeBase.InvokeGodotClassMethod(Godot.NativeInterop.godot_string_name&, Godot.NativeInterop.NativeVariantPtrArgs, Godot.NativeInterop.godot_variant&) (G:\Godot\Gamestorming\delve\.godot\mono\temp\obj\Debug\Godot.SourceGenerators\Godot.SourceGenerators.ScriptMethodsGenerator\Delve.Dev.SpikeBase_ScriptMethods.generated.cs:80)
       [13] bool Delve.Dev.RunEncounterSpike.InvokeGodotClassMethod(Godot.NativeInterop.godot_string_name&, Godot.NativeInterop.NativeVariantPtrArgs, Godot.NativeInterop.godot_variant&) (G:\Godot\Gamestorming\delve\.godot\mono\temp\obj\Debug\Godot.SourceGenerators\Godot.SourceGenerators.ScriptMethodsGenerator\Delve.Dev.RunEncounterSpike_ScriptMethods.generated.cs:140)
       [14] Godot.NativeInterop.godot_bool Godot.Bridge.CSharpInstanceBridge.Call(nint, Godot.NativeInterop.godot_string_name*, Godot.NativeInterop.godot_variant**, int, Godot.NativeInterop.godot_variant_call_error*, Godot.NativeInterop.godot_variant*) (/root/godot/modules/mono/glue/GodotSharp/GodotSharp/Core/Bridge/CSharpInstanceBridge.cs:24)
WARNING: [PF2e WARN] EncounterGenerator: No template could be filled for Lv2 party. Falling back to budget fill.
   at: void Delve.Autoload.DataManager+<>c.<WireLogging>b__27_1(string) (res://scripts/autoload/DataManager.cs:131)
   C# backtrace (most recent call first):
       [0] void Godot.GD.PushWarning(string) (/root/godot/modules/mono/glue/GodotSharp/GodotSharp/Core/GD.cs:396)
       [1] void Delve.Autoload.DataManager+<>c.<WireLogging>b__27_1(string) (G:\Godot\Gamestorming\delve\scripts\autoload\DataManager.cs:131)
       [2] void PF2e.Log.Warn(object) (F:\dev\Pf2e.Core\Pf2e.Core\Core\Log.cs:23)
       [3] PF2e.Data.EncounterDefinition PF2e.Utilities.EncounterGenerator.GenerateEncounter(PF2e.Data.EncounterDifficulty, int, int, PF2e.Data.EnemyDefinition[], System.Collections.Generic.List`1[System.String], PF2e.Data.HazardDefinition[]) (F:\dev\Pf2e.Core\Pf2e.Core\Utilities\EncounterGenerator.cs:227)
       [4] PF2e.Data.EncounterDefinition Delve.Run.GeneratedEncounters.Generate(Delve.Run.RunState, Delve.Run.MapNode, System.Func`2[Delve.Data.CreatureRef,PF2e.Data.EnemyDefinition], Delve.Run.EncounterGenRules) (G:\Godot\Gamestorming\delve\scripts\run\GeneratedEncounters.cs:119)
       [5] void Delve.Dev.RunEncounterSpike.CheckSweep(Delve.Autoload.DataManager) (G:\Godot\Gamestorming\delve\scripts\dev\RunEncounterSpike.cs:178)
       [6] System.Threading.Tasks.Task Delve.Dev.RunEncounterSpike.RunSpikeAsync(Delve.Autoload.DataManager) (G:\Godot\Gamestorming\delve\scripts\dev\RunEncounterSpike.cs:41)
       [7] void Delve.Dev.SpikeBase+<RunAsync>d__10.MoveNext() (G:\Godot\Gamestorming\delve\scripts\dev\SpikeBase.cs:53)
       [8] void System.Runtime.CompilerServices.AsyncMethodBuilderCore.Start<TStateMachine>(TStateMachine&)
       [9] System.Threading.Tasks.Task Delve.Dev.SpikeBase.RunAsync()
       [10] void Delve.Dev.SpikeBase._Ready() (G:\Godot\Gamestorming\delve\scripts\dev\SpikeBase.cs:38)
       [11] bool Godot.Node.InvokeGodotClassMethod(Godot.NativeInterop.godot_string_name&, Godot.NativeInterop.NativeVariantPtrArgs, Godot.NativeInterop.godot_variant&) (/root/godot/modules/mono/glue/GodotSharp/GodotSharp/Generated/GodotObjects/Node.cs:2646)
       [12] bool Delve.Dev.SpikeBase.InvokeGodotClassMethod(Godot.NativeInterop.godot_string_name&, Godot.NativeInterop.NativeVariantPtrArgs, Godot.NativeInterop.godot_variant&) (G:\Godot\Gamestorming\delve\.godot\mono\temp\obj\Debug\Godot.SourceGenerators\Godot.SourceGenerators.ScriptMethodsGenerator\Delve.Dev.SpikeBase_ScriptMethods.generated.cs:80)
       [13] bool Delve.Dev.RunEncounterSpike.InvokeGodotClassMethod(Godot.NativeInterop.godot_string_name&, Godot.NativeInterop.NativeVariantPtrArgs, Godot.NativeInterop.godot_variant&) (G:\Godot\Gamestorming\delve\.godot\mono\temp\obj\Debug\Godot.SourceGenerators\Godot.SourceGenerators.ScriptMethodsGenerator\Delve.Dev.RunEncounterSpike_ScriptMethods.generated.cs:140)
       [14] Godot.NativeInterop.godot_bool Godot.Bridge.CSharpInstanceBridge.Call(nint, Godot.NativeInterop.godot_string_name*, Godot.NativeInterop.godot_variant**, int, Godot.NativeInterop.godot_variant_call_error*, Godot.NativeInterop.godot_variant*) (/root/godot/modules/mono/glue/GodotSharp/GodotSharp/Core/Bridge/CSharpInstanceBridge.cs:24)
WARNING: [PF2e WARN] EncounterGenerator: No template could be filled for Lv2 party. Falling back to budget fill.
   at: void Delve.Autoload.DataManager+<>c.<WireLogging>b__27_1(string) (res://scripts/autoload/DataManager.cs:131)
   C# backtrace (most recent call first):
       [0] void Godot.GD.PushWarning(string) (/root/godot/modules/mono/glue/GodotSharp/GodotSharp/Core/GD.cs:396)
       [1] void Delve.Autoload.DataManager+<>c.<WireLogging>b__27_1(string) (G:\Godot\Gamestorming\delve\scripts\autoload\DataManager.cs:131)
       [2] void PF2e.Log.Warn(object) (F:\dev\Pf2e.Core\Pf2e.Core\Core\Log.cs:23)
       [3] PF2e.Data.EncounterDefinition PF2e.Utilities.EncounterGenerator.GenerateEncounter(PF2e.Data.EncounterDifficulty, int, int, PF2e.Data.EnemyDefinition[], System.Collections.Generic.List`1[System.String], PF2e.Data.HazardDefinition[]) (F:\dev\Pf2e.Core\Pf2e.Core\Utilities\EncounterGenerator.cs:227)
       [4] PF2e.Data.EncounterDefinition Delve.Run.GeneratedEncounters.Generate(Delve.Run.RunState, Delve.Run.MapNode, System.Func`2[Delve.Data.CreatureRef,PF2e.Data.EnemyDefinition], Delve.Run.EncounterGenRules) (G:\Godot\Gamestorming\delve\scripts\run\GeneratedEncounters.cs:119)
       [5] void Delve.Dev.RunEncounterSpike.CheckSweep(Delve.Autoload.DataManager) (G:\Godot\Gamestorming\delve\scripts\dev\RunEncounterSpike.cs:178)
       [6] System.Threading.Tasks.Task Delve.Dev.RunEncounterSpike.RunSpikeAsync(Delve.Autoload.DataManager) (G:\Godot\Gamestorming\delve\scripts\dev\RunEncounterSpike.cs:41)
       [7] void Delve.Dev.SpikeBase+<RunAsync>d__10.MoveNext() (G:\Godot\Gamestorming\delve\scripts\dev\SpikeBase.cs:53)
       [8] void System.Runtime.CompilerServices.AsyncMethodBuilderCore.Start<TStateMachine>(TStateMachine&)
       [9] System.Threading.Tasks.Task Delve.Dev.SpikeBase.RunAsync()
       [10] void Delve.Dev.SpikeBase._Ready() (G:\Godot\Gamestorming\delve\scripts\dev\SpikeBase.cs:38)
       [11] bool Godot.Node.InvokeGodotClassMethod(Godot.NativeInterop.godot_string_name&, Godot.NativeInterop.NativeVariantPtrArgs, Godot.NativeInterop.godot_variant&) (/root/godot/modules/mono/glue/GodotSharp/GodotSharp/Generated/GodotObjects/Node.cs:2646)
       [12] bool Delve.Dev.SpikeBase.InvokeGodotClassMethod(Godot.NativeInterop.godot_string_name&, Godot.NativeInterop.NativeVariantPtrArgs, Godot.NativeInterop.godot_variant&) (G:\Godot\Gamestorming\delve\.godot\mono\temp\obj\Debug\Godot.SourceGenerators\Godot.SourceGenerators.ScriptMethodsGenerator\Delve.Dev.SpikeBase_ScriptMethods.generated.cs:80)
       [13] bool Delve.Dev.RunEncounterSpike.InvokeGodotClassMethod(Godot.NativeInterop.godot_string_name&, Godot.NativeInterop.NativeVariantPtrArgs, Godot.NativeInterop.godot_variant&) (G:\Godot\Gamestorming\delve\.godot\mono\temp\obj\Debug\Godot.SourceGenerators\Godot.SourceGenerators.ScriptMethodsGenerator\Delve.Dev.RunEncounterSpike_ScriptMethods.generated.cs:140)
       [14] Godot.NativeInterop.godot_bool Godot.Bridge.CSharpInstanceBridge.Call(nint, Godot.NativeInterop.godot_string_name*, Godot.NativeInterop.godot_variant**, int, Godot.NativeInterop.godot_variant_call_error*, Godot.NativeInterop.godot_variant*) (/root/godot/modules/mono/glue/GodotSharp/GodotSharp/Core/Bridge/CSharpInstanceBridge.cs:24)
WARNING: [PF2e WARN] EncounterGenerator: No template could be filled for Lv2 party. Falling back to budget fill.
   at: void Delve.Autoload.DataManager+<>c.<WireLogging>b__27_1(string) (res://scripts/autoload/DataManager.cs:131)
   C# backtrace (most recent call first):
       [0] void Godot.GD.PushWarning(string) (/root/godot/modules/mono/glue/GodotSharp/GodotSharp/Core/GD.cs:396)
       [1] void Delve.Autoload.DataManager+<>c.<WireLogging>b__27_1(string) (G:\Godot\Gamestorming\delve\scripts\autoload\DataManager.cs:131)
       [2] void PF2e.Log.Warn(object) (F:\dev\Pf2e.Core\Pf2e.Core\Core\Log.cs:23)
       [3] PF2e.Data.EncounterDefinition PF2e.Utilities.EncounterGenerator.GenerateEncounter(PF2e.Data.EncounterDifficulty, int, int, PF2e.Data.EnemyDefinition[], System.Collections.Generic.List`1[System.String], PF2e.Data.HazardDefinition[]) (F:\dev\Pf2e.Core\Pf2e.Core\Utilities\EncounterGenerator.cs:227)
       [4] PF2e.Data.EncounterDefinition Delve.Run.GeneratedEncounters.Generate(Delve.Run.RunState, Delve.Run.MapNode, System.Func`2[Delve.Data.CreatureRef,PF2e.Data.EnemyDefinition], Delve.Run.EncounterGenRules) (G:\Godot\Gamestorming\delve\scripts\run\GeneratedEncounters.cs:119)
       [5] void Delve.Dev.RunEncounterSpike.CheckSweep(Delve.Autoload.DataManager) (G:\Godot\Gamestorming\delve\scripts\dev\RunEncounterSpike.cs:178)
       [6] System.Threading.Tasks.Task Delve.Dev.RunEncounterSpike.RunSpikeAsync(Delve.Autoload.DataManager) (G:\Godot\Gamestorming\delve\scripts\dev\RunEncounterSpike.cs:41)
       [7] void Delve.Dev.SpikeBase+<RunAsync>d__10.MoveNext() (G:\Godot\Gamestorming\delve\scripts\dev\SpikeBase.cs:53)
       [8] void System.Runtime.CompilerServices.AsyncMethodBuilderCore.Start<TStateMachine>(TStateMachine&)
       [9] System.Threading.Tasks.Task Delve.Dev.SpikeBase.RunAsync()
       [10] void Delve.Dev.SpikeBase._Ready() (G:\Godot\Gamestorming\delve\scripts\dev\SpikeBase.cs:38)
       [11] bool Godot.Node.InvokeGodotClassMethod(Godot.NativeInterop.godot_string_name&, Godot.NativeInterop.NativeVariantPtrArgs, Godot.NativeInterop.godot_variant&) (/root/godot/modules/mono/glue/GodotSharp/GodotSharp/Generated/GodotObjects/Node.cs:2646)
       [12] bool Delve.Dev.SpikeBase.InvokeGodotClassMethod(Godot.NativeInterop.godot_string_name&, Godot.NativeInterop.NativeVariantPtrArgs, Godot.NativeInterop.godot_variant&) (G:\Godot\Gamestorming\delve\.godot\mono\temp\obj\Debug\Godot.SourceGenerators\Godot.SourceGenerators.ScriptMethodsGenerator\Delve.Dev.SpikeBase_ScriptMethods.generated.cs:80)
       [13] bool Delve.Dev.RunEncounterSpike.InvokeGodotClassMethod(Godot.NativeInterop.godot_string_name&, Godot.NativeInterop.NativeVariantPtrArgs, Godot.NativeInterop.godot_variant&) (G:\Godot\Gamestorming\delve\.godot\mono\temp\obj\Debug\Godot.SourceGenerators\Godot.SourceGenerators.ScriptMethodsGenerator\Delve.Dev.RunEncounterSpike_ScriptMethods.generated.cs:140)
       [14] Godot.NativeInterop.godot_bool Godot.Bridge.CSharpInstanceBridge.Call(nint, Godot.NativeInterop.godot_string_name*, Godot.NativeInterop.godot_variant**, int, Godot.NativeInterop.godot_variant_call_error*, Godot.NativeInterop.godot_variant*) (/root/godot/modules/mono/glue/GodotSharp/GodotSharp/Core/Bridge/CSharpInstanceBridge.cs:24)
WARNING: [PF2e WARN] EncounterGenerator: No template could be filled for Lv2 party. Falling back to budget fill.
   at: void Delve.Autoload.DataManager+<>c.<WireLogging>b__27_1(string) (res://scripts/autoload/DataManager.cs:131)
   C# backtrace (most recent call first):
       [0] void Godot.GD.PushWarning(string) (/root/godot/modules/mono/glue/GodotSharp/GodotSharp/Core/GD.cs:396)
       [1] void Delve.Autoload.DataManager+<>c.<WireLogging>b__27_1(string) (G:\Godot\Gamestorming\delve\scripts\autoload\DataManager.cs:131)
       [2] void PF2e.Log.Warn(object) (F:\dev\Pf2e.Core\Pf2e.Core\Core\Log.cs:23)
       [3] PF2e.Data.EncounterDefinition PF2e.Utilities.EncounterGenerator.GenerateEncounter(PF2e.Data.EncounterDifficulty, int, int, PF2e.Data.EnemyDefinition[], System.Collections.Generic.List`1[System.String], PF2e.Data.HazardDefinition[]) (F:\dev\Pf2e.Core\Pf2e.Core\Utilities\EncounterGenerator.cs:227)
       [4] PF2e.Data.EncounterDefinition Delve.Run.GeneratedEncounters.Generate(Delve.Run.RunState, Delve.Run.MapNode, System.Func`2[Delve.Data.CreatureRef,PF2e.Data.EnemyDefinition], Delve.Run.EncounterGenRules) (G:\Godot\Gamestorming\delve\scripts\run\GeneratedEncounters.cs:119)
       [5] void Delve.Dev.RunEncounterSpike.CheckSweep(Delve.Autoload.DataManager) (G:\Godot\Gamestorming\delve\scripts\dev\RunEncounterSpike.cs:178)
       [6] System.Threading.Tasks.Task Delve.Dev.RunEncounterSpike.RunSpikeAsync(Delve.Autoload.DataManager) (G:\Godot\Gamestorming\delve\scripts\dev\RunEncounterSpike.cs:41)
       [7] void Delve.Dev.SpikeBase+<RunAsync>d__10.MoveNext() (G:\Godot\Gamestorming\delve\scripts\dev\SpikeBase.cs:53)
       [8] void System.Runtime.CompilerServices.AsyncMethodBuilderCore.Start<TStateMachine>(TStateMachine&)
       [9] System.Threading.Tasks.Task Delve.Dev.SpikeBase.RunAsync()
       [10] void Delve.Dev.SpikeBase._Ready() (G:\Godot\Gamestorming\delve\scripts\dev\SpikeBase.cs:38)
       [11] bool Godot.Node.InvokeGodotClassMethod(Godot.NativeInterop.godot_string_name&, Godot.NativeInterop.NativeVariantPtrArgs, Godot.NativeInterop.godot_variant&) (/root/godot/modules/mono/glue/GodotSharp/GodotSharp/Generated/GodotObjects/Node.cs:2646)
       [12] bool Delve.Dev.SpikeBase.InvokeGodotClassMethod(Godot.NativeInterop.godot_string_name&, Godot.NativeInterop.NativeVariantPtrArgs, Godot.NativeInterop.godot_variant&) (G:\Godot\Gamestorming\delve\.godot\mono\temp\obj\Debug\Godot.SourceGenerators\Godot.SourceGenerators.ScriptMethodsGenerator\Delve.Dev.SpikeBase_ScriptMethods.generated.cs:80)
       [13] bool Delve.Dev.RunEncounterSpike.InvokeGodotClassMethod(Godot.NativeInterop.godot_string_name&, Godot.NativeInterop.NativeVariantPtrArgs, Godot.NativeInterop.godot_variant&) (G:\Godot\Gamestorming\delve\.godot\mono\temp\obj\Debug\Godot.SourceGenerators\Godot.SourceGenerators.ScriptMethodsGenerator\Delve.Dev.RunEncounterSpike_ScriptMethods.generated.cs:140)
       [14] Godot.NativeInterop.godot_bool Godot.Bridge.CSharpInstanceBridge.Call(nint, Godot.NativeInterop.godot_string_name*, Godot.NativeInterop.godot_variant**, int, Godot.NativeInterop.godot_variant_call_error*, Godot.NativeInterop.godot_variant*) (/root/godot/modules/mono/glue/GodotSharp/GodotSharp/Core/Bridge/CSharpInstanceBridge.cs:24)
WARNING: [PF2e WARN] EncounterGenerator: No template could be filled for Lv2 party. Falling back to budget fill.
   at: void Delve.Autoload.DataManager+<>c.<WireLogging>b__27_1(string) (res://scripts/autoload/DataManager.cs:131)
   C# backtrace (most recent call first):
       [0] void Godot.GD.PushWarning(string) (/root/godot/modules/mono/glue/GodotSharp/GodotSharp/Core/GD.cs:396)
       [1] void Delve.Autoload.DataManager+<>c.<WireLogging>b__27_1(string) (G:\Godot\Gamestorming\delve\scripts\autoload\DataManager.cs:131)
       [2] void PF2e.Log.Warn(object) (F:\dev\Pf2e.Core\Pf2e.Core\Core\Log.cs:23)
       [3] PF2e.Data.EncounterDefinition PF2e.Utilities.EncounterGenerator.GenerateEncounter(PF2e.Data.EncounterDifficulty, int, int, PF2e.Data.EnemyDefinition[], System.Collections.Generic.List`1[System.String], PF2e.Data.HazardDefinition[]) (F:\dev\Pf2e.Core\Pf2e.Core\Utilities\EncounterGenerator.cs:227)
       [4] PF2e.Data.EncounterDefinition Delve.Run.GeneratedEncounters.Generate(Delve.Run.RunState, Delve.Run.MapNode, System.Func`2[Delve.Data.CreatureRef,PF2e.Data.EnemyDefinition], Delve.Run.EncounterGenRules) (G:\Godot\Gamestorming\delve\scripts\run\GeneratedEncounters.cs:119)
       [5] void Delve.Dev.RunEncounterSpike.CheckSweep(Delve.Autoload.DataManager) (G:\Godot\Gamestorming\delve\scripts\dev\RunEncounterSpike.cs:178)
       [6] System.Threading.Tasks.Task Delve.Dev.RunEncounterSpike.RunSpikeAsync(Delve.Autoload.DataManager) (G:\Godot\Gamestorming\delve\scripts\dev\RunEncounterSpike.cs:41)
       [7] void Delve.Dev.SpikeBase+<RunAsync>d__10.MoveNext() (G:\Godot\Gamestorming\delve\scripts\dev\SpikeBase.cs:53)
       [8] void System.Runtime.CompilerServices.AsyncMethodBuilderCore.Start<TStateMachine>(TStateMachine&)
       [9] System.Threading.Tasks.Task Delve.Dev.SpikeBase.RunAsync()
       [10] void Delve.Dev.SpikeBase._Ready() (G:\Godot\Gamestorming\delve\scripts\dev\SpikeBase.cs:38)
       [11] bool Godot.Node.InvokeGodotClassMethod(Godot.NativeInterop.godot_string_name&, Godot.NativeInterop.NativeVariantPtrArgs, Godot.NativeInterop.godot_variant&) (/root/godot/modules/mono/glue/GodotSharp/GodotSharp/Generated/GodotObjects/Node.cs:2646)
       [12] bool Delve.Dev.SpikeBase.InvokeGodotClassMethod(Godot.NativeInterop.godot_string_name&, Godot.NativeInterop.NativeVariantPtrArgs, Godot.NativeInterop.godot_variant&) (G:\Godot\Gamestorming\delve\.godot\mono\temp\obj\Debug\Godot.SourceGenerators\Godot.SourceGenerators.ScriptMethodsGenerator\Delve.Dev.SpikeBase_ScriptMethods.generated.cs:80)
       [13] bool Delve.Dev.RunEncounterSpike.InvokeGodotClassMethod(Godot.NativeInterop.godot_string_name&, Godot.NativeInterop.NativeVariantPtrArgs, Godot.NativeInterop.godot_variant&) (G:\Godot\Gamestorming\delve\.godot\mono\temp\obj\Debug\Godot.SourceGenerators\Godot.SourceGenerators.ScriptMethodsGenerator\Delve.Dev.RunEncounterSpike_ScriptMethods.generated.cs:140)
       [14] Godot.NativeInterop.godot_bool Godot.Bridge.CSharpInstanceBridge.Call(nint, Godot.NativeInterop.godot_string_name*, Godot.NativeInterop.godot_variant**, int, Godot.NativeInterop.godot_variant_call_error*, Godot.NativeInterop.godot_variant*) (/root/godot/modules/mono/glue/GodotSharp/GodotSharp/Core/Bridge/CSharpInstanceBridge.cs:24)
WARNING: [PF2e WARN] EncounterGenerator: No template could be filled for Lv2 party. Falling back to budget fill.
   at: void Delve.Autoload.DataManager+<>c.<WireLogging>b__27_1(string) (res://scripts/autoload/DataManager.cs:131)
   C# backtrace (most recent call first):
       [0] void Godot.GD.PushWarning(string) (/root/godot/modules/mono/glue/GodotSharp/GodotSharp/Core/GD.cs:396)
       [1] void Delve.Autoload.DataManager+<>c.<WireLogging>b__27_1(string) (G:\Godot\Gamestorming\delve\scripts\autoload\DataManager.cs:131)
       [2] void PF2e.Log.Warn(object) (F:\dev\Pf2e.Core\Pf2e.Core\Core\Log.cs:23)
       [3] PF2e.Data.EncounterDefinition PF2e.Utilities.EncounterGenerator.GenerateEncounter(PF2e.Data.EncounterDifficulty, int, int, PF2e.Data.EnemyDefinition[], System.Collections.Generic.List`1[System.String], PF2e.Data.HazardDefinition[]) (F:\dev\Pf2e.Core\Pf2e.Core\Utilities\EncounterGenerator.cs:227)
       [4] PF2e.Data.EncounterDefinition Delve.Run.GeneratedEncounters.Generate(Delve.Run.RunState, Delve.Run.MapNode, System.Func`2[Delve.Data.CreatureRef,PF2e.Data.EnemyDefinition], Delve.Run.EncounterGenRules) (G:\Godot\Gamestorming\delve\scripts\run\GeneratedEncounters.cs:119)
       [5] void Delve.Dev.RunEncounterSpike.CheckSweep(Delve.Autoload.DataManager) (G:\Godot\Gamestorming\delve\scripts\dev\RunEncounterSpike.cs:178)
       [6] System.Threading.Tasks.Task Delve.Dev.RunEncounterSpike.RunSpikeAsync(Delve.Autoload.DataManager) (G:\Godot\Gamestorming\delve\scripts\dev\RunEncounterSpike.cs:41)
       [7] void Delve.Dev.SpikeBase+<RunAsync>d__10.MoveNext() (G:\Godot\Gamestorming\delve\scripts\dev\SpikeBase.cs:53)
       [8] void System.Runtime.CompilerServices.AsyncMethodBuilderCore.Start<TStateMachine>(TStateMachine&)
       [9] System.Threading.Tasks.Task Delve.Dev.SpikeBase.RunAsync()
       [10] void Delve.Dev.SpikeBase._Ready() (G:\Godot\Gamestorming\delve\scripts\dev\SpikeBase.cs:38)
       [11] bool Godot.Node.InvokeGodotClassMethod(Godot.NativeInterop.godot_string_name&, Godot.NativeInterop.NativeVariantPtrArgs, Godot.NativeInterop.godot_variant&) (/root/godot/modules/mono/glue/GodotSharp/GodotSharp/Generated/GodotObjects/Node.cs:2646)
       [12] bool Delve.Dev.SpikeBase.InvokeGodotClassMethod(Godot.NativeInterop.godot_string_name&, Godot.NativeInterop.NativeVariantPtrArgs, Godot.NativeInterop.godot_variant&) (G:\Godot\Gamestorming\delve\.godot\mono\temp\obj\Debug\Godot.SourceGenerators\Godot.SourceGenerators.ScriptMethodsGenerator\Delve.Dev.SpikeBase_ScriptMethods.generated.cs:80)
       [13] bool Delve.Dev.RunEncounterSpike.InvokeGodotClassMethod(Godot.NativeInterop.godot_string_name&, Godot.NativeInterop.NativeVariantPtrArgs, Godot.NativeInterop.godot_variant&) (G:\Godot\Gamestorming\delve\.godot\mono\temp\obj\Debug\Godot.SourceGenerators\Godot.SourceGenerators.ScriptMethodsGenerator\Delve.Dev.RunEncounterSpike_ScriptMethods.generated.cs:140)
       [14] Godot.NativeInterop.godot_bool Godot.Bridge.CSharpInstanceBridge.Call(nint, Godot.NativeInterop.godot_string_name*, Godot.NativeInterop.godot_variant**, int, Godot.NativeInterop.godot_variant_call_error*, Godot.NativeInterop.godot_variant*) (/root/godot/modules/mono/glue/GodotSharp/GodotSharp/Core/Bridge/CSharpInstanceBridge.cs:24)
WARNING: [PF2e WARN] EncounterGenerator: No template could be filled for Lv2 party. Falling back to budget fill.
   at: void Delve.Autoload.DataManager+<>c.<WireLogging>b__27_1(string) (res://scripts/autoload/DataManager.cs:131)
   C# backtrace (most recent call first):
       [0] void Godot.GD.PushWarning(string) (/root/godot/modules/mono/glue/GodotSharp/GodotSharp/Core/GD.cs:396)
       [1] void Delve.Autoload.DataManager+<>c.<WireLogging>b__27_1(string) (G:\Godot\Gamestorming\delve\scripts\autoload\DataManager.cs:131)
       [2] void PF2e.Log.Warn(object) (F:\dev\Pf2e.Core\Pf2e.Core\Core\Log.cs:23)
       [3] PF2e.Data.EncounterDefinition PF2e.Utilities.EncounterGenerator.GenerateEncounter(PF2e.Data.EncounterDifficulty, int, int, PF2e.Data.EnemyDefinition[], System.Collections.Generic.List`1[System.String], PF2e.Data.HazardDefinition[]) (F:\dev\Pf2e.Core\Pf2e.Core\Utilities\EncounterGenerator.cs:227)
       [4] PF2e.Data.EncounterDefinition Delve.Run.GeneratedEncounters.Generate(Delve.Run.RunState, Delve.Run.MapNode, System.Func`2[Delve.Data.CreatureRef,PF2e.Data.EnemyDefinition], Delve.Run.EncounterGenRules) (G:\Godot\Gamestorming\delve\scripts\run\GeneratedEncounters.cs:119)
       [5] void Delve.Dev.RunEncounterSpike.CheckSweep(Delve.Autoload.DataManager) (G:\Godot\Gamestorming\delve\scripts\dev\RunEncounterSpike.cs:178)
       [6] System.Threading.Tasks.Task Delve.Dev.RunEncounterSpike.RunSpikeAsync(Delve.Autoload.DataManager) (G:\Godot\Gamestorming\delve\scripts\dev\RunEncounterSpike.cs:41)
       [7] void Delve.Dev.SpikeBase+<RunAsync>d__10.MoveNext() (G:\Godot\Gamestorming\delve\scripts\dev\SpikeBase.cs:53)
       [8] void System.Runtime.CompilerServices.AsyncMethodBuilderCore.Start<TStateMachine>(TStateMachine&)
       [9] System.Threading.Tasks.Task Delve.Dev.SpikeBase.RunAsync()
       [10] void Delve.Dev.SpikeBase._Ready() (G:\Godot\Gamestorming\delve\scripts\dev\SpikeBase.cs:38)
       [11] bool Godot.Node.InvokeGodotClassMethod(Godot.NativeInterop.godot_string_name&, Godot.NativeInterop.NativeVariantPtrArgs, Godot.NativeInterop.godot_variant&) (/root/godot/modules/mono/glue/GodotSharp/GodotSharp/Generated/GodotObjects/Node.cs:2646)
       [12] bool Delve.Dev.SpikeBase.InvokeGodotClassMethod(Godot.NativeInterop.godot_string_name&, Godot.NativeInterop.NativeVariantPtrArgs, Godot.NativeInterop.godot_variant&) (G:\Godot\Gamestorming\delve\.godot\mono\temp\obj\Debug\Godot.SourceGenerators\Godot.SourceGenerators.ScriptMethodsGenerator\Delve.Dev.SpikeBase_ScriptMethods.generated.cs:80)
       [13] bool Delve.Dev.RunEncounterSpike.InvokeGodotClassMethod(Godot.NativeInterop.godot_string_name&, Godot.NativeInterop.NativeVariantPtrArgs, Godot.NativeInterop.godot_variant&) (G:\Godot\Gamestorming\delve\.godot\mono\temp\obj\Debug\Godot.SourceGenerators\Godot.SourceGenerators.ScriptMethodsGenerator\Delve.Dev.RunEncounterSpike_ScriptMethods.generated.cs:140)
       [14] Godot.NativeInterop.godot_bool Godot.Bridge.CSharpInstanceBridge.Call(nint, Godot.NativeInterop.godot_string_name*, Godot.NativeInterop.godot_variant**, int, Godot.NativeInterop.godot_variant_call_error*, Godot.NativeInterop.godot_variant*) (/root/godot/modules/mono/glue/GodotSharp/GodotSharp/Core/Bridge/CSharpInstanceBridge.cs:24)
WARNING: [PF2e WARN] EncounterGenerator: No template could be filled for Lv2 party. Falling back to budget fill.
   at: void Delve.Autoload.DataManager+<>c.<WireLogging>b__27_1(string) (res://scripts/autoload/DataManager.cs:131)
   C# backtrace (most recent call first):
       [0] void Godot.GD.PushWarning(string) (/root/godot/modules/mono/glue/GodotSharp/GodotSharp/Core/GD.cs:396)
       [1] void Delve.Autoload.DataManager+<>c.<WireLogging>b__27_1(string) (G:\Godot\Gamestorming\delve\scripts\autoload\DataManager.cs:131)
       [2] void PF2e.Log.Warn(object) (F:\dev\Pf2e.Core\Pf2e.Core\Core\Log.cs:23)
       [3] PF2e.Data.EncounterDefinition PF2e.Utilities.EncounterGenerator.GenerateEncounter(PF2e.Data.EncounterDifficulty, int, int, PF2e.Data.EnemyDefinition[], System.Collections.Generic.List`1[System.String], PF2e.Data.HazardDefinition[]) (F:\dev\Pf2e.Core\Pf2e.Core\Utilities\EncounterGenerator.cs:227)
       [4] PF2e.Data.EncounterDefinition Delve.Run.GeneratedEncounters.Generate(Delve.Run.RunState, Delve.Run.MapNode, System.Func`2[Delve.Data.CreatureRef,PF2e.Data.EnemyDefinition], Delve.Run.EncounterGenRules) (G:\Godot\Gamestorming\delve\scripts\run\GeneratedEncounters.cs:119)
       [5] void Delve.Dev.RunEncounterSpike.CheckSweep(Delve.Autoload.DataManager) (G:\Godot\Gamestorming\delve\scripts\dev\RunEncounterSpike.cs:178)
       [6] System.Threading.Tasks.Task Delve.Dev.RunEncounterSpike.RunSpikeAsync(Delve.Autoload.DataManager) (G:\Godot\Gamestorming\delve\scripts\dev\RunEncounterSpike.cs:41)
       [7] void Delve.Dev.SpikeBase+<RunAsync>d__10.MoveNext() (G:\Godot\Gamestorming\delve\scripts\dev\SpikeBase.cs:53)
       [8] void System.Runtime.CompilerServices.AsyncMethodBuilderCore.Start<TStateMachine>(TStateMachine&)
       [9] System.Threading.Tasks.Task Delve.Dev.SpikeBase.RunAsync()
       [10] void Delve.Dev.SpikeBase._Ready() (G:\Godot\Gamestorming\delve\scripts\dev\SpikeBase.cs:38)
       [11] bool Godot.Node.InvokeGodotClassMethod(Godot.NativeInterop.godot_string_name&, Godot.NativeInterop.NativeVariantPtrArgs, Godot.NativeInterop.godot_variant&) (/root/godot/modules/mono/glue/GodotSharp/GodotSharp/Generated/GodotObjects/Node.cs:2646)
       [12] bool Delve.Dev.SpikeBase.InvokeGodotClassMethod(Godot.NativeInterop.godot_string_name&, Godot.NativeInterop.NativeVariantPtrArgs, Godot.NativeInterop.godot_variant&) (G:\Godot\Gamestorming\delve\.godot\mono\temp\obj\Debug\Godot.SourceGenerators\Godot.SourceGenerators.ScriptMethodsGenerator\Delve.Dev.SpikeBase_ScriptMethods.generated.cs:80)
       [13] bool Delve.Dev.RunEncounterSpike.InvokeGodotClassMethod(Godot.NativeInterop.godot_string_name&, Godot.NativeInterop.NativeVariantPtrArgs, Godot.NativeInterop.godot_variant&) (G:\Godot\Gamestorming\delve\.godot\mono\temp\obj\Debug\Godot.SourceGenerators\Godot.SourceGenerators.ScriptMethodsGenerator\Delve.Dev.RunEncounterSpike_ScriptMethods.generated.cs:140)
       [14] Godot.NativeInterop.godot_bool Godot.Bridge.CSharpInstanceBridge.Call(nint, Godot.NativeInterop.godot_string_name*, Godot.NativeInterop.godot_variant**, int, Godot.NativeInterop.godot_variant_call_error*, Godot.NativeInterop.godot_variant*) (/root/godot/modules/mono/glue/GodotSharp/GodotSharp/Core/Bridge/CSharpInstanceBridge.cs:24)
WARNING: [PF2e WARN] EncounterGenerator: No template could be filled for Lv2 party. Falling back to budget fill.
   at: void Delve.Autoload.DataManager+<>c.<WireLogging>b__27_1(string) (res://scripts/autoload/DataManager.cs:131)
   C# backtrace (most recent call first):
       [0] void Godot.GD.PushWarning(string) (/root/godot/modules/mono/glue/GodotSharp/GodotSharp/Core/GD.cs:396)
       [1] void Delve.Autoload.DataManager+<>c.<WireLogging>b__27_1(string) (G:\Godot\Gamestorming\delve\scripts\autoload\DataManager.cs:131)
       [2] void PF2e.Log.Warn(object) (F:\dev\Pf2e.Core\Pf2e.Core\Core\Log.cs:23)
       [3] PF2e.Data.EncounterDefinition PF2e.Utilities.EncounterGenerator.GenerateEncounter(PF2e.Data.EncounterDifficulty, int, int, PF2e.Data.EnemyDefinition[], System.Collections.Generic.List`1[System.String], PF2e.Data.HazardDefinition[]) (F:\dev\Pf2e.Core\Pf2e.Core\Utilities\EncounterGenerator.cs:227)
       [4] PF2e.Data.EncounterDefinition Delve.Run.GeneratedEncounters.Generate(Delve.Run.RunState, Delve.Run.MapNode, System.Func`2[Delve.Data.CreatureRef,PF2e.Data.EnemyDefinition], Delve.Run.EncounterGenRules) (G:\Godot\Gamestorming\delve\scripts\run\GeneratedEncounters.cs:119)
       [5] void Delve.Dev.RunEncounterSpike.CheckSweep(Delve.Autoload.DataManager) (G:\Godot\Gamestorming\delve\scripts\dev\RunEncounterSpike.cs:178)
       [6] System.Threading.Tasks.Task Delve.Dev.RunEncounterSpike.RunSpikeAsync(Delve.Autoload.DataManager) (G:\Godot\Gamestorming\delve\scripts\dev\RunEncounterSpike.cs:41)
       [7] void Delve.Dev.SpikeBase+<RunAsync>d__10.MoveNext() (G:\Godot\Gamestorming\delve\scripts\dev\SpikeBase.cs:53)
       [8] void System.Runtime.CompilerServices.AsyncMethodBuilderCore.Start<TStateMachine>(TStateMachine&)
       [9] System.Threading.Tasks.Task Delve.Dev.SpikeBase.RunAsync()
       [10] void Delve.Dev.SpikeBase._Ready() (G:\Godot\Gamestorming\delve\scripts\dev\SpikeBase.cs:38)
       [11] bool Godot.Node.InvokeGodotClassMethod(Godot.NativeInterop.godot_string_name&, Godot.NativeInterop.NativeVariantPtrArgs, Godot.NativeInterop.godot_variant&) (/root/godot/modules/mono/glue/GodotSharp/GodotSharp/Generated/GodotObjects/Node.cs:2646)
       [12] bool Delve.Dev.SpikeBase.InvokeGodotClassMethod(Godot.NativeInterop.godot_string_name&, Godot.NativeInterop.NativeVariantPtrArgs, Godot.NativeInterop.godot_variant&) (G:\Godot\Gamestorming\delve\.godot\mono\temp\obj\Debug\Godot.SourceGenerators\Godot.SourceGenerators.ScriptMethodsGenerator\Delve.Dev.SpikeBase_ScriptMethods.generated.cs:80)
       [13] bool Delve.Dev.RunEncounterSpike.InvokeGodotClassMethod(Godot.NativeInterop.godot_string_name&, Godot.NativeInterop.NativeVariantPtrArgs, Godot.NativeInterop.godot_variant&) (G:\Godot\Gamestorming\delve\.godot\mono\temp\obj\Debug\Godot.SourceGenerators\Godot.SourceGenerators.ScriptMethodsGenerator\Delve.Dev.RunEncounterSpike_ScriptMethods.generated.cs:140)
       [14] Godot.NativeInterop.godot_bool Godot.Bridge.CSharpInstanceBridge.Call(nint, Godot.NativeInterop.godot_string_name*, Godot.NativeInterop.godot_variant**, int, Godot.NativeInterop.godot_variant_call_error*, Godot.NativeInterop.godot_variant*) (/root/godot/modules/mono/glue/GodotSharp/GodotSharp/Core/Bridge/CSharpInstanceBridge.cs:24)
WARNING: [PF2e WARN] EncounterGenerator: No template could be filled for Lv2 party. Falling back to budget fill.
   at: void Delve.Autoload.DataManager+<>c.<WireLogging>b__27_1(string) (res://scripts/autoload/DataManager.cs:131)
   C# backtrace (most recent call first):
       [0] void Godot.GD.PushWarning(string) (/root/godot/modules/mono/glue/GodotSharp/GodotSharp/Core/GD.cs:396)
       [1] void Delve.Autoload.DataManager+<>c.<WireLogging>b__27_1(string) (G:\Godot\Gamestorming\delve\scripts\autoload\DataManager.cs:131)
       [2] void PF2e.Log.Warn(object) (F:\dev\Pf2e.Core\Pf2e.Core\Core\Log.cs:23)
       [3] PF2e.Data.EncounterDefinition PF2e.Utilities.EncounterGenerator.GenerateEncounter(PF2e.Data.EncounterDifficulty, int, int, PF2e.Data.EnemyDefinition[], System.Collections.Generic.List`1[System.String], PF2e.Data.HazardDefinition[]) (F:\dev\Pf2e.Core\Pf2e.Core\Utilities\EncounterGenerator.cs:227)
       [4] PF2e.Data.EncounterDefinition Delve.Run.GeneratedEncounters.Generate(Delve.Run.RunState, Delve.Run.MapNode, System.Func`2[Delve.Data.CreatureRef,PF2e.Data.EnemyDefinition], Delve.Run.EncounterGenRules) (G:\Godot\Gamestorming\delve\scripts\run\GeneratedEncounters.cs:119)
       [5] void Delve.Dev.RunEncounterSpike.CheckSweep(Delve.Autoload.DataManager) (G:\Godot\Gamestorming\delve\scripts\dev\RunEncounterSpike.cs:178)
       [6] System.Threading.Tasks.Task Delve.Dev.RunEncounterSpike.RunSpikeAsync(Delve.Autoload.DataManager) (G:\Godot\Gamestorming\delve\scripts\dev\RunEncounterSpike.cs:41)
       [7] void Delve.Dev.SpikeBase+<RunAsync>d__10.MoveNext() (G:\Godot\Gamestorming\delve\scripts\dev\SpikeBase.cs:53)
       [8] void System.Runtime.CompilerServices.AsyncMethodBuilderCore.Start<TStateMachine>(TStateMachine&)
       [9] System.Threading.Tasks.Task Delve.Dev.SpikeBase.RunAsync()
       [10] void Delve.Dev.SpikeBase._Ready() (G:\Godot\Gamestorming\delve\scripts\dev\SpikeBase.cs:38)
       [11] bool Godot.Node.InvokeGodotClassMethod(Godot.NativeInterop.godot_string_name&, Godot.NativeInterop.NativeVariantPtrArgs, Godot.NativeInterop.godot_variant&) (/root/godot/modules/mono/glue/GodotSharp/GodotSharp/Generated/GodotObjects/Node.cs:2646)
       [12] bool Delve.Dev.SpikeBase.InvokeGodotClassMethod(Godot.NativeInterop.godot_string_name&, Godot.NativeInterop.NativeVariantPtrArgs, Godot.NativeInterop.godot_variant&) (G:\Godot\Gamestorming\delve\.godot\mono\temp\obj\Debug\Godot.SourceGenerators\Godot.SourceGenerators.ScriptMethodsGenerator\Delve.Dev.SpikeBase_ScriptMethods.generated.cs:80)
       [13] bool Delve.Dev.RunEncounterSpike.InvokeGodotClassMethod(Godot.NativeInterop.godot_string_name&, Godot.NativeInterop.NativeVariantPtrArgs, Godot.NativeInterop.godot_variant&) (G:\Godot\Gamestorming\delve\.godot\mono\temp\obj\Debug\Godot.SourceGenerators\Godot.SourceGenerators.ScriptMethodsGenerator\Delve.Dev.RunEncounterSpike_ScriptMethods.generated.cs:140)
       [14] Godot.NativeInterop.godot_bool Godot.Bridge.CSharpInstanceBridge.Call(nint, Godot.NativeInterop.godot_string_name*, Godot.NativeInterop.godot_variant**, int, Godot.NativeInterop.godot_variant_call_error*, Godot.NativeInterop.godot_variant*) (/root/godot/modules/mono/glue/GodotSharp/GodotSharp/Core/Bridge/CSharpInstanceBridge.cs:24)
WARNING: [PF2e WARN] EncounterGenerator: No template could be filled for Lv2 party. Falling back to budget fill.
   at: void Delve.Autoload.DataManager+<>c.<WireLogging>b__27_1(string) (res://scripts/autoload/DataManager.cs:131)
   C# backtrace (most recent call first):
       [0] void Godot.GD.PushWarning(string) (/root/godot/modules/mono/glue/GodotSharp/GodotSharp/Core/GD.cs:396)
       [1] void Delve.Autoload.DataManager+<>c.<WireLogging>b__27_1(string) (G:\Godot\Gamestorming\delve\scripts\autoload\DataManager.cs:131)
       [2] void PF2e.Log.Warn(object) (F:\dev\Pf2e.Core\Pf2e.Core\Core\Log.cs:23)
       [3] PF2e.Data.EncounterDefinition PF2e.Utilities.EncounterGenerator.GenerateEncounter(PF2e.Data.EncounterDifficulty, int, int, PF2e.Data.EnemyDefinition[], System.Collections.Generic.List`1[System.String], PF2e.Data.HazardDefinition[]) (F:\dev\Pf2e.Core\Pf2e.Core\Utilities\EncounterGenerator.cs:227)
       [4] PF2e.Data.EncounterDefinition Delve.Run.GeneratedEncounters.Generate(Delve.Run.RunState, Delve.Run.MapNode, System.Func`2[Delve.Data.CreatureRef,PF2e.Data.EnemyDefinition], Delve.Run.EncounterGenRules) (G:\Godot\Gamestorming\delve\scripts\run\GeneratedEncounters.cs:119)
       [5] void Delve.Dev.RunEncounterSpike.CheckSweep(Delve.Autoload.DataManager) (G:\Godot\Gamestorming\delve\scripts\dev\RunEncounterSpike.cs:178)
       [6] System.Threading.Tasks.Task Delve.Dev.RunEncounterSpike.RunSpikeAsync(Delve.Autoload.DataManager) (G:\Godot\Gamestorming\delve\scripts\dev\RunEncounterSpike.cs:41)
       [7] void Delve.Dev.SpikeBase+<RunAsync>d__10.MoveNext() (G:\Godot\Gamestorming\delve\scripts\dev\SpikeBase.cs:53)
       [8] void System.Runtime.CompilerServices.AsyncMethodBuilderCore.Start<TStateMachine>(TStateMachine&)
       [9] System.Threading.Tasks.Task Delve.Dev.SpikeBase.RunAsync()
       [10] void Delve.Dev.SpikeBase._Ready() (G:\Godot\Gamestorming\delve\scripts\dev\SpikeBase.cs:38)
       [11] bool Godot.Node.InvokeGodotClassMethod(Godot.NativeInterop.godot_string_name&, Godot.NativeInterop.NativeVariantPtrArgs, Godot.NativeInterop.godot_variant&) (/root/godot/modules/mono/glue/GodotSharp/GodotSharp/Generated/GodotObjects/Node.cs:2646)
       [12] bool Delve.Dev.SpikeBase.InvokeGodotClassMethod(Godot.NativeInterop.godot_string_name&, Godot.NativeInterop.NativeVariantPtrArgs, Godot.NativeInterop.godot_variant&) (G:\Godot\Gamestorming\delve\.godot\mono\temp\obj\Debug\Godot.SourceGenerators\Godot.SourceGenerators.ScriptMethodsGenerator\Delve.Dev.SpikeBase_ScriptMethods.generated.cs:80)
       [13] bool Delve.Dev.RunEncounterSpike.InvokeGodotClassMethod(Godot.NativeInterop.godot_string_name&, Godot.NativeInterop.NativeVariantPtrArgs, Godot.NativeInterop.godot_variant&) (G:\Godot\Gamestorming\delve\.godot\mono\temp\obj\Debug\Godot.SourceGenerators\Godot.SourceGenerators.ScriptMethodsGenerator\Delve.Dev.RunEncounterSpike_ScriptMethods.generated.cs:140)
       [14] Godot.NativeInterop.godot_bool Godot.Bridge.CSharpInstanceBridge.Call(nint, Godot.NativeInterop.godot_string_name*, Godot.NativeInterop.godot_variant**, int, Godot.NativeInterop.godot_variant_call_error*, Godot.NativeInterop.godot_variant*) (/root/godot/modules/mono/glue/GodotSharp/GodotSharp/Core/Bridge/CSharpInstanceBridge.cs:24)
WARNING: [PF2e WARN] EncounterGenerator: No template could be filled for Lv2 party. Falling back to budget fill.
   at: void Delve.Autoload.DataManager+<>c.<WireLogging>b__27_1(string) (res://scripts/autoload/DataManager.cs:131)
   C# backtrace (most recent call first):
       [0] void Godot.GD.PushWarning(string) (/root/godot/modules/mono/glue/GodotSharp/GodotSharp/Core/GD.cs:396)
       [1] void Delve.Autoload.DataManager+<>c.<WireLogging>b__27_1(string) (G:\Godot\Gamestorming\delve\scripts\autoload\DataManager.cs:131)
       [2] void PF2e.Log.Warn(object) (F:\dev\Pf2e.Core\Pf2e.Core\Core\Log.cs:23)
       [3] PF2e.Data.EncounterDefinition PF2e.Utilities.EncounterGenerator.GenerateEncounter(PF2e.Data.EncounterDifficulty, int, int, PF2e.Data.EnemyDefinition[], System.Collections.Generic.List`1[System.String], PF2e.Data.HazardDefinition[]) (F:\dev\Pf2e.Core\Pf2e.Core\Utilities\EncounterGenerator.cs:227)
       [4] PF2e.Data.EncounterDefinition Delve.Run.GeneratedEncounters.Generate(Delve.Run.RunState, Delve.Run.MapNode, System.Func`2[Delve.Data.CreatureRef,PF2e.Data.EnemyDefinition], Delve.Run.EncounterGenRules) (G:\Godot\Gamestorming\delve\scripts\run\GeneratedEncounters.cs:119)
       [5] void Delve.Dev.RunEncounterSpike.CheckSweep(Delve.Autoload.DataManager) (G:\Godot\Gamestorming\delve\scripts\dev\RunEncounterSpike.cs:178)
       [6] System.Threading.Tasks.Task Delve.Dev.RunEncounterSpike.RunSpikeAsync(Delve.Autoload.DataManager) (G:\Godot\Gamestorming\delve\scripts\dev\RunEncounterSpike.cs:41)
       [7] void Delve.Dev.SpikeBase+<RunAsync>d__10.MoveNext() (G:\Godot\Gamestorming\delve\scripts\dev\SpikeBase.cs:53)
       [8] void System.Runtime.CompilerServices.AsyncMethodBuilderCore.Start<TStateMachine>(TStateMachine&)
       [9] System.Threading.Tasks.Task Delve.Dev.SpikeBase.RunAsync()
       [10] void Delve.Dev.SpikeBase._Ready() (G:\Godot\Gamestorming\delve\scripts\dev\SpikeBase.cs:38)
       [11] bool Godot.Node.InvokeGodotClassMethod(Godot.NativeInterop.godot_string_name&, Godot.NativeInterop.NativeVariantPtrArgs, Godot.NativeInterop.godot_variant&) (/root/godot/modules/mono/glue/GodotSharp/GodotSharp/Generated/GodotObjects/Node.cs:2646)
       [12] bool Delve.Dev.SpikeBase.InvokeGodotClassMethod(Godot.NativeInterop.godot_string_name&, Godot.NativeInterop.NativeVariantPtrArgs, Godot.NativeInterop.godot_variant&) (G:\Godot\Gamestorming\delve\.godot\mono\temp\obj\Debug\Godot.SourceGenerators\Godot.SourceGenerators.ScriptMethodsGenerator\Delve.Dev.SpikeBase_ScriptMethods.generated.cs:80)
       [13] bool Delve.Dev.RunEncounterSpike.InvokeGodotClassMethod(Godot.NativeInterop.godot_string_name&, Godot.NativeInterop.NativeVariantPtrArgs, Godot.NativeInterop.godot_variant&) (G:\Godot\Gamestorming\delve\.godot\mono\temp\obj\Debug\Godot.SourceGenerators\Godot.SourceGenerators.ScriptMethodsGenerator\Delve.Dev.RunEncounterSpike_ScriptMethods.generated.cs:140)
       [14] Godot.NativeInterop.godot_bool Godot.Bridge.CSharpInstanceBridge.Call(nint, Godot.NativeInterop.godot_string_name*, Godot.NativeInterop.godot_variant**, int, Godot.NativeInterop.godot_variant_call_error*, Godot.NativeInterop.godot_variant*) (/root/godot/modules/mono/glue/GodotSharp/GodotSharp/Core/Bridge/CSharpInstanceBridge.cs:24)
WARNING: [PF2e WARN] EncounterGenerator: No template could be filled for Lv2 party. Falling back to budget fill.
   at: void Delve.Autoload.DataManager+<>c.<WireLogging>b__27_1(string) (res://scripts/autoload/DataManager.cs:131)
   C# backtrace (most recent call first):
       [0] void Godot.GD.PushWarning(string) (/root/godot/modules/mono/glue/GodotSharp/GodotSharp/Core/GD.cs:396)
       [1] void Delve.Autoload.DataManager+<>c.<WireLogging>b__27_1(string) (G:\Godot\Gamestorming\delve\scripts\autoload\DataManager.cs:131)
       [2] void PF2e.Log.Warn(object) (F:\dev\Pf2e.Core\Pf2e.Core\Core\Log.cs:23)
       [3] PF2e.Data.EncounterDefinition PF2e.Utilities.EncounterGenerator.GenerateEncounter(PF2e.Data.EncounterDifficulty, int, int, PF2e.Data.EnemyDefinition[], System.Collections.Generic.List`1[System.String], PF2e.Data.HazardDefinition[]) (F:\dev\Pf2e.Core\Pf2e.Core\Utilities\EncounterGenerator.cs:227)
       [4] PF2e.Data.EncounterDefinition Delve.Run.GeneratedEncounters.Generate(Delve.Run.RunState, Delve.Run.MapNode, System.Func`2[Delve.Data.CreatureRef,PF2e.Data.EnemyDefinition], Delve.Run.EncounterGenRules) (G:\Godot\Gamestorming\delve\scripts\run\GeneratedEncounters.cs:119)
       [5] void Delve.Dev.RunEncounterSpike.CheckSweep(Delve.Autoload.DataManager) (G:\Godot\Gamestorming\delve\scripts\dev\RunEncounterSpike.cs:178)
       [6] System.Threading.Tasks.Task Delve.Dev.RunEncounterSpike.RunSpikeAsync(Delve.Autoload.DataManager) (G:\Godot\Gamestorming\delve\scripts\dev\RunEncounterSpike.cs:41)
       [7] void Delve.Dev.SpikeBase+<RunAsync>d__10.MoveNext() (G:\Godot\Gamestorming\delve\scripts\dev\SpikeBase.cs:53)
       [8] void System.Runtime.CompilerServices.AsyncMethodBuilderCore.Start<TStateMachine>(TStateMachine&)
       [9] System.Threading.Tasks.Task Delve.Dev.SpikeBase.RunAsync()
       [10] void Delve.Dev.SpikeBase._Ready() (G:\Godot\Gamestorming\delve\scripts\dev\SpikeBase.cs:38)
       [11] bool Godot.Node.InvokeGodotClassMethod(Godot.NativeInterop.godot_string_name&, Godot.NativeInterop.NativeVariantPtrArgs, Godot.NativeInterop.godot_variant&) (/root/godot/modules/mono/glue/GodotSharp/GodotSharp/Generated/GodotObjects/Node.cs:2646)
       [12] bool Delve.Dev.SpikeBase.InvokeGodotClassMethod(Godot.NativeInterop.godot_string_name&, Godot.NativeInterop.NativeVariantPtrArgs, Godot.NativeInterop.godot_variant&) (G:\Godot\Gamestorming\delve\.godot\mono\temp\obj\Debug\Godot.SourceGenerators\Godot.SourceGenerators.ScriptMethodsGenerator\Delve.Dev.SpikeBase_ScriptMethods.generated.cs:80)
       [13] bool Delve.Dev.RunEncounterSpike.InvokeGodotClassMethod(Godot.NativeInterop.godot_string_name&, Godot.NativeInterop.NativeVariantPtrArgs, Godot.NativeInterop.godot_variant&) (G:\Godot\Gamestorming\delve\.godot\mono\temp\obj\Debug\Godot.SourceGenerators\Godot.SourceGenerators.ScriptMethodsGenerator\Delve.Dev.RunEncounterSpike_ScriptMethods.generated.cs:140)
       [14] Godot.NativeInterop.godot_bool Godot.Bridge.CSharpInstanceBridge.Call(nint, Godot.NativeInterop.godot_string_name*, Godot.NativeInterop.godot_variant**, int, Godot.NativeInterop.godot_variant_call_error*, Godot.NativeInterop.godot_variant*) (/root/godot/modules/mono/glue/GodotSharp/GodotSharp/Core/Bridge/CSharpInstanceBridge.cs:24)
WARNING: [PF2e WARN] EncounterGenerator: No template could be filled for Lv2 party. Falling back to budget fill.
   at: void Delve.Autoload.DataManager+<>c.<WireLogging>b__27_1(string) (res://scripts/autoload/DataManager.cs:131)
   C# backtrace (most recent call first):
       [0] void Godot.GD.PushWarning(string) (/root/godot/modules/mono/glue/GodotSharp/GodotSharp/Core/GD.cs:396)
       [1] void Delve.Autoload.DataManager+<>c.<WireLogging>b__27_1(string) (G:\Godot\Gamestorming\delve\scripts\autoload\DataManager.cs:131)
       [2] void PF2e.Log.Warn(object) (F:\dev\Pf2e.Core\Pf2e.Core\Core\Log.cs:23)
       [3] PF2e.Data.EncounterDefinition PF2e.Utilities.EncounterGenerator.GenerateEncounter(PF2e.Data.EncounterDifficulty, int, int, PF2e.Data.EnemyDefinition[], System.Collections.Generic.List`1[System.String], PF2e.Data.HazardDefinition[]) (F:\dev\Pf2e.Core\Pf2e.Core\Utilities\EncounterGenerator.cs:227)
       [4] PF2e.Data.EncounterDefinition Delve.Run.GeneratedEncounters.Generate(Delve.Run.RunState, Delve.Run.MapNode, System.Func`2[Delve.Data.CreatureRef,PF2e.Data.EnemyDefinition], Delve.Run.EncounterGenRules) (G:\Godot\Gamestorming\delve\scripts\run\GeneratedEncounters.cs:119)
       [5] void Delve.Dev.RunEncounterSpike.CheckSweep(Delve.Autoload.DataManager) (G:\Godot\Gamestorming\delve\scripts\dev\RunEncounterSpike.cs:178)
       [6] System.Threading.Tasks.Task Delve.Dev.RunEncounterSpike.RunSpikeAsync(Delve.Autoload.DataManager) (G:\Godot\Gamestorming\delve\scripts\dev\RunEncounterSpike.cs:41)
       [7] void Delve.Dev.SpikeBase+<RunAsync>d__10.MoveNext() (G:\Godot\Gamestorming\delve\scripts\dev\SpikeBase.cs:53)
       [8] void System.Runtime.CompilerServices.AsyncMethodBuilderCore.Start<TStateMachine>(TStateMachine&)
       [9] System.Threading.Tasks.Task Delve.Dev.SpikeBase.RunAsync()
       [10] void Delve.Dev.SpikeBase._Ready() (G:\Godot\Gamestorming\delve\scripts\dev\SpikeBase.cs:38)
       [11] bool Godot.Node.InvokeGodotClassMethod(Godot.NativeInterop.godot_string_name&, Godot.NativeInterop.NativeVariantPtrArgs, Godot.NativeInterop.godot_variant&) (/root/godot/modules/mono/glue/GodotSharp/GodotSharp/Generated/GodotObjects/Node.cs:2646)
       [12] bool Delve.Dev.SpikeBase.InvokeGodotClassMethod(Godot.NativeInterop.godot_string_name&, Godot.NativeInterop.NativeVariantPtrArgs, Godot.NativeInterop.godot_variant&) (G:\Godot\Gamestorming\delve\.godot\mono\temp\obj\Debug\Godot.SourceGenerators\Godot.SourceGenerators.ScriptMethodsGenerator\Delve.Dev.SpikeBase_ScriptMethods.generated.cs:80)
       [13] bool Delve.Dev.RunEncounterSpike.InvokeGodotClassMethod(Godot.NativeInterop.godot_string_name&, Godot.NativeInterop.NativeVariantPtrArgs, Godot.NativeInterop.godot_variant&) (G:\Godot\Gamestorming\delve\.godot\mono\temp\obj\Debug\Godot.SourceGenerators\Godot.SourceGenerators.ScriptMethodsGenerator\Delve.Dev.RunEncounterSpike_ScriptMethods.generated.cs:140)
       [14] Godot.NativeInterop.godot_bool Godot.Bridge.CSharpInstanceBridge.Call(nint, Godot.NativeInterop.godot_string_name*, Godot.NativeInterop.godot_variant**, int, Godot.NativeInterop.godot_variant_call_error*, Godot.NativeInterop.godot_variant*) (/root/godot/modules/mono/glue/GodotSharp/GodotSharp/Core/Bridge/CSharpInstanceBridge.cs:24)
WARNING: [PF2e WARN] EncounterGenerator: No template could be filled for Lv2 party. Falling back to budget fill.
   at: void Delve.Autoload.DataManager+<>c.<WireLogging>b__27_1(string) (res://scripts/autoload/DataManager.cs:131)
   C# backtrace (most recent call first):
       [0] void Godot.GD.PushWarning(string) (/root/godot/modules/mono/glue/GodotSharp/GodotSharp/Core/GD.cs:396)
       [1] void Delve.Autoload.DataManager+<>c.<WireLogging>b__27_1(string) (G:\Godot\Gamestorming\delve\scripts\autoload\DataManager.cs:131)
       [2] void PF2e.Log.Warn(object) (F:\dev\Pf2e.Core\Pf2e.Core\Core\Log.cs:23)
       [3] PF2e.Data.EncounterDefinition PF2e.Utilities.EncounterGenerator.GenerateEncounter(PF2e.Data.EncounterDifficulty, int, int, PF2e.Data.EnemyDefinition[], System.Collections.Generic.List`1[System.String], PF2e.Data.HazardDefinition[]) (F:\dev\Pf2e.Core\Pf2e.Core\Utilities\EncounterGenerator.cs:227)
       [4] PF2e.Data.EncounterDefinition Delve.Run.GeneratedEncounters.Generate(Delve.Run.RunState, Delve.Run.MapNode, System.Func`2[Delve.Data.CreatureRef,PF2e.Data.EnemyDefinition], Delve.Run.EncounterGenRules) (G:\Godot\Gamestorming\delve\scripts\run\GeneratedEncounters.cs:119)
       [5] void Delve.Dev.RunEncounterSpike.CheckSweep(Delve.Autoload.DataManager) (G:\Godot\Gamestorming\delve\scripts\dev\RunEncounterSpike.cs:178)
       [6] System.Threading.Tasks.Task Delve.Dev.RunEncounterSpike.RunSpikeAsync(Delve.Autoload.DataManager) (G:\Godot\Gamestorming\delve\scripts\dev\RunEncounterSpike.cs:41)
       [7] void Delve.Dev.SpikeBase+<RunAsync>d__10.MoveNext() (G:\Godot\Gamestorming\delve\scripts\dev\SpikeBase.cs:53)
       [8] void System.Runtime.CompilerServices.AsyncMethodBuilderCore.Start<TStateMachine>(TStateMachine&)
       [9] System.Threading.Tasks.Task Delve.Dev.SpikeBase.RunAsync()
       [10] void Delve.Dev.SpikeBase._Ready() (G:\Godot\Gamestorming\delve\scripts\dev\SpikeBase.cs:38)
       [11] bool Godot.Node.InvokeGodotClassMethod(Godot.NativeInterop.godot_string_name&, Godot.NativeInterop.NativeVariantPtrArgs, Godot.NativeInterop.godot_variant&) (/root/godot/modules/mono/glue/GodotSharp/GodotSharp/Generated/GodotObjects/Node.cs:2646)
       [12] bool Delve.Dev.SpikeBase.InvokeGodotClassMethod(Godot.NativeInterop.godot_string_name&, Godot.NativeInterop.NativeVariantPtrArgs, Godot.NativeInterop.godot_variant&) (G:\Godot\Gamestorming\delve\.godot\mono\temp\obj\Debug\Godot.SourceGenerators\Godot.SourceGenerators.ScriptMethodsGenerator\Delve.Dev.SpikeBase_ScriptMethods.generated.cs:80)
       [13] bool Delve.Dev.RunEncounterSpike.InvokeGodotClassMethod(Godot.NativeInterop.godot_string_name&, Godot.NativeInterop.NativeVariantPtrArgs, Godot.NativeInterop.godot_variant&) (G:\Godot\Gamestorming\delve\.godot\mono\temp\obj\Debug\Godot.SourceGenerators\Godot.SourceGenerators.ScriptMethodsGenerator\Delve.Dev.RunEncounterSpike_ScriptMethods.generated.cs:140)
       [14] Godot.NativeInterop.godot_bool Godot.Bridge.CSharpInstanceBridge.Call(nint, Godot.NativeInterop.godot_string_name*, Godot.NativeInterop.godot_variant**, int, Godot.NativeInterop.godot_variant_call_error*, Godot.NativeInterop.godot_variant*) (/root/godot/modules/mono/glue/GodotSharp/GodotSharp/Core/Bridge/CSharpInstanceBridge.cs:24)
WARNING: [PF2e WARN] EncounterGenerator: No template could be filled for Lv2 party. Falling back to budget fill.
   at: void Delve.Autoload.DataManager+<>c.<WireLogging>b__27_1(string) (res://scripts/autoload/DataManager.cs:131)
   C# backtrace (most recent call first):
       [0] void Godot.GD.PushWarning(string) (/root/godot/modules/mono/glue/GodotSharp/GodotSharp/Core/GD.cs:396)
       [1] void Delve.Autoload.DataManager+<>c.<WireLogging>b__27_1(string) (G:\Godot\Gamestorming\delve\scripts\autoload\DataManager.cs:131)
       [2] void PF2e.Log.Warn(object) (F:\dev\Pf2e.Core\Pf2e.Core\Core\Log.cs:23)
       [3] PF2e.Data.EncounterDefinition PF2e.Utilities.EncounterGenerator.GenerateEncounter(PF2e.Data.EncounterDifficulty, int, int, PF2e.Data.EnemyDefinition[], System.Collections.Generic.List`1[System.String], PF2e.Data.HazardDefinition[]) (F:\dev\Pf2e.Core\Pf2e.Core\Utilities\EncounterGenerator.cs:227)
       [4] PF2e.Data.EncounterDefinition Delve.Run.GeneratedEncounters.Generate(Delve.Run.RunState, Delve.Run.MapNode, System.Func`2[Delve.Data.CreatureRef,PF2e.Data.EnemyDefinition], Delve.Run.EncounterGenRules) (G:\Godot\Gamestorming\delve\scripts\run\GeneratedEncounters.cs:119)
       [5] void Delve.Dev.RunEncounterSpike.CheckSweep(Delve.Autoload.DataManager) (G:\Godot\Gamestorming\delve\scripts\dev\RunEncounterSpike.cs:178)
       [6] System.Threading.Tasks.Task Delve.Dev.RunEncounterSpike.RunSpikeAsync(Delve.Autoload.DataManager) (G:\Godot\Gamestorming\delve\scripts\dev\RunEncounterSpike.cs:41)
       [7] void Delve.Dev.SpikeBase+<RunAsync>d__10.MoveNext() (G:\Godot\Gamestorming\delve\scripts\dev\SpikeBase.cs:53)
       [8] void System.Runtime.CompilerServices.AsyncMethodBuilderCore.Start<TStateMachine>(TStateMachine&)
       [9] System.Threading.Tasks.Task Delve.Dev.SpikeBase.RunAsync()
       [10] void Delve.Dev.SpikeBase._Ready() (G:\Godot\Gamestorming\delve\scripts\dev\SpikeBase.cs:38)
       [11] bool Godot.Node.InvokeGodotClassMethod(Godot.NativeInterop.godot_string_name&, Godot.NativeInterop.NativeVariantPtrArgs, Godot.NativeInterop.godot_variant&) (/root/godot/modules/mono/glue/GodotSharp/GodotSharp/Generated/GodotObjects/Node.cs:2646)
       [12] bool Delve.Dev.SpikeBase.InvokeGodotClassMethod(Godot.NativeInterop.godot_string_name&, Godot.NativeInterop.NativeVariantPtrArgs, Godot.NativeInterop.godot_variant&) (G:\Godot\Gamestorming\delve\.godot\mono\temp\obj\Debug\Godot.SourceGenerators\Godot.SourceGenerators.ScriptMethodsGenerator\Delve.Dev.SpikeBase_ScriptMethods.generated.cs:80)
       [13] bool Delve.Dev.RunEncounterSpike.InvokeGodotClassMethod(Godot.NativeInterop.godot_string_name&, Godot.NativeInterop.NativeVariantPtrArgs, Godot.NativeInterop.godot_variant&) (G:\Godot\Gamestorming\delve\.godot\mono\temp\obj\Debug\Godot.SourceGenerators\Godot.SourceGenerators.ScriptMethodsGenerator\Delve.Dev.RunEncounterSpike_ScriptMethods.generated.cs:140)
       [14] Godot.NativeInterop.godot_bool Godot.Bridge.CSharpInstanceBridge.Call(nint, Godot.NativeInterop.godot_string_name*, Godot.NativeInterop.godot_variant**, int, Godot.NativeInterop.godot_variant_call_error*, Godot.NativeInterop.godot_variant*) (/root/godot/modules/mono/glue/GodotSharp/GodotSharp/Core/Bridge/CSharpInstanceBridge.cs:24)
WARNING: [PF2e WARN] EncounterGenerator: No template could be filled for Lv2 party. Falling back to budget fill.
   at: void Delve.Autoload.DataManager+<>c.<WireLogging>b__27_1(string) (res://scripts/autoload/DataManager.cs:131)
   C# backtrace (most recent call first):
       [0] void Godot.GD.PushWarning(string) (/root/godot/modules/mono/glue/GodotSharp/GodotSharp/Core/GD.cs:396)
       [1] void Delve.Autoload.DataManager+<>c.<WireLogging>b__27_1(string) (G:\Godot\Gamestorming\delve\scripts\autoload\DataManager.cs:131)
       [2] void PF2e.Log.Warn(object) (F:\dev\Pf2e.Core\Pf2e.Core\Core\Log.cs:23)
       [3] PF2e.Data.EncounterDefinition PF2e.Utilities.EncounterGenerator.GenerateEncounter(PF2e.Data.EncounterDifficulty, int, int, PF2e.Data.EnemyDefinition[], System.Collections.Generic.List`1[System.String], PF2e.Data.HazardDefinition[]) (F:\dev\Pf2e.Core\Pf2e.Core\Utilities\EncounterGenerator.cs:227)
       [4] PF2e.Data.EncounterDefinition Delve.Run.GeneratedEncounters.Generate(Delve.Run.RunState, Delve.Run.MapNode, System.Func`2[Delve.Data.CreatureRef,PF2e.Data.EnemyDefinition], Delve.Run.EncounterGenRules) (G:\Godot\Gamestorming\delve\scripts\run\GeneratedEncounters.cs:119)
       [5] void Delve.Dev.RunEncounterSpike.CheckSweep(Delve.Autoload.DataManager) (G:\Godot\Gamestorming\delve\scripts\dev\RunEncounterSpike.cs:178)
       [6] System.Threading.Tasks.Task Delve.Dev.RunEncounterSpike.RunSpikeAsync(Delve.Autoload.DataManager) (G:\Godot\Gamestorming\delve\scripts\dev\RunEncounterSpike.cs:41)
       [7] void Delve.Dev.SpikeBase+<RunAsync>d__10.MoveNext() (G:\Godot\Gamestorming\delve\scripts\dev\SpikeBase.cs:53)
       [8] void System.Runtime.CompilerServices.AsyncMethodBuilderCore.Start<TStateMachine>(TStateMachine&)
       [9] System.Threading.Tasks.Task Delve.Dev.SpikeBase.RunAsync()
       [10] void Delve.Dev.SpikeBase._Ready() (G:\Godot\Gamestorming\delve\scripts\dev\SpikeBase.cs:38)
       [11] bool Godot.Node.InvokeGodotClassMethod(Godot.NativeInterop.godot_string_name&, Godot.NativeInterop.NativeVariantPtrArgs, Godot.NativeInterop.godot_variant&) (/root/godot/modules/mono/glue/GodotSharp/GodotSharp/Generated/GodotObjects/Node.cs:2646)
       [12] bool Delve.Dev.SpikeBase.InvokeGodotClassMethod(Godot.NativeInterop.godot_string_name&, Godot.NativeInterop.NativeVariantPtrArgs, Godot.NativeInterop.godot_variant&) (G:\Godot\Gamestorming\delve\.godot\mono\temp\obj\Debug\Godot.SourceGenerators\Godot.SourceGenerators.ScriptMethodsGenerator\Delve.Dev.SpikeBase_ScriptMethods.generated.cs:80)
       [13] bool Delve.Dev.RunEncounterSpike.InvokeGodotClassMethod(Godot.NativeInterop.godot_string_name&, Godot.NativeInterop.NativeVariantPtrArgs, Godot.NativeInterop.godot_variant&) (G:\Godot\Gamestorming\delve\.godot\mono\temp\obj\Debug\Godot.SourceGenerators\Godot.SourceGenerators.ScriptMethodsGenerator\Delve.Dev.RunEncounterSpike_ScriptMethods.generated.cs:140)
       [14] Godot.NativeInterop.godot_bool Godot.Bridge.CSharpInstanceBridge.Call(nint, Godot.NativeInterop.godot_string_name*, Godot.NativeInterop.godot_variant**, int, Godot.NativeInterop.godot_variant_call_error*, Godot.NativeInterop.godot_variant*) (/root/godot/modules/mono/glue/GodotSharp/GodotSharp/Core/Bridge/CSharpInstanceBridge.cs:24)
WARNING: [PF2e WARN] EncounterGenerator: No template could be filled for Lv2 party. Falling back to budget fill.
   at: void Delve.Autoload.DataManager+<>c.<WireLogging>b__27_1(string) (res://scripts/autoload/DataManager.cs:131)
   C# backtrace (most recent call first):
       [0] void Godot.GD.PushWarning(string) (/root/godot/modules/mono/glue/GodotSharp/GodotSharp/Core/GD.cs:396)
       [1] void Delve.Autoload.DataManager+<>c.<WireLogging>b__27_1(string) (G:\Godot\Gamestorming\delve\scripts\autoload\DataManager.cs:131)
       [2] void PF2e.Log.Warn(object) (F:\dev\Pf2e.Core\Pf2e.Core\Core\Log.cs:23)
       [3] PF2e.Data.EncounterDefinition PF2e.Utilities.EncounterGenerator.GenerateEncounter(PF2e.Data.EncounterDifficulty, int, int, PF2e.Data.EnemyDefinition[], System.Collections.Generic.List`1[System.String], PF2e.Data.HazardDefinition[]) (F:\dev\Pf2e.Core\Pf2e.Core\Utilities\EncounterGenerator.cs:227)
       [4] PF2e.Data.EncounterDefinition Delve.Run.GeneratedEncounters.Generate(Delve.Run.RunState, Delve.Run.MapNode, System.Func`2[Delve.Data.CreatureRef,PF2e.Data.EnemyDefinition], Delve.Run.EncounterGenRules) (G:\Godot\Gamestorming\delve\scripts\run\GeneratedEncounters.cs:119)
       [5] void Delve.Dev.RunEncounterSpike.CheckSweep(Delve.Autoload.DataManager) (G:\Godot\Gamestorming\delve\scripts\dev\RunEncounterSpike.cs:178)
       [6] System.Threading.Tasks.Task Delve.Dev.RunEncounterSpike.RunSpikeAsync(Delve.Autoload.DataManager) (G:\Godot\Gamestorming\delve\scripts\dev\RunEncounterSpike.cs:41)
       [7] void Delve.Dev.SpikeBase+<RunAsync>d__10.MoveNext() (G:\Godot\Gamestorming\delve\scripts\dev\SpikeBase.cs:53)
       [8] void System.Runtime.CompilerServices.AsyncMethodBuilderCore.Start<TStateMachine>(TStateMachine&)
       [9] System.Threading.Tasks.Task Delve.Dev.SpikeBase.RunAsync()
       [10] void Delve.Dev.SpikeBase._Ready() (G:\Godot\Gamestorming\delve\scripts\dev\SpikeBase.cs:38)
       [11] bool Godot.Node.InvokeGodotClassMethod(Godot.NativeInterop.godot_string_name&, Godot.NativeInterop.NativeVariantPtrArgs, Godot.NativeInterop.godot_variant&) (/root/godot/modules/mono/glue/GodotSharp/GodotSharp/Generated/GodotObjects/Node.cs:2646)
       [12] bool Delve.Dev.SpikeBase.InvokeGodotClassMethod(Godot.NativeInterop.godot_string_name&, Godot.NativeInterop.NativeVariantPtrArgs, Godot.NativeInterop.godot_variant&) (G:\Godot\Gamestorming\delve\.godot\mono\temp\obj\Debug\Godot.SourceGenerators\Godot.SourceGenerators.ScriptMethodsGenerator\Delve.Dev.SpikeBase_ScriptMethods.generated.cs:80)
       [13] bool Delve.Dev.RunEncounterSpike.InvokeGodotClassMethod(Godot.NativeInterop.godot_string_name&, Godot.NativeInterop.NativeVariantPtrArgs, Godot.NativeInterop.godot_variant&) (G:\Godot\Gamestorming\delve\.godot\mono\temp\obj\Debug\Godot.SourceGenerators\Godot.SourceGenerators.ScriptMethodsGenerator\Delve.Dev.RunEncounterSpike_ScriptMethods.generated.cs:140)
       [14] Godot.NativeInterop.godot_bool Godot.Bridge.CSharpInstanceBridge.Call(nint, Godot.NativeInterop.godot_string_name*, Godot.NativeInterop.godot_variant**, int, Godot.NativeInterop.godot_variant_call_error*, Godot.NativeInterop.godot_variant*) (/root/godot/modules/mono/glue/GodotSharp/GodotSharp/Core/Bridge/CSharpInstanceBridge.cs:24)
WARNING: [PF2e WARN] EncounterGenerator: No template could be filled for Lv2 party. Falling back to budget fill.
   at: void Delve.Autoload.DataManager+<>c.<WireLogging>b__27_1(string) (res://scripts/autoload/DataManager.cs:131)
   C# backtrace (most recent call first):
       [0] void Godot.GD.PushWarning(string) (/root/godot/modules/mono/glue/GodotSharp/GodotSharp/Core/GD.cs:396)
       [1] void Delve.Autoload.DataManager+<>c.<WireLogging>b__27_1(string) (G:\Godot\Gamestorming\delve\scripts\autoload\DataManager.cs:131)
       [2] void PF2e.Log.Warn(object) (F:\dev\Pf2e.Core\Pf2e.Core\Core\Log.cs:23)
       [3] PF2e.Data.EncounterDefinition PF2e.Utilities.EncounterGenerator.GenerateEncounter(PF2e.Data.EncounterDifficulty, int, int, PF2e.Data.EnemyDefinition[], System.Collections.Generic.List`1[System.String], PF2e.Data.HazardDefinition[]) (F:\dev\Pf2e.Core\Pf2e.Core\Utilities\EncounterGenerator.cs:227)
       [4] PF2e.Data.EncounterDefinition Delve.Run.GeneratedEncounters.Generate(Delve.Run.RunState, Delve.Run.MapNode, System.Func`2[Delve.Data.CreatureRef,PF2e.Data.EnemyDefinition], Delve.Run.EncounterGenRules) (G:\Godot\Gamestorming\delve\scripts\run\GeneratedEncounters.cs:119)
       [5] void Delve.Dev.RunEncounterSpike.CheckSweep(Delve.Autoload.DataManager) (G:\Godot\Gamestorming\delve\scripts\dev\RunEncounterSpike.cs:178)
       [6] System.Threading.Tasks.Task Delve.Dev.RunEncounterSpike.RunSpikeAsync(Delve.Autoload.DataManager) (G:\Godot\Gamestorming\delve\scripts\dev\RunEncounterSpike.cs:41)
       [7] void Delve.Dev.SpikeBase+<RunAsync>d__10.MoveNext() (G:\Godot\Gamestorming\delve\scripts\dev\SpikeBase.cs:53)
       [8] void System.Runtime.CompilerServices.AsyncMethodBuilderCore.Start<TStateMachine>(TStateMachine&)
       [9] System.Threading.Tasks.Task Delve.Dev.SpikeBase.RunAsync()
       [10] void Delve.Dev.SpikeBase._Ready() (G:\Godot\Gamestorming\delve\scripts\dev\SpikeBase.cs:38)
       [11] bool Godot.Node.InvokeGodotClassMethod(Godot.NativeInterop.godot_string_name&, Godot.NativeInterop.NativeVariantPtrArgs, Godot.NativeInterop.godot_variant&) (/root/godot/modules/mono/glue/GodotSharp/GodotSharp/Generated/GodotObjects/Node.cs:2646)
       [12] bool Delve.Dev.SpikeBase.InvokeGodotClassMethod(Godot.NativeInterop.godot_string_name&, Godot.NativeInterop.NativeVariantPtrArgs, Godot.NativeInterop.godot_variant&) (G:\Godot\Gamestorming\delve\.godot\mono\temp\obj\Debug\Godot.SourceGenerators\Godot.SourceGenerators.ScriptMethodsGenerator\Delve.Dev.SpikeBase_ScriptMethods.generated.cs:80)
       [13] bool Delve.Dev.RunEncounterSpike.InvokeGodotClassMethod(Godot.NativeInterop.godot_string_name&, Godot.NativeInterop.NativeVariantPtrArgs, Godot.NativeInterop.godot_variant&) (G:\Godot\Gamestorming\delve\.godot\mono\temp\obj\Debug\Godot.SourceGenerators\Godot.SourceGenerators.ScriptMethodsGenerator\Delve.Dev.RunEncounterSpike_ScriptMethods.generated.cs:140)
       [14] Godot.NativeInterop.godot_bool Godot.Bridge.CSharpInstanceBridge.Call(nint, Godot.NativeInterop.godot_string_name*, Godot.NativeInterop.godot_variant**, int, Godot.NativeInterop.godot_variant_call_error*, Godot.NativeInterop.godot_variant*) (/root/godot/modules/mono/glue/GodotSharp/GodotSharp/Core/Bridge/CSharpInstanceBridge.cs:24)
WARNING: [PF2e WARN] EncounterGenerator: No template could be filled for Lv2 party. Falling back to budget fill.
   at: void Delve.Autoload.DataManager+<>c.<WireLogging>b__27_1(string) (res://scripts/autoload/DataManager.cs:131)
   C# backtrace (most recent call first):
       [0] void Godot.GD.PushWarning(string) (/root/godot/modules/mono/glue/GodotSharp/GodotSharp/Core/GD.cs:396)
       [1] void Delve.Autoload.DataManager+<>c.<WireLogging>b__27_1(string) (G:\Godot\Gamestorming\delve\scripts\autoload\DataManager.cs:131)
       [2] void PF2e.Log.Warn(object) (F:\dev\Pf2e.Core\Pf2e.Core\Core\Log.cs:23)
       [3] PF2e.Data.EncounterDefinition PF2e.Utilities.EncounterGenerator.GenerateEncounter(PF2e.Data.EncounterDifficulty, int, int, PF2e.Data.EnemyDefinition[], System.Collections.Generic.List`1[System.String], PF2e.Data.HazardDefinition[]) (F:\dev\Pf2e.Core\Pf2e.Core\Utilities\EncounterGenerator.cs:227)
       [4] PF2e.Data.EncounterDefinition Delve.Run.GeneratedEncounters.Generate(Delve.Run.RunState, Delve.Run.MapNode, System.Func`2[Delve.Data.CreatureRef,PF2e.Data.EnemyDefinition], Delve.Run.EncounterGenRules) (G:\Godot\Gamestorming\delve\scripts\run\GeneratedEncounters.cs:119)
       [5] void Delve.Dev.RunEncounterSpike.CheckSweep(Delve.Autoload.DataManager) (G:\Godot\Gamestorming\delve\scripts\dev\RunEncounterSpike.cs:178)
       [6] System.Threading.Tasks.Task Delve.Dev.RunEncounterSpike.RunSpikeAsync(Delve.Autoload.DataManager) (G:\Godot\Gamestorming\delve\scripts\dev\RunEncounterSpike.cs:41)
       [7] void Delve.Dev.SpikeBase+<RunAsync>d__10.MoveNext() (G:\Godot\Gamestorming\delve\scripts\dev\SpikeBase.cs:53)
       [8] void System.Runtime.CompilerServices.AsyncMethodBuilderCore.Start<TStateMachine>(TStateMachine&)
       [9] System.Threading.Tasks.Task Delve.Dev.SpikeBase.RunAsync()
       [10] void Delve.Dev.SpikeBase._Ready() (G:\Godot\Gamestorming\delve\scripts\dev\SpikeBase.cs:38)
       [11] bool Godot.Node.InvokeGodotClassMethod(Godot.NativeInterop.godot_string_name&, Godot.NativeInterop.NativeVariantPtrArgs, Godot.NativeInterop.godot_variant&) (/root/godot/modules/mono/glue/GodotSharp/GodotSharp/Generated/GodotObjects/Node.cs:2646)
       [12] bool Delve.Dev.SpikeBase.InvokeGodotClassMethod(Godot.NativeInterop.godot_string_name&, Godot.NativeInterop.NativeVariantPtrArgs, Godot.NativeInterop.godot_variant&) (G:\Godot\Gamestorming\delve\.godot\mono\temp\obj\Debug\Godot.SourceGenerators\Godot.SourceGenerators.ScriptMethodsGenerator\Delve.Dev.SpikeBase_ScriptMethods.generated.cs:80)
       [13] bool Delve.Dev.RunEncounterSpike.InvokeGodotClassMethod(Godot.NativeInterop.godot_string_name&, Godot.NativeInterop.NativeVariantPtrArgs, Godot.NativeInterop.godot_variant&) (G:\Godot\Gamestorming\delve\.godot\mono\temp\obj\Debug\Godot.SourceGenerators\Godot.SourceGenerators.ScriptMethodsGenerator\Delve.Dev.RunEncounterSpike_ScriptMethods.generated.cs:140)
       [14] Godot.NativeInterop.godot_bool Godot.Bridge.CSharpInstanceBridge.Call(nint, Godot.NativeInterop.godot_string_name*, Godot.NativeInterop.godot_variant**, int, Godot.NativeInterop.godot_variant_call_error*, Godot.NativeInterop.godot_variant*) (/root/godot/modules/mono/glue/GodotSharp/GodotSharp/Core/Bridge/CSharpInstanceBridge.cs:24)
WARNING: [PF2e WARN] EncounterGenerator: No template could be filled for Lv2 party. Falling back to budget fill.
   at: void Delve.Autoload.DataManager+<>c.<WireLogging>b__27_1(string) (res://scripts/autoload/DataManager.cs:131)
   C# backtrace (most recent call first):
       [0] void Godot.GD.PushWarning(string) (/root/godot/modules/mono/glue/GodotSharp/GodotSharp/Core/GD.cs:396)
       [1] void Delve.Autoload.DataManager+<>c.<WireLogging>b__27_1(string) (G:\Godot\Gamestorming\delve\scripts\autoload\DataManager.cs:131)
       [2] void PF2e.Log.Warn(object) (F:\dev\Pf2e.Core\Pf2e.Core\Core\Log.cs:23)
       [3] PF2e.Data.EncounterDefinition PF2e.Utilities.EncounterGenerator.GenerateEncounter(PF2e.Data.EncounterDifficulty, int, int, PF2e.Data.EnemyDefinition[], System.Collections.Generic.List`1[System.String], PF2e.Data.HazardDefinition[]) (F:\dev\Pf2e.Core\Pf2e.Core\Utilities\EncounterGenerator.cs:227)
       [4] PF2e.Data.EncounterDefinition Delve.Run.GeneratedEncounters.Generate(Delve.Run.RunState, Delve.Run.MapNode, System.Func`2[Delve.Data.CreatureRef,PF2e.Data.EnemyDefinition], Delve.Run.EncounterGenRules) (G:\Godot\Gamestorming\delve\scripts\run\GeneratedEncounters.cs:119)
       [5] void Delve.Dev.RunEncounterSpike.CheckSweep(Delve.Autoload.DataManager) (G:\Godot\Gamestorming\delve\scripts\dev\RunEncounterSpike.cs:178)
       [6] System.Threading.Tasks.Task Delve.Dev.RunEncounterSpike.RunSpikeAsync(Delve.Autoload.DataManager) (G:\Godot\Gamestorming\delve\scripts\dev\RunEncounterSpike.cs:41)
       [7] void Delve.Dev.SpikeBase+<RunAsync>d__10.MoveNext() (G:\Godot\Gamestorming\delve\scripts\dev\SpikeBase.cs:53)
       [8] void System.Runtime.CompilerServices.AsyncMethodBuilderCore.Start<TStateMachine>(TStateMachine&)
       [9] System.Threading.Tasks.Task Delve.Dev.SpikeBase.RunAsync()
       [10] void Delve.Dev.SpikeBase._Ready() (G:\Godot\Gamestorming\delve\scripts\dev\SpikeBase.cs:38)
       [11] bool Godot.Node.InvokeGodotClassMethod(Godot.NativeInterop.godot_string_name&, Godot.NativeInterop.NativeVariantPtrArgs, Godot.NativeInterop.godot_variant&) (/root/godot/modules/mono/glue/GodotSharp/GodotSharp/Generated/GodotObjects/Node.cs:2646)
       [12] bool Delve.Dev.SpikeBase.InvokeGodotClassMethod(Godot.NativeInterop.godot_string_name&, Godot.NativeInterop.NativeVariantPtrArgs, Godot.NativeInterop.godot_variant&) (G:\Godot\Gamestorming\delve\.godot\mono\temp\obj\Debug\Godot.SourceGenerators\Godot.SourceGenerators.ScriptMethodsGenerator\Delve.Dev.SpikeBase_ScriptMethods.generated.cs:80)
       [13] bool Delve.Dev.RunEncounterSpike.InvokeGodotClassMethod(Godot.NativeInterop.godot_string_name&, Godot.NativeInterop.NativeVariantPtrArgs, Godot.NativeInterop.godot_variant&) (G:\Godot\Gamestorming\delve\.godot\mono\temp\obj\Debug\Godot.SourceGenerators\Godot.SourceGenerators.ScriptMethodsGenerator\Delve.Dev.RunEncounterSpike_ScriptMethods.generated.cs:140)
       [14] Godot.NativeInterop.godot_bool Godot.Bridge.CSharpInstanceBridge.Call(nint, Godot.NativeInterop.godot_string_name*, Godot.NativeInterop.godot_variant**, int, Godot.NativeInterop.godot_variant_call_error*, Godot.NativeInterop.godot_variant*) (/root/godot/modules/mono/glue/GodotSharp/GodotSharp/Core/Bridge/CSharpInstanceBridge.cs:24)
WARNING: [PF2e WARN] EncounterGenerator: No template could be filled for Lv2 party. Falling back to budget fill.
   at: void Delve.Autoload.DataManager+<>c.<WireLogging>b__27_1(string) (res://scripts/autoload/DataManager.cs:131)
   C# backtrace (most recent call first):
       [0] void Godot.GD.PushWarning(string) (/root/godot/modules/mono/glue/GodotSharp/GodotSharp/Core/GD.cs:396)
       [1] void Delve.Autoload.DataManager+<>c.<WireLogging>b__27_1(string) (G:\Godot\Gamestorming\delve\scripts\autoload\DataManager.cs:131)
       [2] void PF2e.Log.Warn(object) (F:\dev\Pf2e.Core\Pf2e.Core\Core\Log.cs:23)
       [3] PF2e.Data.EncounterDefinition PF2e.Utilities.EncounterGenerator.GenerateEncounter(PF2e.Data.EncounterDifficulty, int, int, PF2e.Data.EnemyDefinition[], System.Collections.Generic.List`1[System.String], PF2e.Data.HazardDefinition[]) (F:\dev\Pf2e.Core\Pf2e.Core\Utilities\EncounterGenerator.cs:227)
       [4] PF2e.Data.EncounterDefinition Delve.Run.GeneratedEncounters.Generate(Delve.Run.RunState, Delve.Run.MapNode, System.Func`2[Delve.Data.CreatureRef,PF2e.Data.EnemyDefinition], Delve.Run.EncounterGenRules) (G:\Godot\Gamestorming\delve\scripts\run\GeneratedEncounters.cs:119)
       [5] void Delve.Dev.RunEncounterSpike.CheckSweep(Delve.Autoload.DataManager) (G:\Godot\Gamestorming\delve\scripts\dev\RunEncounterSpike.cs:178)
       [6] System.Threading.Tasks.Task Delve.Dev.RunEncounterSpike.RunSpikeAsync(Delve.Autoload.DataManager) (G:\Godot\Gamestorming\delve\scripts\dev\RunEncounterSpike.cs:41)
       [7] void Delve.Dev.SpikeBase+<RunAsync>d__10.MoveNext() (G:\Godot\Gamestorming\delve\scripts\dev\SpikeBase.cs:53)
       [8] void System.Runtime.CompilerServices.AsyncMethodBuilderCore.Start<TStateMachine>(TStateMachine&)
       [9] System.Threading.Tasks.Task Delve.Dev.SpikeBase.RunAsync()
       [10] void Delve.Dev.SpikeBase._Ready() (G:\Godot\Gamestorming\delve\scripts\dev\SpikeBase.cs:38)
       [11] bool Godot.Node.InvokeGodotClassMethod(Godot.NativeInterop.godot_string_name&, Godot.NativeInterop.NativeVariantPtrArgs, Godot.NativeInterop.godot_variant&) (/root/godot/modules/mono/glue/GodotSharp/GodotSharp/Generated/GodotObjects/Node.cs:2646)
       [12] bool Delve.Dev.SpikeBase.InvokeGodotClassMethod(Godot.NativeInterop.godot_string_name&, Godot.NativeInterop.NativeVariantPtrArgs, Godot.NativeInterop.godot_variant&) (G:\Godot\Gamestorming\delve\.godot\mono\temp\obj\Debug\Godot.SourceGenerators\Godot.SourceGenerators.ScriptMethodsGenerator\Delve.Dev.SpikeBase_ScriptMethods.generated.cs:80)
       [13] bool Delve.Dev.RunEncounterSpike.InvokeGodotClassMethod(Godot.NativeInterop.godot_string_name&, Godot.NativeInterop.NativeVariantPtrArgs, Godot.NativeInterop.godot_variant&) (G:\Godot\Gamestorming\delve\.godot\mono\temp\obj\Debug\Godot.SourceGenerators\Godot.SourceGenerators.ScriptMethodsGenerator\Delve.Dev.RunEncounterSpike_ScriptMethods.generated.cs:140)
       [14] Godot.NativeInterop.godot_bool Godot.Bridge.CSharpInstanceBridge.Call(nint, Godot.NativeInterop.godot_string_name*, Godot.NativeInterop.godot_variant**, int, Godot.NativeInterop.godot_variant_call_error*, Godot.NativeInterop.godot_variant*) (/root/godot/modules/mono/glue/GodotSharp/GodotSharp/Core/Bridge/CSharpInstanceBridge.cs:24)
WARNING: [PF2e WARN] EncounterGenerator: No template could be filled for Lv2 party. Falling back to budget fill.
   at: void Delve.Autoload.DataManager+<>c.<WireLogging>b__27_1(string) (res://scripts/autoload/DataManager.cs:131)
   C# backtrace (most recent call first):
       [0] void Godot.GD.PushWarning(string) (/root/godot/modules/mono/glue/GodotSharp/GodotSharp/Core/GD.cs:396)
       [1] void Delve.Autoload.DataManager+<>c.<WireLogging>b__27_1(string) (G:\Godot\Gamestorming\delve\scripts\autoload\DataManager.cs:131)
       [2] void PF2e.Log.Warn(object) (F:\dev\Pf2e.Core\Pf2e.Core\Core\Log.cs:23)
       [3] PF2e.Data.EncounterDefinition PF2e.Utilities.EncounterGenerator.GenerateEncounter(PF2e.Data.EncounterDifficulty, int, int, PF2e.Data.EnemyDefinition[], System.Collections.Generic.List`1[System.String], PF2e.Data.HazardDefinition[]) (F:\dev\Pf2e.Core\Pf2e.Core\Utilities\EncounterGenerator.cs:227)
       [4] PF2e.Data.EncounterDefinition Delve.Run.GeneratedEncounters.Generate(Delve.Run.RunState, Delve.Run.MapNode, System.Func`2[Delve.Data.CreatureRef,PF2e.Data.EnemyDefinition], Delve.Run.EncounterGenRules) (G:\Godot\Gamestorming\delve\scripts\run\GeneratedEncounters.cs:119)
       [5] void Delve.Dev.RunEncounterSpike.CheckSweep(Delve.Autoload.DataManager) (G:\Godot\Gamestorming\delve\scripts\dev\RunEncounterSpike.cs:178)
       [6] System.Threading.Tasks.Task Delve.Dev.RunEncounterSpike.RunSpikeAsync(Delve.Autoload.DataManager) (G:\Godot\Gamestorming\delve\scripts\dev\RunEncounterSpike.cs:41)
       [7] void Delve.Dev.SpikeBase+<RunAsync>d__10.MoveNext() (G:\Godot\Gamestorming\delve\scripts\dev\SpikeBase.cs:53)
       [8] void System.Runtime.CompilerServices.AsyncMethodBuilderCore.Start<TStateMachine>(TStateMachine&)
       [9] System.Threading.Tasks.Task Delve.Dev.SpikeBase.RunAsync()
       [10] void Delve.Dev.SpikeBase._Ready() (G:\Godot\Gamestorming\delve\scripts\dev\SpikeBase.cs:38)
       [11] bool Godot.Node.InvokeGodotClassMethod(Godot.NativeInterop.godot_string_name&, Godot.NativeInterop.NativeVariantPtrArgs, Godot.NativeInterop.godot_variant&) (/root/godot/modules/mono/glue/GodotSharp/GodotSharp/Generated/GodotObjects/Node.cs:2646)
       [12] bool Delve.Dev.SpikeBase.InvokeGodotClassMethod(Godot.NativeInterop.godot_string_name&, Godot.NativeInterop.NativeVariantPtrArgs, Godot.NativeInterop.godot_variant&) (G:\Godot\Gamestorming\delve\.godot\mono\temp\obj\Debug\Godot.SourceGenerators\Godot.SourceGenerators.ScriptMethodsGenerator\Delve.Dev.SpikeBase_ScriptMethods.generated.cs:80)
       [13] bool Delve.Dev.RunEncounterSpike.InvokeGodotClassMethod(Godot.NativeInterop.godot_string_name&, Godot.NativeInterop.NativeVariantPtrArgs, Godot.NativeInterop.godot_variant&) (G:\Godot\Gamestorming\delve\.godot\mono\temp\obj\Debug\Godot.SourceGenerators\Godot.SourceGenerators.ScriptMethodsGenerator\Delve.Dev.RunEncounterSpike_ScriptMethods.generated.cs:140)
       [14] Godot.NativeInterop.godot_bool Godot.Bridge.CSharpInstanceBridge.Call(nint, Godot.NativeInterop.godot_string_name*, Godot.NativeInterop.godot_variant**, int, Godot.NativeInterop.godot_variant_call_error*, Godot.NativeInterop.godot_variant*) (/root/godot/modules/mono/glue/GodotSharp/GodotSharp/Core/Bridge/CSharpInstanceBridge.cs:24)
WARNING: [PF2e WARN] EncounterGenerator: No template could be filled for Lv2 party. Falling back to budget fill.
   at: void Delve.Autoload.DataManager+<>c.<WireLogging>b__27_1(string) (res://scripts/autoload/DataManager.cs:131)
   C# backtrace (most recent call first):
       [0] void Godot.GD.PushWarning(string) (/root/godot/modules/mono/glue/GodotSharp/GodotSharp/Core/GD.cs:396)
       [1] void Delve.Autoload.DataManager+<>c.<WireLogging>b__27_1(string) (G:\Godot\Gamestorming\delve\scripts\autoload\DataManager.cs:131)
       [2] void PF2e.Log.Warn(object) (F:\dev\Pf2e.Core\Pf2e.Core\Core\Log.cs:23)
       [3] PF2e.Data.EncounterDefinition PF2e.Utilities.EncounterGenerator.GenerateEncounter(PF2e.Data.EncounterDifficulty, int, int, PF2e.Data.EnemyDefinition[], System.Collections.Generic.List`1[System.String], PF2e.Data.HazardDefinition[]) (F:\dev\Pf2e.Core\Pf2e.Core\Utilities\EncounterGenerator.cs:227)
       [4] PF2e.Data.EncounterDefinition Delve.Run.GeneratedEncounters.Generate(Delve.Run.RunState, Delve.Run.MapNode, System.Func`2[Delve.Data.CreatureRef,PF2e.Data.EnemyDefinition], Delve.Run.EncounterGenRules) (G:\Godot\Gamestorming\delve\scripts\run\GeneratedEncounters.cs:119)
       [5] void Delve.Dev.RunEncounterSpike.CheckSweep(Delve.Autoload.DataManager) (G:\Godot\Gamestorming\delve\scripts\dev\RunEncounterSpike.cs:178)
       [6] System.Threading.Tasks.Task Delve.Dev.RunEncounterSpike.RunSpikeAsync(Delve.Autoload.DataManager) (G:\Godot\Gamestorming\delve\scripts\dev\RunEncounterSpike.cs:41)
       [7] void Delve.Dev.SpikeBase+<RunAsync>d__10.MoveNext() (G:\Godot\Gamestorming\delve\scripts\dev\SpikeBase.cs:53)
       [8] void System.Runtime.CompilerServices.AsyncMethodBuilderCore.Start<TStateMachine>(TStateMachine&)
       [9] System.Threading.Tasks.Task Delve.Dev.SpikeBase.RunAsync()
       [10] void Delve.Dev.SpikeBase._Ready() (G:\Godot\Gamestorming\delve\scripts\dev\SpikeBase.cs:38)
       [11] bool Godot.Node.InvokeGodotClassMethod(Godot.NativeInterop.godot_string_name&, Godot.NativeInterop.NativeVariantPtrArgs, Godot.NativeInterop.godot_variant&) (/root/godot/modules/mono/glue/GodotSharp/GodotSharp/Generated/GodotObjects/Node.cs:2646)
       [12] bool Delve.Dev.SpikeBase.InvokeGodotClassMethod(Godot.NativeInterop.godot_string_name&, Godot.NativeInterop.NativeVariantPtrArgs, Godot.NativeInterop.godot_variant&) (G:\Godot\Gamestorming\delve\.godot\mono\temp\obj\Debug\Godot.SourceGenerators\Godot.SourceGenerators.ScriptMethodsGenerator\Delve.Dev.SpikeBase_ScriptMethods.generated.cs:80)
       [13] bool Delve.Dev.RunEncounterSpike.InvokeGodotClassMethod(Godot.NativeInterop.godot_string_name&, Godot.NativeInterop.NativeVariantPtrArgs, Godot.NativeInterop.godot_variant&) (G:\Godot\Gamestorming\delve\.godot\mono\temp\obj\Debug\Godot.SourceGenerators\Godot.SourceGenerators.ScriptMethodsGenerator\Delve.Dev.RunEncounterSpike_ScriptMethods.generated.cs:140)
       [14] Godot.NativeInterop.godot_bool Godot.Bridge.CSharpInstanceBridge.Call(nint, Godot.NativeInterop.godot_string_name*, Godot.NativeInterop.godot_variant**, int, Godot.NativeInterop.godot_variant_call_error*, Godot.NativeInterop.godot_variant*) (/root/godot/modules/mono/glue/GodotSharp/GodotSharp/Core/Bridge/CSharpInstanceBridge.cs:24)
WARNING: [PF2e WARN] EncounterGenerator: No template could be filled for Lv2 party. Falling back to budget fill.
   at: void Delve.Autoload.DataManager+<>c.<WireLogging>b__27_1(string) (res://scripts/autoload/DataManager.cs:131)
   C# backtrace (most recent call first):
       [0] void Godot.GD.PushWarning(string) (/root/godot/modules/mono/glue/GodotSharp/GodotSharp/Core/GD.cs:396)
       [1] void Delve.Autoload.DataManager+<>c.<WireLogging>b__27_1(string) (G:\Godot\Gamestorming\delve\scripts\autoload\DataManager.cs:131)
       [2] void PF2e.Log.Warn(object) (F:\dev\Pf2e.Core\Pf2e.Core\Core\Log.cs:23)
       [3] PF2e.Data.EncounterDefinition PF2e.Utilities.EncounterGenerator.GenerateEncounter(PF2e.Data.EncounterDifficulty, int, int, PF2e.Data.EnemyDefinition[], System.Collections.Generic.List`1[System.String], PF2e.Data.HazardDefinition[]) (F:\dev\Pf2e.Core\Pf2e.Core\Utilities\EncounterGenerator.cs:227)
       [4] PF2e.Data.EncounterDefinition Delve.Run.GeneratedEncounters.Generate(Delve.Run.RunState, Delve.Run.MapNode, System.Func`2[Delve.Data.CreatureRef,PF2e.Data.EnemyDefinition], Delve.Run.EncounterGenRules) (G:\Godot\Gamestorming\delve\scripts\run\GeneratedEncounters.cs:119)
       [5] void Delve.Dev.RunEncounterSpike.CheckSweep(Delve.Autoload.DataManager) (G:\Godot\Gamestorming\delve\scripts\dev\RunEncounterSpike.cs:178)
       [6] System.Threading.Tasks.Task Delve.Dev.RunEncounterSpike.RunSpikeAsync(Delve.Autoload.DataManager) (G:\Godot\Gamestorming\delve\scripts\dev\RunEncounterSpike.cs:41)
       [7] void Delve.Dev.SpikeBase+<RunAsync>d__10.MoveNext() (G:\Godot\Gamestorming\delve\scripts\dev\SpikeBase.cs:53)
       [8] void System.Runtime.CompilerServices.AsyncMethodBuilderCore.Start<TStateMachine>(TStateMachine&)
       [9] System.Threading.Tasks.Task Delve.Dev.SpikeBase.RunAsync()
       [10] void Delve.Dev.SpikeBase._Ready() (G:\Godot\Gamestorming\delve\scripts\dev\SpikeBase.cs:38)
       [11] bool Godot.Node.InvokeGodotClassMethod(Godot.NativeInterop.godot_string_name&, Godot.NativeInterop.NativeVariantPtrArgs, Godot.NativeInterop.godot_variant&) (/root/godot/modules/mono/glue/GodotSharp/GodotSharp/Generated/GodotObjects/Node.cs:2646)
       [12] bool Delve.Dev.SpikeBase.InvokeGodotClassMethod(Godot.NativeInterop.godot_string_name&, Godot.NativeInterop.NativeVariantPtrArgs, Godot.NativeInterop.godot_variant&) (G:\Godot\Gamestorming\delve\.godot\mono\temp\obj\Debug\Godot.SourceGenerators\Godot.SourceGenerators.ScriptMethodsGenerator\Delve.Dev.SpikeBase_ScriptMethods.generated.cs:80)
       [13] bool Delve.Dev.RunEncounterSpike.InvokeGodotClassMethod(Godot.NativeInterop.godot_string_name&, Godot.NativeInterop.NativeVariantPtrArgs, Godot.NativeInterop.godot_variant&) (G:\Godot\Gamestorming\delve\.godot\mono\temp\obj\Debug\Godot.SourceGenerators\Godot.SourceGenerators.ScriptMethodsGenerator\Delve.Dev.RunEncounterSpike_ScriptMethods.generated.cs:140)
       [14] Godot.NativeInterop.godot_bool Godot.Bridge.CSharpInstanceBridge.Call(nint, Godot.NativeInterop.godot_string_name*, Godot.NativeInterop.godot_variant**, int, Godot.NativeInterop.godot_variant_call_error*, Godot.NativeInterop.godot_variant*) (/root/godot/modules/mono/glue/GodotSharp/GodotSharp/Core/Bridge/CSharpInstanceBridge.cs:24)
WARNING: [PF2e WARN] EncounterGenerator: No template could be filled for Lv2 party. Falling back to budget fill.
   at: void Delve.Autoload.DataManager+<>c.<WireLogging>b__27_1(string) (res://scripts/autoload/DataManager.cs:131)
   C# backtrace (most recent call first):
       [0] void Godot.GD.PushWarning(string) (/root/godot/modules/mono/glue/GodotSharp/GodotSharp/Core/GD.cs:396)
       [1] void Delve.Autoload.DataManager+<>c.<WireLogging>b__27_1(string) (G:\Godot\Gamestorming\delve\scripts\autoload\DataManager.cs:131)
       [2] void PF2e.Log.Warn(object) (F:\dev\Pf2e.Core\Pf2e.Core\Core\Log.cs:23)
       [3] PF2e.Data.EncounterDefinition PF2e.Utilities.EncounterGenerator.GenerateEncounter(PF2e.Data.EncounterDifficulty, int, int, PF2e.Data.EnemyDefinition[], System.Collections.Generic.List`1[System.String], PF2e.Data.HazardDefinition[]) (F:\dev\Pf2e.Core\Pf2e.Core\Utilities\EncounterGenerator.cs:227)
       [4] PF2e.Data.EncounterDefinition Delve.Run.GeneratedEncounters.Generate(Delve.Run.RunState, Delve.Run.MapNode, System.Func`2[Delve.Data.CreatureRef,PF2e.Data.EnemyDefinition], Delve.Run.EncounterGenRules) (G:\Godot\Gamestorming\delve\scripts\run\GeneratedEncounters.cs:119)
       [5] void Delve.Dev.RunEncounterSpike.CheckSweep(Delve.Autoload.DataManager) (G:\Godot\Gamestorming\delve\scripts\dev\RunEncounterSpike.cs:178)
       [6] System.Threading.Tasks.Task Delve.Dev.RunEncounterSpike.RunSpikeAsync(Delve.Autoload.DataManager) (G:\Godot\Gamestorming\delve\scripts\dev\RunEncounterSpike.cs:41)
       [7] void Delve.Dev.SpikeBase+<RunAsync>d__10.MoveNext() (G:\Godot\Gamestorming\delve\scripts\dev\SpikeBase.cs:53)
       [8] void System.Runtime.CompilerServices.AsyncMethodBuilderCore.Start<TStateMachine>(TStateMachine&)
       [9] System.Threading.Tasks.Task Delve.Dev.SpikeBase.RunAsync()
       [10] void Delve.Dev.SpikeBase._Ready() (G:\Godot\Gamestorming\delve\scripts\dev\SpikeBase.cs:38)
       [11] bool Godot.Node.InvokeGodotClassMethod(Godot.NativeInterop.godot_string_name&, Godot.NativeInterop.NativeVariantPtrArgs, Godot.NativeInterop.godot_variant&) (/root/godot/modules/mono/glue/GodotSharp/GodotSharp/Generated/GodotObjects/Node.cs:2646)
       [12] bool Delve.Dev.SpikeBase.InvokeGodotClassMethod(Godot.NativeInterop.godot_string_name&, Godot.NativeInterop.NativeVariantPtrArgs, Godot.NativeInterop.godot_variant&) (G:\Godot\Gamestorming\delve\.godot\mono\temp\obj\Debug\Godot.SourceGenerators\Godot.SourceGenerators.ScriptMethodsGenerator\Delve.Dev.SpikeBase_ScriptMethods.generated.cs:80)
       [13] bool Delve.Dev.RunEncounterSpike.InvokeGodotClassMethod(Godot.NativeInterop.godot_string_name&, Godot.NativeInterop.NativeVariantPtrArgs, Godot.NativeInterop.godot_variant&) (G:\Godot\Gamestorming\delve\.godot\mono\temp\obj\Debug\Godot.SourceGenerators\Godot.SourceGenerators.ScriptMethodsGenerator\Delve.Dev.RunEncounterSpike_ScriptMethods.generated.cs:140)
       [14] Godot.NativeInterop.godot_bool Godot.Bridge.CSharpInstanceBridge.Call(nint, Godot.NativeInterop.godot_string_name*, Godot.NativeInterop.godot_variant**, int, Godot.NativeInterop.godot_variant_call_error*, Godot.NativeInterop.godot_variant*) (/root/godot/modules/mono/glue/GodotSharp/GodotSharp/Core/Bridge/CSharpInstanceBridge.cs:24)
WARNING: [PF2e WARN] EncounterGenerator: No template could be filled for Lv2 party. Falling back to budget fill.
   at: void Delve.Autoload.DataManager+<>c.<WireLogging>b__27_1(string) (res://scripts/autoload/DataManager.cs:131)
   C# backtrace (most recent call first):
       [0] void Godot.GD.PushWarning(string) (/root/godot/modules/mono/glue/GodotSharp/GodotSharp/Core/GD.cs:396)
       [1] void Delve.Autoload.DataManager+<>c.<WireLogging>b__27_1(string) (G:\Godot\Gamestorming\delve\scripts\autoload\DataManager.cs:131)
       [2] void PF2e.Log.Warn(object) (F:\dev\Pf2e.Core\Pf2e.Core\Core\Log.cs:23)
       [3] PF2e.Data.EncounterDefinition PF2e.Utilities.EncounterGenerator.GenerateEncounter(PF2e.Data.EncounterDifficulty, int, int, PF2e.Data.EnemyDefinition[], System.Collections.Generic.List`1[System.String], PF2e.Data.HazardDefinition[]) (F:\dev\Pf2e.Core\Pf2e.Core\Utilities\EncounterGenerator.cs:227)
       [4] PF2e.Data.EncounterDefinition Delve.Run.GeneratedEncounters.Generate(Delve.Run.RunState, Delve.Run.MapNode, System.Func`2[Delve.Data.CreatureRef,PF2e.Data.EnemyDefinition], Delve.Run.EncounterGenRules) (G:\Godot\Gamestorming\delve\scripts\run\GeneratedEncounters.cs:119)
       [5] void Delve.Dev.RunEncounterSpike.CheckSweep(Delve.Autoload.DataManager) (G:\Godot\Gamestorming\delve\scripts\dev\RunEncounterSpike.cs:178)
       [6] System.Threading.Tasks.Task Delve.Dev.RunEncounterSpike.RunSpikeAsync(Delve.Autoload.DataManager) (G:\Godot\Gamestorming\delve\scripts\dev\RunEncounterSpike.cs:41)
       [7] void Delve.Dev.SpikeBase+<RunAsync>d__10.MoveNext() (G:\Godot\Gamestorming\delve\scripts\dev\SpikeBase.cs:53)
       [8] void System.Runtime.CompilerServices.AsyncMethodBuilderCore.Start<TStateMachine>(TStateMachine&)
       [9] System.Threading.Tasks.Task Delve.Dev.SpikeBase.RunAsync()
       [10] void Delve.Dev.SpikeBase._Ready() (G:\Godot\Gamestorming\delve\scripts\dev\SpikeBase.cs:38)
       [11] bool Godot.Node.InvokeGodotClassMethod(Godot.NativeInterop.godot_string_name&, Godot.NativeInterop.NativeVariantPtrArgs, Godot.NativeInterop.godot_variant&) (/root/godot/modules/mono/glue/GodotSharp/GodotSharp/Generated/GodotObjects/Node.cs:2646)
       [12] bool Delve.Dev.SpikeBase.InvokeGodotClassMethod(Godot.NativeInterop.godot_string_name&, Godot.NativeInterop.NativeVariantPtrArgs, Godot.NativeInterop.godot_variant&) (G:\Godot\Gamestorming\delve\.godot\mono\temp\obj\Debug\Godot.SourceGenerators\Godot.SourceGenerators.ScriptMethodsGenerator\Delve.Dev.SpikeBase_ScriptMethods.generated.cs:80)
       [13] bool Delve.Dev.RunEncounterSpike.InvokeGodotClassMethod(Godot.NativeInterop.godot_string_name&, Godot.NativeInterop.NativeVariantPtrArgs, Godot.NativeInterop.godot_variant&) (G:\Godot\Gamestorming\delve\.godot\mono\temp\obj\Debug\Godot.SourceGenerators\Godot.SourceGenerators.ScriptMethodsGenerator\Delve.Dev.RunEncounterSpike_ScriptMethods.generated.cs:140)
       [14] Godot.NativeInterop.godot_bool Godot.Bridge.CSharpInstanceBridge.Call(nint, Godot.NativeInterop.godot_string_name*, Godot.NativeInterop.godot_variant**, int, Godot.NativeInterop.godot_variant_call_error*, Godot.NativeInterop.godot_variant*) (/root/godot/modules/mono/glue/GodotSharp/GodotSharp/Core/Bridge/CSharpInstanceBridge.cs:24)
WARNING: [PF2e WARN] EncounterGenerator: No template could be filled for Lv2 party. Falling back to budget fill.
   at: void Delve.Autoload.DataManager+<>c.<WireLogging>b__27_1(string) (res://scripts/autoload/DataManager.cs:131)
   C# backtrace (most recent call first):
       [0] void Godot.GD.PushWarning(string) (/root/godot/modules/mono/glue/GodotSharp/GodotSharp/Core/GD.cs:396)
       [1] void Delve.Autoload.DataManager+<>c.<WireLogging>b__27_1(string) (G:\Godot\Gamestorming\delve\scripts\autoload\DataManager.cs:131)
       [2] void PF2e.Log.Warn(object) (F:\dev\Pf2e.Core\Pf2e.Core\Core\Log.cs:23)
       [3] PF2e.Data.EncounterDefinition PF2e.Utilities.EncounterGenerator.GenerateEncounter(PF2e.Data.EncounterDifficulty, int, int, PF2e.Data.EnemyDefinition[], System.Collections.Generic.List`1[System.String], PF2e.Data.HazardDefinition[]) (F:\dev\Pf2e.Core\Pf2e.Core\Utilities\EncounterGenerator.cs:227)
       [4] PF2e.Data.EncounterDefinition Delve.Run.GeneratedEncounters.Generate(Delve.Run.RunState, Delve.Run.MapNode, System.Func`2[Delve.Data.CreatureRef,PF2e.Data.EnemyDefinition], Delve.Run.EncounterGenRules) (G:\Godot\Gamestorming\delve\scripts\run\GeneratedEncounters.cs:119)
       [5] void Delve.Dev.RunEncounterSpike.CheckSweep(Delve.Autoload.DataManager) (G:\Godot\Gamestorming\delve\scripts\dev\RunEncounterSpike.cs:178)
       [6] System.Threading.Tasks.Task Delve.Dev.RunEncounterSpike.RunSpikeAsync(Delve.Autoload.DataManager) (G:\Godot\Gamestorming\delve\scripts\dev\RunEncounterSpike.cs:41)
       [7] void Delve.Dev.SpikeBase+<RunAsync>d__10.MoveNext() (G:\Godot\Gamestorming\delve\scripts\dev\SpikeBase.cs:53)
       [8] void System.Runtime.CompilerServices.AsyncMethodBuilderCore.Start<TStateMachine>(TStateMachine&)
       [9] System.Threading.Tasks.Task Delve.Dev.SpikeBase.RunAsync()
       [10] void Delve.Dev.SpikeBase._Ready() (G:\Godot\Gamestorming\delve\scripts\dev\SpikeBase.cs:38)
       [11] bool Godot.Node.InvokeGodotClassMethod(Godot.NativeInterop.godot_string_name&, Godot.NativeInterop.NativeVariantPtrArgs, Godot.NativeInterop.godot_variant&) (/root/godot/modules/mono/glue/GodotSharp/GodotSharp/Generated/GodotObjects/Node.cs:2646)
       [12] bool Delve.Dev.SpikeBase.InvokeGodotClassMethod(Godot.NativeInterop.godot_string_name&, Godot.NativeInterop.NativeVariantPtrArgs, Godot.NativeInterop.godot_variant&) (G:\Godot\Gamestorming\delve\.godot\mono\temp\obj\Debug\Godot.SourceGenerators\Godot.SourceGenerators.ScriptMethodsGenerator\Delve.Dev.SpikeBase_ScriptMethods.generated.cs:80)
       [13] bool Delve.Dev.RunEncounterSpike.InvokeGodotClassMethod(Godot.NativeInterop.godot_string_name&, Godot.NativeInterop.NativeVariantPtrArgs, Godot.NativeInterop.godot_variant&) (G:\Godot\Gamestorming\delve\.godot\mono\temp\obj\Debug\Godot.SourceGenerators\Godot.SourceGenerators.ScriptMethodsGenerator\Delve.Dev.RunEncounterSpike_ScriptMethods.generated.cs:140)
       [14] Godot.NativeInterop.godot_bool Godot.Bridge.CSharpInstanceBridge.Call(nint, Godot.NativeInterop.godot_string_name*, Godot.NativeInterop.godot_variant**, int, Godot.NativeInterop.godot_variant_call_error*, Godot.NativeInterop.godot_variant*) (/root/godot/modules/mono/glue/GodotSharp/GodotSharp/Core/Bridge/CSharpInstanceBridge.cs:24)
WARNING: [PF2e WARN] EncounterGenerator: No template could be filled for Lv2 party. Falling back to budget fill.
   at: void Delve.Autoload.DataManager+<>c.<WireLogging>b__27_1(string) (res://scripts/autoload/DataManager.cs:131)
   C# backtrace (most recent call first):
       [0] void Godot.GD.PushWarning(string) (/root/godot/modules/mono/glue/GodotSharp/GodotSharp/Core/GD.cs:396)
       [1] void Delve.Autoload.DataManager+<>c.<WireLogging>b__27_1(string) (G:\Godot\Gamestorming\delve\scripts\autoload\DataManager.cs:131)
       [2] void PF2e.Log.Warn(object) (F:\dev\Pf2e.Core\Pf2e.Core\Core\Log.cs:23)
       [3] PF2e.Data.EncounterDefinition PF2e.Utilities.EncounterGenerator.GenerateEncounter(PF2e.Data.EncounterDifficulty, int, int, PF2e.Data.EnemyDefinition[], System.Collections.Generic.List`1[System.String], PF2e.Data.HazardDefinition[]) (F:\dev\Pf2e.Core\Pf2e.Core\Utilities\EncounterGenerator.cs:227)
       [4] PF2e.Data.EncounterDefinition Delve.Run.GeneratedEncounters.Generate(Delve.Run.RunState, Delve.Run.MapNode, System.Func`2[Delve.Data.CreatureRef,PF2e.Data.EnemyDefinition], Delve.Run.EncounterGenRules) (G:\Godot\Gamestorming\delve\scripts\run\GeneratedEncounters.cs:119)
       [5] void Delve.Dev.RunEncounterSpike.CheckSweep(Delve.Autoload.DataManager) (G:\Godot\Gamestorming\delve\scripts\dev\RunEncounterSpike.cs:178)
       [6] System.Threading.Tasks.Task Delve.Dev.RunEncounterSpike.RunSpikeAsync(Delve.Autoload.DataManager) (G:\Godot\Gamestorming\delve\scripts\dev\RunEncounterSpike.cs:41)
       [7] void Delve.Dev.SpikeBase+<RunAsync>d__10.MoveNext() (G:\Godot\Gamestorming\delve\scripts\dev\SpikeBase.cs:53)
       [8] void System.Runtime.CompilerServices.AsyncMethodBuilderCore.Start<TStateMachine>(TStateMachine&)
       [9] System.Threading.Tasks.Task Delve.Dev.SpikeBase.RunAsync()
       [10] void Delve.Dev.SpikeBase._Ready() (G:\Godot\Gamestorming\delve\scripts\dev\SpikeBase.cs:38)
       [11] bool Godot.Node.InvokeGodotClassMethod(Godot.NativeInterop.godot_string_name&, Godot.NativeInterop.NativeVariantPtrArgs, Godot.NativeInterop.godot_variant&) (/root/godot/modules/mono/glue/GodotSharp/GodotSharp/Generated/GodotObjects/Node.cs:2646)
       [12] bool Delve.Dev.SpikeBase.InvokeGodotClassMethod(Godot.NativeInterop.godot_string_name&, Godot.NativeInterop.NativeVariantPtrArgs, Godot.NativeInterop.godot_variant&) (G:\Godot\Gamestorming\delve\.godot\mono\temp\obj\Debug\Godot.SourceGenerators\Godot.SourceGenerators.ScriptMethodsGenerator\Delve.Dev.SpikeBase_ScriptMethods.generated.cs:80)
       [13] bool Delve.Dev.RunEncounterSpike.InvokeGodotClassMethod(Godot.NativeInterop.godot_string_name&, Godot.NativeInterop.NativeVariantPtrArgs, Godot.NativeInterop.godot_variant&) (G:\Godot\Gamestorming\delve\.godot\mono\temp\obj\Debug\Godot.SourceGenerators\Godot.SourceGenerators.ScriptMethodsGenerator\Delve.Dev.RunEncounterSpike_ScriptMethods.generated.cs:140)
       [14] Godot.NativeInterop.godot_bool Godot.Bridge.CSharpInstanceBridge.Call(nint, Godot.NativeInterop.godot_string_name*, Godot.NativeInterop.godot_variant**, int, Godot.NativeInterop.godot_variant_call_error*, Godot.NativeInterop.godot_variant*) (/root/godot/modules/mono/glue/GodotSharp/GodotSharp/Core/Bridge/CSharpInstanceBridge.cs:24)
WARNING: [PF2e WARN] EncounterGenerator: No template could be filled for Lv2 party. Falling back to budget fill.
   at: void Delve.Autoload.DataManager+<>c.<WireLogging>b__27_1(string) (res://scripts/autoload/DataManager.cs:131)
   C# backtrace (most recent call first):
       [0] void Godot.GD.PushWarning(string) (/root/godot/modules/mono/glue/GodotSharp/GodotSharp/Core/GD.cs:396)
       [1] void Delve.Autoload.DataManager+<>c.<WireLogging>b__27_1(string) (G:\Godot\Gamestorming\delve\scripts\autoload\DataManager.cs:131)
       [2] void PF2e.Log.Warn(object) (F:\dev\Pf2e.Core\Pf2e.Core\Core\Log.cs:23)
       [3] PF2e.Data.EncounterDefinition PF2e.Utilities.EncounterGenerator.GenerateEncounter(PF2e.Data.EncounterDifficulty, int, int, PF2e.Data.EnemyDefinition[], System.Collections.Generic.List`1[System.String], PF2e.Data.HazardDefinition[]) (F:\dev\Pf2e.Core\Pf2e.Core\Utilities\EncounterGenerator.cs:227)
       [4] PF2e.Data.EncounterDefinition Delve.Run.GeneratedEncounters.Generate(Delve.Run.RunState, Delve.Run.MapNode, System.Func`2[Delve.Data.CreatureRef,PF2e.Data.EnemyDefinition], Delve.Run.EncounterGenRules) (G:\Godot\Gamestorming\delve\scripts\run\GeneratedEncounters.cs:119)
       [5] void Delve.Dev.RunEncounterSpike.CheckSweep(Delve.Autoload.DataManager) (G:\Godot\Gamestorming\delve\scripts\dev\RunEncounterSpike.cs:178)
       [6] System.Threading.Tasks.Task Delve.Dev.RunEncounterSpike.RunSpikeAsync(Delve.Autoload.DataManager) (G:\Godot\Gamestorming\delve\scripts\dev\RunEncounterSpike.cs:41)
       [7] void Delve.Dev.SpikeBase+<RunAsync>d__10.MoveNext() (G:\Godot\Gamestorming\delve\scripts\dev\SpikeBase.cs:53)
       [8] void System.Runtime.CompilerServices.AsyncMethodBuilderCore.Start<TStateMachine>(TStateMachine&)
       [9] System.Threading.Tasks.Task Delve.Dev.SpikeBase.RunAsync()
       [10] void Delve.Dev.SpikeBase._Ready() (G:\Godot\Gamestorming\delve\scripts\dev\SpikeBase.cs:38)
       [11] bool Godot.Node.InvokeGodotClassMethod(Godot.NativeInterop.godot_string_name&, Godot.NativeInterop.NativeVariantPtrArgs, Godot.NativeInterop.godot_variant&) (/root/godot/modules/mono/glue/GodotSharp/GodotSharp/Generated/GodotObjects/Node.cs:2646)
       [12] bool Delve.Dev.SpikeBase.InvokeGodotClassMethod(Godot.NativeInterop.godot_string_name&, Godot.NativeInterop.NativeVariantPtrArgs, Godot.NativeInterop.godot_variant&) (G:\Godot\Gamestorming\delve\.godot\mono\temp\obj\Debug\Godot.SourceGenerators\Godot.SourceGenerators.ScriptMethodsGenerator\Delve.Dev.SpikeBase_ScriptMethods.generated.cs:80)
       [13] bool Delve.Dev.RunEncounterSpike.InvokeGodotClassMethod(Godot.NativeInterop.godot_string_name&, Godot.NativeInterop.NativeVariantPtrArgs, Godot.NativeInterop.godot_variant&) (G:\Godot\Gamestorming\delve\.godot\mono\temp\obj\Debug\Godot.SourceGenerators\Godot.SourceGenerators.ScriptMethodsGenerator\Delve.Dev.RunEncounterSpike_ScriptMethods.generated.cs:140)
       [14] Godot.NativeInterop.godot_bool Godot.Bridge.CSharpInstanceBridge.Call(nint, Godot.NativeInterop.godot_string_name*, Godot.NativeInterop.godot_variant**, int, Godot.NativeInterop.godot_variant_call_error*, Godot.NativeInterop.godot_variant*) (/root/godot/modules/mono/glue/GodotSharp/GodotSharp/Core/Bridge/CSharpInstanceBridge.cs:24)
WARNING: [PF2e WARN] EncounterGenerator: No template could be filled for Lv2 party. Falling back to budget fill.
   at: void Delve.Autoload.DataManager+<>c.<WireLogging>b__27_1(string) (res://scripts/autoload/DataManager.cs:131)
   C# backtrace (most recent call first):
       [0] void Godot.GD.PushWarning(string) (/root/godot/modules/mono/glue/GodotSharp/GodotSharp/Core/GD.cs:396)
       [1] void Delve.Autoload.DataManager+<>c.<WireLogging>b__27_1(string) (G:\Godot\Gamestorming\delve\scripts\autoload\DataManager.cs:131)
       [2] void PF2e.Log.Warn(object) (F:\dev\Pf2e.Core\Pf2e.Core\Core\Log.cs:23)
       [3] PF2e.Data.EncounterDefinition PF2e.Utilities.EncounterGenerator.GenerateEncounter(PF2e.Data.EncounterDifficulty, int, int, PF2e.Data.EnemyDefinition[], System.Collections.Generic.List`1[System.String], PF2e.Data.HazardDefinition[]) (F:\dev\Pf2e.Core\Pf2e.Core\Utilities\EncounterGenerator.cs:227)
       [4] PF2e.Data.EncounterDefinition Delve.Run.GeneratedEncounters.Generate(Delve.Run.RunState, Delve.Run.MapNode, System.Func`2[Delve.Data.CreatureRef,PF2e.Data.EnemyDefinition], Delve.Run.EncounterGenRules) (G:\Godot\Gamestorming\delve\scripts\run\GeneratedEncounters.cs:119)
       [5] void Delve.Dev.RunEncounterSpike.CheckSweep(Delve.Autoload.DataManager) (G:\Godot\Gamestorming\delve\scripts\dev\RunEncounterSpike.cs:178)
       [6] System.Threading.Tasks.Task Delve.Dev.RunEncounterSpike.RunSpikeAsync(Delve.Autoload.DataManager) (G:\Godot\Gamestorming\delve\scripts\dev\RunEncounterSpike.cs:41)
       [7] void Delve.Dev.SpikeBase+<RunAsync>d__10.MoveNext() (G:\Godot\Gamestorming\delve\scripts\dev\SpikeBase.cs:53)
       [8] void System.Runtime.CompilerServices.AsyncMethodBuilderCore.Start<TStateMachine>(TStateMachine&)
       [9] System.Threading.Tasks.Task Delve.Dev.SpikeBase.RunAsync()
       [10] void Delve.Dev.SpikeBase._Ready() (G:\Godot\Gamestorming\delve\scripts\dev\SpikeBase.cs:38)
       [11] bool Godot.Node.InvokeGodotClassMethod(Godot.NativeInterop.godot_string_name&, Godot.NativeInterop.NativeVariantPtrArgs, Godot.NativeInterop.godot_variant&) (/root/godot/modules/mono/glue/GodotSharp/GodotSharp/Generated/GodotObjects/Node.cs:2646)
       [12] bool Delve.Dev.SpikeBase.InvokeGodotClassMethod(Godot.NativeInterop.godot_string_name&, Godot.NativeInterop.NativeVariantPtrArgs, Godot.NativeInterop.godot_variant&) (G:\Godot\Gamestorming\delve\.godot\mono\temp\obj\Debug\Godot.SourceGenerators\Godot.SourceGenerators.ScriptMethodsGenerator\Delve.Dev.SpikeBase_ScriptMethods.generated.cs:80)
       [13] bool Delve.Dev.RunEncounterSpike.InvokeGodotClassMethod(Godot.NativeInterop.godot_string_name&, Godot.NativeInterop.NativeVariantPtrArgs, Godot.NativeInterop.godot_variant&) (G:\Godot\Gamestorming\delve\.godot\mono\temp\obj\Debug\Godot.SourceGenerators\Godot.SourceGenerators.ScriptMethodsGenerator\Delve.Dev.RunEncounterSpike_ScriptMethods.generated.cs:140)
       [14] Godot.NativeInterop.godot_bool Godot.Bridge.CSharpInstanceBridge.Call(nint, Godot.NativeInterop.godot_string_name*, Godot.NativeInterop.godot_variant**, int, Godot.NativeInterop.godot_variant_call_error*, Godot.NativeInterop.godot_variant*) (/root/godot/modules/mono/glue/GodotSharp/GodotSharp/Core/Bridge/CSharpInstanceBridge.cs:24)
WARNING: [PF2e WARN] EncounterGenerator: No template could be filled for Lv2 party. Falling back to budget fill.
   at: void Delve.Autoload.DataManager+<>c.<WireLogging>b__27_1(string) (res://scripts/autoload/DataManager.cs:131)
   C# backtrace (most recent call first):
       [0] void Godot.GD.PushWarning(string) (/root/godot/modules/mono/glue/GodotSharp/GodotSharp/Core/GD.cs:396)
       [1] void Delve.Autoload.DataManager+<>c.<WireLogging>b__27_1(string) (G:\Godot\Gamestorming\delve\scripts\autoload\DataManager.cs:131)
       [2] void PF2e.Log.Warn(object) (F:\dev\Pf2e.Core\Pf2e.Core\Core\Log.cs:23)
       [3] PF2e.Data.EncounterDefinition PF2e.Utilities.EncounterGenerator.GenerateEncounter(PF2e.Data.EncounterDifficulty, int, int, PF2e.Data.EnemyDefinition[], System.Collections.Generic.List`1[System.String], PF2e.Data.HazardDefinition[]) (F:\dev\Pf2e.Core\Pf2e.Core\Utilities\EncounterGenerator.cs:227)
       [4] PF2e.Data.EncounterDefinition Delve.Run.GeneratedEncounters.Generate(Delve.Run.RunState, Delve.Run.MapNode, System.Func`2[Delve.Data.CreatureRef,PF2e.Data.EnemyDefinition], Delve.Run.EncounterGenRules) (G:\Godot\Gamestorming\delve\scripts\run\GeneratedEncounters.cs:119)
       [5] void Delve.Dev.RunEncounterSpike.CheckSweep(Delve.Autoload.DataManager) (G:\Godot\Gamestorming\delve\scripts\dev\RunEncounterSpike.cs:178)
       [6] System.Threading.Tasks.Task Delve.Dev.RunEncounterSpike.RunSpikeAsync(Delve.Autoload.DataManager) (G:\Godot\Gamestorming\delve\scripts\dev\RunEncounterSpike.cs:41)
       [7] void Delve.Dev.SpikeBase+<RunAsync>d__10.MoveNext() (G:\Godot\Gamestorming\delve\scripts\dev\SpikeBase.cs:53)
       [8] void System.Runtime.CompilerServices.AsyncMethodBuilderCore.Start<TStateMachine>(TStateMachine&)
       [9] System.Threading.Tasks.Task Delve.Dev.SpikeBase.RunAsync()
       [10] void Delve.Dev.SpikeBase._Ready() (G:\Godot\Gamestorming\delve\scripts\dev\SpikeBase.cs:38)
       [11] bool Godot.Node.InvokeGodotClassMethod(Godot.NativeInterop.godot_string_name&, Godot.NativeInterop.NativeVariantPtrArgs, Godot.NativeInterop.godot_variant&) (/root/godot/modules/mono/glue/GodotSharp/GodotSharp/Generated/GodotObjects/Node.cs:2646)
       [12] bool Delve.Dev.SpikeBase.InvokeGodotClassMethod(Godot.NativeInterop.godot_string_name&, Godot.NativeInterop.NativeVariantPtrArgs, Godot.NativeInterop.godot_variant&) (G:\Godot\Gamestorming\delve\.godot\mono\temp\obj\Debug\Godot.SourceGenerators\Godot.SourceGenerators.ScriptMethodsGenerator\Delve.Dev.SpikeBase_ScriptMethods.generated.cs:80)
       [13] bool Delve.Dev.RunEncounterSpike.InvokeGodotClassMethod(Godot.NativeInterop.godot_string_name&, Godot.NativeInterop.NativeVariantPtrArgs, Godot.NativeInterop.godot_variant&) (G:\Godot\Gamestorming\delve\.godot\mono\temp\obj\Debug\Godot.SourceGenerators\Godot.SourceGenerators.ScriptMethodsGenerator\Delve.Dev.RunEncounterSpike_ScriptMethods.generated.cs:140)
       [14] Godot.NativeInterop.godot_bool Godot.Bridge.CSharpInstanceBridge.Call(nint, Godot.NativeInterop.godot_string_name*, Godot.NativeInterop.godot_variant**, int, Godot.NativeInterop.godot_variant_call_error*, Godot.NativeInterop.godot_variant*) (/root/godot/modules/mono/glue/GodotSharp/GodotSharp/Core/Bridge/CSharpInstanceBridge.cs:24)
WARNING: [PF2e WARN] EncounterGenerator: No template could be filled for Lv2 party. Falling back to budget fill.
   at: void Delve.Autoload.DataManager+<>c.<WireLogging>b__27_1(string) (res://scripts/autoload/DataManager.cs:131)
   C# backtrace (most recent call first):
       [0] void Godot.GD.PushWarning(string) (/root/godot/modules/mono/glue/GodotSharp/GodotSharp/Core/GD.cs:396)
       [1] void Delve.Autoload.DataManager+<>c.<WireLogging>b__27_1(string) (G:\Godot\Gamestorming\delve\scripts\autoload\DataManager.cs:131)
       [2] void PF2e.Log.Warn(object) (F:\dev\Pf2e.Core\Pf2e.Core\Core\Log.cs:23)
       [3] PF2e.Data.EncounterDefinition PF2e.Utilities.EncounterGenerator.GenerateEncounter(PF2e.Data.EncounterDifficulty, int, int, PF2e.Data.EnemyDefinition[], System.Collections.Generic.List`1[System.String], PF2e.Data.HazardDefinition[]) (F:\dev\Pf2e.Core\Pf2e.Core\Utilities\EncounterGenerator.cs:227)
       [4] PF2e.Data.EncounterDefinition Delve.Run.GeneratedEncounters.Generate(Delve.Run.RunState, Delve.Run.MapNode, System.Func`2[Delve.Data.CreatureRef,PF2e.Data.EnemyDefinition], Delve.Run.EncounterGenRules) (G:\Godot\Gamestorming\delve\scripts\run\GeneratedEncounters.cs:119)
       [5] void Delve.Dev.RunEncounterSpike.CheckSweep(Delve.Autoload.DataManager) (G:\Godot\Gamestorming\delve\scripts\dev\RunEncounterSpike.cs:178)
       [6] System.Threading.Tasks.Task Delve.Dev.RunEncounterSpike.RunSpikeAsync(Delve.Autoload.DataManager) (G:\Godot\Gamestorming\delve\scripts\dev\RunEncounterSpike.cs:41)
       [7] void Delve.Dev.SpikeBase+<RunAsync>d__10.MoveNext() (G:\Godot\Gamestorming\delve\scripts\dev\SpikeBase.cs:53)
       [8] void System.Runtime.CompilerServices.AsyncMethodBuilderCore.Start<TStateMachine>(TStateMachine&)
       [9] System.Threading.Tasks.Task Delve.Dev.SpikeBase.RunAsync()
       [10] void Delve.Dev.SpikeBase._Ready() (G:\Godot\Gamestorming\delve\scripts\dev\SpikeBase.cs:38)
       [11] bool Godot.Node.InvokeGodotClassMethod(Godot.NativeInterop.godot_string_name&, Godot.NativeInterop.NativeVariantPtrArgs, Godot.NativeInterop.godot_variant&) (/root/godot/modules/mono/glue/GodotSharp/GodotSharp/Generated/GodotObjects/Node.cs:2646)
       [12] bool Delve.Dev.SpikeBase.InvokeGodotClassMethod(Godot.NativeInterop.godot_string_name&, Godot.NativeInterop.NativeVariantPtrArgs, Godot.NativeInterop.godot_variant&) (G:\Godot\Gamestorming\delve\.godot\mono\temp\obj\Debug\Godot.SourceGenerators\Godot.SourceGenerators.ScriptMethodsGenerator\Delve.Dev.SpikeBase_ScriptMethods.generated.cs:80)
       [13] bool Delve.Dev.RunEncounterSpike.InvokeGodotClassMethod(Godot.NativeInterop.godot_string_name&, Godot.NativeInterop.NativeVariantPtrArgs, Godot.NativeInterop.godot_variant&) (G:\Godot\Gamestorming\delve\.godot\mono\temp\obj\Debug\Godot.SourceGenerators\Godot.SourceGenerators.ScriptMethodsGenerator\Delve.Dev.RunEncounterSpike_ScriptMethods.generated.cs:140)
       [14] Godot.NativeInterop.godot_bool Godot.Bridge.CSharpInstanceBridge.Call(nint, Godot.NativeInterop.godot_string_name*, Godot.NativeInterop.godot_variant**, int, Godot.NativeInterop.godot_variant_call_error*, Godot.NativeInterop.godot_variant*) (/root/godot/modules/mono/glue/GodotSharp/GodotSharp/Core/Bridge/CSharpInstanceBridge.cs:24)
WARNING: [PF2e WARN] EncounterGenerator: No template could be filled for Lv2 party. Falling back to budget fill.
   at: void Delve.Autoload.DataManager+<>c.<WireLogging>b__27_1(string) (res://scripts/autoload/DataManager.cs:131)
   C# backtrace (most recent call first):
       [0] void Godot.GD.PushWarning(string) (/root/godot/modules/mono/glue/GodotSharp/GodotSharp/Core/GD.cs:396)
       [1] void Delve.Autoload.DataManager+<>c.<WireLogging>b__27_1(string) (G:\Godot\Gamestorming\delve\scripts\autoload\DataManager.cs:131)
       [2] void PF2e.Log.Warn(object) (F:\dev\Pf2e.Core\Pf2e.Core\Core\Log.cs:23)
       [3] PF2e.Data.EncounterDefinition PF2e.Utilities.EncounterGenerator.GenerateEncounter(PF2e.Data.EncounterDifficulty, int, int, PF2e.Data.EnemyDefinition[], System.Collections.Generic.List`1[System.String], PF2e.Data.HazardDefinition[]) (F:\dev\Pf2e.Core\Pf2e.Core\Utilities\EncounterGenerator.cs:227)
       [4] PF2e.Data.EncounterDefinition Delve.Run.GeneratedEncounters.Generate(Delve.Run.RunState, Delve.Run.MapNode, System.Func`2[Delve.Data.CreatureRef,PF2e.Data.EnemyDefinition], Delve.Run.EncounterGenRules) (G:\Godot\Gamestorming\delve\scripts\run\GeneratedEncounters.cs:119)
       [5] void Delve.Dev.RunEncounterSpike.CheckSweep(Delve.Autoload.DataManager) (G:\Godot\Gamestorming\delve\scripts\dev\RunEncounterSpike.cs:178)
       [6] System.Threading.Tasks.Task Delve.Dev.RunEncounterSpike.RunSpikeAsync(Delve.Autoload.DataManager) (G:\Godot\Gamestorming\delve\scripts\dev\RunEncounterSpike.cs:41)
       [7] void Delve.Dev.SpikeBase+<RunAsync>d__10.MoveNext() (G:\Godot\Gamestorming\delve\scripts\dev\SpikeBase.cs:53)
       [8] void System.Runtime.CompilerServices.AsyncMethodBuilderCore.Start<TStateMachine>(TStateMachine&)
       [9] System.Threading.Tasks.Task Delve.Dev.SpikeBase.RunAsync()
       [10] void Delve.Dev.SpikeBase._Ready() (G:\Godot\Gamestorming\delve\scripts\dev\SpikeBase.cs:38)
       [11] bool Godot.Node.InvokeGodotClassMethod(Godot.NativeInterop.godot_string_name&, Godot.NativeInterop.NativeVariantPtrArgs, Godot.NativeInterop.godot_variant&) (/root/godot/modules/mono/glue/GodotSharp/GodotSharp/Generated/GodotObjects/Node.cs:2646)
       [12] bool Delve.Dev.SpikeBase.InvokeGodotClassMethod(Godot.NativeInterop.godot_string_name&, Godot.NativeInterop.NativeVariantPtrArgs, Godot.NativeInterop.godot_variant&) (G:\Godot\Gamestorming\delve\.godot\mono\temp\obj\Debug\Godot.SourceGenerators\Godot.SourceGenerators.ScriptMethodsGenerator\Delve.Dev.SpikeBase_ScriptMethods.generated.cs:80)
       [13] bool Delve.Dev.RunEncounterSpike.InvokeGodotClassMethod(Godot.NativeInterop.godot_string_name&, Godot.NativeInterop.NativeVariantPtrArgs, Godot.NativeInterop.godot_variant&) (G:\Godot\Gamestorming\delve\.godot\mono\temp\obj\Debug\Godot.SourceGenerators\Godot.SourceGenerators.ScriptMethodsGenerator\Delve.Dev.RunEncounterSpike_ScriptMethods.generated.cs:140)
       [14] Godot.NativeInterop.godot_bool Godot.Bridge.CSharpInstanceBridge.Call(nint, Godot.NativeInterop.godot_string_name*, Godot.NativeInterop.godot_variant**, int, Godot.NativeInterop.godot_variant_call_error*, Godot.NativeInterop.godot_variant*) (/root/godot/modules/mono/glue/GodotSharp/GodotSharp/Core/Bridge/CSharpInstanceBridge.cs:24)
WARNING: [PF2e WARN] EncounterGenerator: No template could be filled for Lv2 party. Falling back to budget fill.
   at: void Delve.Autoload.DataManager+<>c.<WireLogging>b__27_1(string) (res://scripts/autoload/DataManager.cs:131)
   C# backtrace (most recent call first):
       [0] void Godot.GD.PushWarning(string) (/root/godot/modules/mono/glue/GodotSharp/GodotSharp/Core/GD.cs:396)
       [1] void Delve.Autoload.DataManager+<>c.<WireLogging>b__27_1(string) (G:\Godot\Gamestorming\delve\scripts\autoload\DataManager.cs:131)
       [2] void PF2e.Log.Warn(object) (F:\dev\Pf2e.Core\Pf2e.Core\Core\Log.cs:23)
       [3] PF2e.Data.EncounterDefinition PF2e.Utilities.EncounterGenerator.GenerateEncounter(PF2e.Data.EncounterDifficulty, int, int, PF2e.Data.EnemyDefinition[], System.Collections.Generic.List`1[System.String], PF2e.Data.HazardDefinition[]) (F:\dev\Pf2e.Core\Pf2e.Core\Utilities\EncounterGenerator.cs:227)
       [4] PF2e.Data.EncounterDefinition Delve.Run.GeneratedEncounters.Generate(Delve.Run.RunState, Delve.Run.MapNode, System.Func`2[Delve.Data.CreatureRef,PF2e.Data.EnemyDefinition], Delve.Run.EncounterGenRules) (G:\Godot\Gamestorming\delve\scripts\run\GeneratedEncounters.cs:119)
       [5] void Delve.Dev.RunEncounterSpike.CheckSweep(Delve.Autoload.DataManager) (G:\Godot\Gamestorming\delve\scripts\dev\RunEncounterSpike.cs:178)
       [6] System.Threading.Tasks.Task Delve.Dev.RunEncounterSpike.RunSpikeAsync(Delve.Autoload.DataManager) (G:\Godot\Gamestorming\delve\scripts\dev\RunEncounterSpike.cs:41)
       [7] void Delve.Dev.SpikeBase+<RunAsync>d__10.MoveNext() (G:\Godot\Gamestorming\delve\scripts\dev\SpikeBase.cs:53)
       [8] void System.Runtime.CompilerServices.AsyncMethodBuilderCore.Start<TStateMachine>(TStateMachine&)
       [9] System.Threading.Tasks.Task Delve.Dev.SpikeBase.RunAsync()
       [10] void Delve.Dev.SpikeBase._Ready() (G:\Godot\Gamestorming\delve\scripts\dev\SpikeBase.cs:38)
       [11] bool Godot.Node.InvokeGodotClassMethod(Godot.NativeInterop.godot_string_name&, Godot.NativeInterop.NativeVariantPtrArgs, Godot.NativeInterop.godot_variant&) (/root/godot/modules/mono/glue/GodotSharp/GodotSharp/Generated/GodotObjects/Node.cs:2646)
       [12] bool Delve.Dev.SpikeBase.InvokeGodotClassMethod(Godot.NativeInterop.godot_string_name&, Godot.NativeInterop.NativeVariantPtrArgs, Godot.NativeInterop.godot_variant&) (G:\Godot\Gamestorming\delve\.godot\mono\temp\obj\Debug\Godot.SourceGenerators\Godot.SourceGenerators.ScriptMethodsGenerator\Delve.Dev.SpikeBase_ScriptMethods.generated.cs:80)
       [13] bool Delve.Dev.RunEncounterSpike.InvokeGodotClassMethod(Godot.NativeInterop.godot_string_name&, Godot.NativeInterop.NativeVariantPtrArgs, Godot.NativeInterop.godot_variant&) (G:\Godot\Gamestorming\delve\.godot\mono\temp\obj\Debug\Godot.SourceGenerators\Godot.SourceGenerators.ScriptMethodsGenerator\Delve.Dev.RunEncounterSpike_ScriptMethods.generated.cs:140)
       [14] Godot.NativeInterop.godot_bool Godot.Bridge.CSharpInstanceBridge.Call(nint, Godot.NativeInterop.godot_string_name*, Godot.NativeInterop.godot_variant**, int, Godot.NativeInterop.godot_variant_call_error*, Godot.NativeInterop.godot_variant*) (/root/godot/modules/mono/glue/GodotSharp/GodotSharp/Core/Bridge/CSharpInstanceBridge.cs:24)
WARNING: [PF2e WARN] EncounterGenerator: No template could be filled for Lv2 party. Falling back to budget fill.
   at: void Delve.Autoload.DataManager+<>c.<WireLogging>b__27_1(string) (res://scripts/autoload/DataManager.cs:131)
   C# backtrace (most recent call first):
       [0] void Godot.GD.PushWarning(string) (/root/godot/modules/mono/glue/GodotSharp/GodotSharp/Core/GD.cs:396)
       [1] void Delve.Autoload.DataManager+<>c.<WireLogging>b__27_1(string) (G:\Godot\Gamestorming\delve\scripts\autoload\DataManager.cs:131)
       [2] void PF2e.Log.Warn(object) (F:\dev\Pf2e.Core\Pf2e.Core\Core\Log.cs:23)
       [3] PF2e.Data.EncounterDefinition PF2e.Utilities.EncounterGenerator.GenerateEncounter(PF2e.Data.EncounterDifficulty, int, int, PF2e.Data.EnemyDefinition[], System.Collections.Generic.List`1[System.String], PF2e.Data.HazardDefinition[]) (F:\dev\Pf2e.Core\Pf2e.Core\Utilities\EncounterGenerator.cs:227)
       [4] PF2e.Data.EncounterDefinition Delve.Run.GeneratedEncounters.Generate(Delve.Run.RunState, Delve.Run.MapNode, System.Func`2[Delve.Data.CreatureRef,PF2e.Data.EnemyDefinition], Delve.Run.EncounterGenRules) (G:\Godot\Gamestorming\delve\scripts\run\GeneratedEncounters.cs:119)
       [5] void Delve.Dev.RunEncounterSpike.CheckSweep(Delve.Autoload.DataManager) (G:\Godot\Gamestorming\delve\scripts\dev\RunEncounterSpike.cs:178)
       [6] System.Threading.Tasks.Task Delve.Dev.RunEncounterSpike.RunSpikeAsync(Delve.Autoload.DataManager) (G:\Godot\Gamestorming\delve\scripts\dev\RunEncounterSpike.cs:41)
       [7] void Delve.Dev.SpikeBase+<RunAsync>d__10.MoveNext() (G:\Godot\Gamestorming\delve\scripts\dev\SpikeBase.cs:53)
       [8] void System.Runtime.CompilerServices.AsyncMethodBuilderCore.Start<TStateMachine>(TStateMachine&)
       [9] System.Threading.Tasks.Task Delve.Dev.SpikeBase.RunAsync()
       [10] void Delve.Dev.SpikeBase._Ready() (G:\Godot\Gamestorming\delve\scripts\dev\SpikeBase.cs:38)
       [11] bool Godot.Node.InvokeGodotClassMethod(Godot.NativeInterop.godot_string_name&, Godot.NativeInterop.NativeVariantPtrArgs, Godot.NativeInterop.godot_variant&) (/root/godot/modules/mono/glue/GodotSharp/GodotSharp/Generated/GodotObjects/Node.cs:2646)
       [12] bool Delve.Dev.SpikeBase.InvokeGodotClassMethod(Godot.NativeInterop.godot_string_name&, Godot.NativeInterop.NativeVariantPtrArgs, Godot.NativeInterop.godot_variant&) (G:\Godot\Gamestorming\delve\.godot\mono\temp\obj\Debug\Godot.SourceGenerators\Godot.SourceGenerators.ScriptMethodsGenerator\Delve.Dev.SpikeBase_ScriptMethods.generated.cs:80)
       [13] bool Delve.Dev.RunEncounterSpike.InvokeGodotClassMethod(Godot.NativeInterop.godot_string_name&, Godot.NativeInterop.NativeVariantPtrArgs, Godot.NativeInterop.godot_variant&) (G:\Godot\Gamestorming\delve\.godot\mono\temp\obj\Debug\Godot.SourceGenerators\Godot.SourceGenerators.ScriptMethodsGenerator\Delve.Dev.RunEncounterSpike_ScriptMethods.generated.cs:140)
       [14] Godot.NativeInterop.godot_bool Godot.Bridge.CSharpInstanceBridge.Call(nint, Godot.NativeInterop.godot_string_name*, Godot.NativeInterop.godot_variant**, int, Godot.NativeInterop.godot_variant_call_error*, Godot.NativeInterop.godot_variant*) (/root/godot/modules/mono/glue/GodotSharp/GodotSharp/Core/Bridge/CSharpInstanceBridge.cs:24)
WARNING: [PF2e WARN] EncounterGenerator: No template could be filled for Lv2 party. Falling back to budget fill.
   at: void Delve.Autoload.DataManager+<>c.<WireLogging>b__27_1(string) (res://scripts/autoload/DataManager.cs:131)
   C# backtrace (most recent call first):
       [0] void Godot.GD.PushWarning(string) (/root/godot/modules/mono/glue/GodotSharp/GodotSharp/Core/GD.cs:396)
       [1] void Delve.Autoload.DataManager+<>c.<WireLogging>b__27_1(string) (G:\Godot\Gamestorming\delve\scripts\autoload\DataManager.cs:131)
       [2] void PF2e.Log.Warn(object) (F:\dev\Pf2e.Core\Pf2e.Core\Core\Log.cs:23)
       [3] PF2e.Data.EncounterDefinition PF2e.Utilities.EncounterGenerator.GenerateEncounter(PF2e.Data.EncounterDifficulty, int, int, PF2e.Data.EnemyDefinition[], System.Collections.Generic.List`1[System.String], PF2e.Data.HazardDefinition[]) (F:\dev\Pf2e.Core\Pf2e.Core\Utilities\EncounterGenerator.cs:227)
       [4] PF2e.Data.EncounterDefinition Delve.Run.GeneratedEncounters.Generate(Delve.Run.RunState, Delve.Run.MapNode, System.Func`2[Delve.Data.CreatureRef,PF2e.Data.EnemyDefinition], Delve.Run.EncounterGenRules) (G:\Godot\Gamestorming\delve\scripts\run\GeneratedEncounters.cs:119)
       [5] void Delve.Dev.RunEncounterSpike.CheckSweep(Delve.Autoload.DataManager) (G:\Godot\Gamestorming\delve\scripts\dev\RunEncounterSpike.cs:178)
       [6] System.Threading.Tasks.Task Delve.Dev.RunEncounterSpike.RunSpikeAsync(Delve.Autoload.DataManager) (G:\Godot\Gamestorming\delve\scripts\dev\RunEncounterSpike.cs:41)
       [7] void Delve.Dev.SpikeBase+<RunAsync>d__10.MoveNext() (G:\Godot\Gamestorming\delve\scripts\dev\SpikeBase.cs:53)
       [8] void System.Runtime.CompilerServices.AsyncMethodBuilderCore.Start<TStateMachine>(TStateMachine&)
       [9] System.Threading.Tasks.Task Delve.Dev.SpikeBase.RunAsync()
       [10] void Delve.Dev.SpikeBase._Ready() (G:\Godot\Gamestorming\delve\scripts\dev\SpikeBase.cs:38)
       [11] bool Godot.Node.InvokeGodotClassMethod(Godot.NativeInterop.godot_string_name&, Godot.NativeInterop.NativeVariantPtrArgs, Godot.NativeInterop.godot_variant&) (/root/godot/modules/mono/glue/GodotSharp/GodotSharp/Generated/GodotObjects/Node.cs:2646)
       [12] bool Delve.Dev.SpikeBase.InvokeGodotClassMethod(Godot.NativeInterop.godot_string_name&, Godot.NativeInterop.NativeVariantPtrArgs, Godot.NativeInterop.godot_variant&) (G:\Godot\Gamestorming\delve\.godot\mono\temp\obj\Debug\Godot.SourceGenerators\Godot.SourceGenerators.ScriptMethodsGenerator\Delve.Dev.SpikeBase_ScriptMethods.generated.cs:80)
       [13] bool Delve.Dev.RunEncounterSpike.InvokeGodotClassMethod(Godot.NativeInterop.godot_string_name&, Godot.NativeInterop.NativeVariantPtrArgs, Godot.NativeInterop.godot_variant&) (G:\Godot\Gamestorming\delve\.godot\mono\temp\obj\Debug\Godot.SourceGenerators\Godot.SourceGenerators.ScriptMethodsGenerator\Delve.Dev.RunEncounterSpike_ScriptMethods.generated.cs:140)
       [14] Godot.NativeInterop.godot_bool Godot.Bridge.CSharpInstanceBridge.Call(nint, Godot.NativeInterop.godot_string_name*, Godot.NativeInterop.godot_variant**, int, Godot.NativeInterop.godot_variant_call_error*, Godot.NativeInterop.godot_variant*) (/root/godot/modules/mono/glue/GodotSharp/GodotSharp/Core/Bridge/CSharpInstanceBridge.cs:24)
WARNING: [PF2e WARN] EncounterGenerator: No template could be filled for Lv2 party. Falling back to budget fill.
   at: void Delve.Autoload.DataManager+<>c.<WireLogging>b__27_1(string) (res://scripts/autoload/DataManager.cs:131)
   C# backtrace (most recent call first):
       [0] void Godot.GD.PushWarning(string) (/root/godot/modules/mono/glue/GodotSharp/GodotSharp/Core/GD.cs:396)
       [1] void Delve.Autoload.DataManager+<>c.<WireLogging>b__27_1(string) (G:\Godot\Gamestorming\delve\scripts\autoload\DataManager.cs:131)
       [2] void PF2e.Log.Warn(object) (F:\dev\Pf2e.Core\Pf2e.Core\Core\Log.cs:23)
       [3] PF2e.Data.EncounterDefinition PF2e.Utilities.EncounterGenerator.GenerateEncounter(PF2e.Data.EncounterDifficulty, int, int, PF2e.Data.EnemyDefinition[], System.Collections.Generic.List`1[System.String], PF2e.Data.HazardDefinition[]) (F:\dev\Pf2e.Core\Pf2e.Core\Utilities\EncounterGenerator.cs:227)
       [4] PF2e.Data.EncounterDefinition Delve.Run.GeneratedEncounters.Generate(Delve.Run.RunState, Delve.Run.MapNode, System.Func`2[Delve.Data.CreatureRef,PF2e.Data.EnemyDefinition], Delve.Run.EncounterGenRules) (G:\Godot\Gamestorming\delve\scripts\run\GeneratedEncounters.cs:119)
       [5] void Delve.Dev.RunEncounterSpike.CheckSweep(Delve.Autoload.DataManager) (G:\Godot\Gamestorming\delve\scripts\dev\RunEncounterSpike.cs:178)
       [6] System.Threading.Tasks.Task Delve.Dev.RunEncounterSpike.RunSpikeAsync(Delve.Autoload.DataManager) (G:\Godot\Gamestorming\delve\scripts\dev\RunEncounterSpike.cs:41)
       [7] void Delve.Dev.SpikeBase+<RunAsync>d__10.MoveNext() (G:\Godot\Gamestorming\delve\scripts\dev\SpikeBase.cs:53)
       [8] void System.Runtime.CompilerServices.AsyncMethodBuilderCore.Start<TStateMachine>(TStateMachine&)
       [9] System.Threading.Tasks.Task Delve.Dev.SpikeBase.RunAsync()
       [10] void Delve.Dev.SpikeBase._Ready() (G:\Godot\Gamestorming\delve\scripts\dev\SpikeBase.cs:38)
       [11] bool Godot.Node.InvokeGodotClassMethod(Godot.NativeInterop.godot_string_name&, Godot.NativeInterop.NativeVariantPtrArgs, Godot.NativeInterop.godot_variant&) (/root/godot/modules/mono/glue/GodotSharp/GodotSharp/Generated/GodotObjects/Node.cs:2646)
       [12] bool Delve.Dev.SpikeBase.InvokeGodotClassMethod(Godot.NativeInterop.godot_string_name&, Godot.NativeInterop.NativeVariantPtrArgs, Godot.NativeInterop.godot_variant&) (G:\Godot\Gamestorming\delve\.godot\mono\temp\obj\Debug\Godot.SourceGenerators\Godot.SourceGenerators.ScriptMethodsGenerator\Delve.Dev.SpikeBase_ScriptMethods.generated.cs:80)
       [13] bool Delve.Dev.RunEncounterSpike.InvokeGodotClassMethod(Godot.NativeInterop.godot_string_name&, Godot.NativeInterop.NativeVariantPtrArgs, Godot.NativeInterop.godot_variant&) (G:\Godot\Gamestorming\delve\.godot\mono\temp\obj\Debug\Godot.SourceGenerators\Godot.SourceGenerators.ScriptMethodsGenerator\Delve.Dev.RunEncounterSpike_ScriptMethods.generated.cs:140)
       [14] Godot.NativeInterop.godot_bool Godot.Bridge.CSharpInstanceBridge.Call(nint, Godot.NativeInterop.godot_string_name*, Godot.NativeInterop.godot_variant**, int, Godot.NativeInterop.godot_variant_call_error*, Godot.NativeInterop.godot_variant*) (/root/godot/modules/mono/glue/GodotSharp/GodotSharp/Core/Bridge/CSharpInstanceBridge.cs:24)
WARNING: [PF2e WARN] EncounterGenerator: No template could be filled for Lv2 party. Falling back to budget fill.
   at: void Delve.Autoload.DataManager+<>c.<WireLogging>b__27_1(string) (res://scripts/autoload/DataManager.cs:131)
   C# backtrace (most recent call first):
       [0] void Godot.GD.PushWarning(string) (/root/godot/modules/mono/glue/GodotSharp/GodotSharp/Core/GD.cs:396)
       [1] void Delve.Autoload.DataManager+<>c.<WireLogging>b__27_1(string) (G:\Godot\Gamestorming\delve\scripts\autoload\DataManager.cs:131)
       [2] void PF2e.Log.Warn(object) (F:\dev\Pf2e.Core\Pf2e.Core\Core\Log.cs:23)
       [3] PF2e.Data.EncounterDefinition PF2e.Utilities.EncounterGenerator.GenerateEncounter(PF2e.Data.EncounterDifficulty, int, int, PF2e.Data.EnemyDefinition[], System.Collections.Generic.List`1[System.String], PF2e.Data.HazardDefinition[]) (F:\dev\Pf2e.Core\Pf2e.Core\Utilities\EncounterGenerator.cs:227)
       [4] PF2e.Data.EncounterDefinition Delve.Run.GeneratedEncounters.Generate(Delve.Run.RunState, Delve.Run.MapNode, System.Func`2[Delve.Data.CreatureRef,PF2e.Data.EnemyDefinition], Delve.Run.EncounterGenRules) (G:\Godot\Gamestorming\delve\scripts\run\GeneratedEncounters.cs:119)
       [5] void Delve.Dev.RunEncounterSpike.CheckSweep(Delve.Autoload.DataManager) (G:\Godot\Gamestorming\delve\scripts\dev\RunEncounterSpike.cs:178)
       [6] System.Threading.Tasks.Task Delve.Dev.RunEncounterSpike.RunSpikeAsync(Delve.Autoload.DataManager) (G:\Godot\Gamestorming\delve\scripts\dev\RunEncounterSpike.cs:41)
       [7] void Delve.Dev.SpikeBase+<RunAsync>d__10.MoveNext() (G:\Godot\Gamestorming\delve\scripts\dev\SpikeBase.cs:53)
       [8] void System.Runtime.CompilerServices.AsyncMethodBuilderCore.Start<TStateMachine>(TStateMachine&)
       [9] System.Threading.Tasks.Task Delve.Dev.SpikeBase.RunAsync()
       [10] void Delve.Dev.SpikeBase._Ready() (G:\Godot\Gamestorming\delve\scripts\dev\SpikeBase.cs:38)
       [11] bool Godot.Node.InvokeGodotClassMethod(Godot.NativeInterop.godot_string_name&, Godot.NativeInterop.NativeVariantPtrArgs, Godot.NativeInterop.godot_variant&) (/root/godot/modules/mono/glue/GodotSharp/GodotSharp/Generated/GodotObjects/Node.cs:2646)
       [12] bool Delve.Dev.SpikeBase.InvokeGodotClassMethod(Godot.NativeInterop.godot_string_name&, Godot.NativeInterop.NativeVariantPtrArgs, Godot.NativeInterop.godot_variant&) (G:\Godot\Gamestorming\delve\.godot\mono\temp\obj\Debug\Godot.SourceGenerators\Godot.SourceGenerators.ScriptMethodsGenerator\Delve.Dev.SpikeBase_ScriptMethods.generated.cs:80)
       [13] bool Delve.Dev.RunEncounterSpike.InvokeGodotClassMethod(Godot.NativeInterop.godot_string_name&, Godot.NativeInterop.NativeVariantPtrArgs, Godot.NativeInterop.godot_variant&) (G:\Godot\Gamestorming\delve\.godot\mono\temp\obj\Debug\Godot.SourceGenerators\Godot.SourceGenerators.ScriptMethodsGenerator\Delve.Dev.RunEncounterSpike_ScriptMethods.generated.cs:140)
       [14] Godot.NativeInterop.godot_bool Godot.Bridge.CSharpInstanceBridge.Call(nint, Godot.NativeInterop.godot_string_name*, Godot.NativeInterop.godot_variant**, int, Godot.NativeInterop.godot_variant_call_error*, Godot.NativeInterop.godot_variant*) (/root/godot/modules/mono/glue/GodotSharp/GodotSharp/Core/Bridge/CSharpInstanceBridge.cs:24)
WARNING: [PF2e WARN] EncounterGenerator: No template could be filled for Lv2 party. Falling back to budget fill.
   at: void Delve.Autoload.DataManager+<>c.<WireLogging>b__27_1(string) (res://scripts/autoload/DataManager.cs:131)
   C# backtrace (most recent call first):
       [0] void Godot.GD.PushWarning(string) (/root/godot/modules/mono/glue/GodotSharp/GodotSharp/Core/GD.cs:396)
       [1] void Delve.Autoload.DataManager+<>c.<WireLogging>b__27_1(string) (G:\Godot\Gamestorming\delve\scripts\autoload\DataManager.cs:131)
       [2] void PF2e.Log.Warn(object) (F:\dev\Pf2e.Core\Pf2e.Core\Core\Log.cs:23)
       [3] PF2e.Data.EncounterDefinition PF2e.Utilities.EncounterGenerator.GenerateEncounter(PF2e.Data.EncounterDifficulty, int, int, PF2e.Data.EnemyDefinition[], System.Collections.Generic.List`1[System.String], PF2e.Data.HazardDefinition[]) (F:\dev\Pf2e.Core\Pf2e.Core\Utilities\EncounterGenerator.cs:227)
       [4] PF2e.Data.EncounterDefinition Delve.Run.GeneratedEncounters.Generate(Delve.Run.RunState, Delve.Run.MapNode, System.Func`2[Delve.Data.CreatureRef,PF2e.Data.EnemyDefinition], Delve.Run.EncounterGenRules) (G:\Godot\Gamestorming\delve\scripts\run\GeneratedEncounters.cs:119)
       [5] void Delve.Dev.RunEncounterSpike.CheckSweep(Delve.Autoload.DataManager) (G:\Godot\Gamestorming\delve\scripts\dev\RunEncounterSpike.cs:178)
       [6] System.Threading.Tasks.Task Delve.Dev.RunEncounterSpike.RunSpikeAsync(Delve.Autoload.DataManager) (G:\Godot\Gamestorming\delve\scripts\dev\RunEncounterSpike.cs:41)
       [7] void Delve.Dev.SpikeBase+<RunAsync>d__10.MoveNext() (G:\Godot\Gamestorming\delve\scripts\dev\SpikeBase.cs:53)
       [8] void System.Runtime.CompilerServices.AsyncMethodBuilderCore.Start<TStateMachine>(TStateMachine&)
       [9] System.Threading.Tasks.Task Delve.Dev.SpikeBase.RunAsync()
       [10] void Delve.Dev.SpikeBase._Ready() (G:\Godot\Gamestorming\delve\scripts\dev\SpikeBase.cs:38)
       [11] bool Godot.Node.InvokeGodotClassMethod(Godot.NativeInterop.godot_string_name&, Godot.NativeInterop.NativeVariantPtrArgs, Godot.NativeInterop.godot_variant&) (/root/godot/modules/mono/glue/GodotSharp/GodotSharp/Generated/GodotObjects/Node.cs:2646)
       [12] bool Delve.Dev.SpikeBase.InvokeGodotClassMethod(Godot.NativeInterop.godot_string_name&, Godot.NativeInterop.NativeVariantPtrArgs, Godot.NativeInterop.godot_variant&) (G:\Godot\Gamestorming\delve\.godot\mono\temp\obj\Debug\Godot.SourceGenerators\Godot.SourceGenerators.ScriptMethodsGenerator\Delve.Dev.SpikeBase_ScriptMethods.generated.cs:80)
       [13] bool Delve.Dev.RunEncounterSpike.InvokeGodotClassMethod(Godot.NativeInterop.godot_string_name&, Godot.NativeInterop.NativeVariantPtrArgs, Godot.NativeInterop.godot_variant&) (G:\Godot\Gamestorming\delve\.godot\mono\temp\obj\Debug\Godot.SourceGenerators\Godot.SourceGenerators.ScriptMethodsGenerator\Delve.Dev.RunEncounterSpike_ScriptMethods.generated.cs:140)
       [14] Godot.NativeInterop.godot_bool Godot.Bridge.CSharpInstanceBridge.Call(nint, Godot.NativeInterop.godot_string_name*, Godot.NativeInterop.godot_variant**, int, Godot.NativeInterop.godot_variant_call_error*, Godot.NativeInterop.godot_variant*) (/root/godot/modules/mono/glue/GodotSharp/GodotSharp/Core/Bridge/CSharpInstanceBridge.cs:24)
WARNING: [PF2e WARN] EncounterGenerator: No template could be filled for Lv2 party. Falling back to budget fill.
   at: void Delve.Autoload.DataManager+<>c.<WireLogging>b__27_1(string) (res://scripts/autoload/DataManager.cs:131)
   C# backtrace (most recent call first):
       [0] void Godot.GD.PushWarning(string) (/root/godot/modules/mono/glue/GodotSharp/GodotSharp/Core/GD.cs:396)
       [1] void Delve.Autoload.DataManager+<>c.<WireLogging>b__27_1(string) (G:\Godot\Gamestorming\delve\scripts\autoload\DataManager.cs:131)
       [2] void PF2e.Log.Warn(object) (F:\dev\Pf2e.Core\Pf2e.Core\Core\Log.cs:23)
       [3] PF2e.Data.EncounterDefinition PF2e.Utilities.EncounterGenerator.GenerateEncounter(PF2e.Data.EncounterDifficulty, int, int, PF2e.Data.EnemyDefinition[], System.Collections.Generic.List`1[System.String], PF2e.Data.HazardDefinition[]) (F:\dev\Pf2e.Core\Pf2e.Core\Utilities\EncounterGenerator.cs:227)
       [4] PF2e.Data.EncounterDefinition Delve.Run.GeneratedEncounters.Generate(Delve.Run.RunState, Delve.Run.MapNode, System.Func`2[Delve.Data.CreatureRef,PF2e.Data.EnemyDefinition], Delve.Run.EncounterGenRules) (G:\Godot\Gamestorming\delve\scripts\run\GeneratedEncounters.cs:119)
       [5] void Delve.Dev.RunEncounterSpike.CheckSweep(Delve.Autoload.DataManager) (G:\Godot\Gamestorming\delve\scripts\dev\RunEncounterSpike.cs:178)
       [6] System.Threading.Tasks.Task Delve.Dev.RunEncounterSpike.RunSpikeAsync(Delve.Autoload.DataManager) (G:\Godot\Gamestorming\delve\scripts\dev\RunEncounterSpike.cs:41)
       [7] void Delve.Dev.SpikeBase+<RunAsync>d__10.MoveNext() (G:\Godot\Gamestorming\delve\scripts\dev\SpikeBase.cs:53)
       [8] void System.Runtime.CompilerServices.AsyncMethodBuilderCore.Start<TStateMachine>(TStateMachine&)
       [9] System.Threading.Tasks.Task Delve.Dev.SpikeBase.RunAsync()
       [10] void Delve.Dev.SpikeBase._Ready() (G:\Godot\Gamestorming\delve\scripts\dev\SpikeBase.cs:38)
       [11] bool Godot.Node.InvokeGodotClassMethod(Godot.NativeInterop.godot_string_name&, Godot.NativeInterop.NativeVariantPtrArgs, Godot.NativeInterop.godot_variant&) (/root/godot/modules/mono/glue/GodotSharp/GodotSharp/Generated/GodotObjects/Node.cs:2646)
       [12] bool Delve.Dev.SpikeBase.InvokeGodotClassMethod(Godot.NativeInterop.godot_string_name&, Godot.NativeInterop.NativeVariantPtrArgs, Godot.NativeInterop.godot_variant&) (G:\Godot\Gamestorming\delve\.godot\mono\temp\obj\Debug\Godot.SourceGenerators\Godot.SourceGenerators.ScriptMethodsGenerator\Delve.Dev.SpikeBase_ScriptMethods.generated.cs:80)
       [13] bool Delve.Dev.RunEncounterSpike.InvokeGodotClassMethod(Godot.NativeInterop.godot_string_name&, Godot.NativeInterop.NativeVariantPtrArgs, Godot.NativeInterop.godot_variant&) (G:\Godot\Gamestorming\delve\.godot\mono\temp\obj\Debug\Godot.SourceGenerators\Godot.SourceGenerators.ScriptMethodsGenerator\Delve.Dev.RunEncounterSpike_ScriptMethods.generated.cs:140)
       [14] Godot.NativeInterop.godot_bool Godot.Bridge.CSharpInstanceBridge.Call(nint, Godot.NativeInterop.godot_string_name*, Godot.NativeInterop.godot_variant**, int, Godot.NativeInterop.godot_variant_call_error*, Godot.NativeInterop.godot_variant*) (/root/godot/modules/mono/glue/GodotSharp/GodotSharp/Core/Bridge/CSharpInstanceBridge.cs:24)
WARNING: [PF2e WARN] EncounterGenerator: No template could be filled for Lv2 party. Falling back to budget fill.
   at: void Delve.Autoload.DataManager+<>c.<WireLogging>b__27_1(string) (res://scripts/autoload/DataManager.cs:131)
   C# backtrace (most recent call first):
       [0] void Godot.GD.PushWarning(string) (/root/godot/modules/mono/glue/GodotSharp/GodotSharp/Core/GD.cs:396)
       [1] void Delve.Autoload.DataManager+<>c.<WireLogging>b__27_1(string) (G:\Godot\Gamestorming\delve\scripts\autoload\DataManager.cs:131)
       [2] void PF2e.Log.Warn(object) (F:\dev\Pf2e.Core\Pf2e.Core\Core\Log.cs:23)
       [3] PF2e.Data.EncounterDefinition PF2e.Utilities.EncounterGenerator.GenerateEncounter(PF2e.Data.EncounterDifficulty, int, int, PF2e.Data.EnemyDefinition[], System.Collections.Generic.List`1[System.String], PF2e.Data.HazardDefinition[]) (F:\dev\Pf2e.Core\Pf2e.Core\Utilities\EncounterGenerator.cs:227)
       [4] PF2e.Data.EncounterDefinition Delve.Run.GeneratedEncounters.Generate(Delve.Run.RunState, Delve.Run.MapNode, System.Func`2[Delve.Data.CreatureRef,PF2e.Data.EnemyDefinition], Delve.Run.EncounterGenRules) (G:\Godot\Gamestorming\delve\scripts\run\GeneratedEncounters.cs:119)
       [5] void Delve.Dev.RunEncounterSpike.CheckSweep(Delve.Autoload.DataManager) (G:\Godot\Gamestorming\delve\scripts\dev\RunEncounterSpike.cs:178)
       [6] System.Threading.Tasks.Task Delve.Dev.RunEncounterSpike.RunSpikeAsync(Delve.Autoload.DataManager) (G:\Godot\Gamestorming\delve\scripts\dev\RunEncounterSpike.cs:41)
       [7] void Delve.Dev.SpikeBase+<RunAsync>d__10.MoveNext() (G:\Godot\Gamestorming\delve\scripts\dev\SpikeBase.cs:53)
       [8] void System.Runtime.CompilerServices.AsyncMethodBuilderCore.Start<TStateMachine>(TStateMachine&)
       [9] System.Threading.Tasks.Task Delve.Dev.SpikeBase.RunAsync()
       [10] void Delve.Dev.SpikeBase._Ready() (G:\Godot\Gamestorming\delve\scripts\dev\SpikeBase.cs:38)
       [11] bool Godot.Node.InvokeGodotClassMethod(Godot.NativeInterop.godot_string_name&, Godot.NativeInterop.NativeVariantPtrArgs, Godot.NativeInterop.godot_variant&) (/root/godot/modules/mono/glue/GodotSharp/GodotSharp/Generated/GodotObjects/Node.cs:2646)
       [12] bool Delve.Dev.SpikeBase.InvokeGodotClassMethod(Godot.NativeInterop.godot_string_name&, Godot.NativeInterop.NativeVariantPtrArgs, Godot.NativeInterop.godot_variant&) (G:\Godot\Gamestorming\delve\.godot\mono\temp\obj\Debug\Godot.SourceGenerators\Godot.SourceGenerators.ScriptMethodsGenerator\Delve.Dev.SpikeBase_ScriptMethods.generated.cs:80)
       [13] bool Delve.Dev.RunEncounterSpike.InvokeGodotClassMethod(Godot.NativeInterop.godot_string_name&, Godot.NativeInterop.NativeVariantPtrArgs, Godot.NativeInterop.godot_variant&) (G:\Godot\Gamestorming\delve\.godot\mono\temp\obj\Debug\Godot.SourceGenerators\Godot.SourceGenerators.ScriptMethodsGenerator\Delve.Dev.RunEncounterSpike_ScriptMethods.generated.cs:140)
       [14] Godot.NativeInterop.godot_bool Godot.Bridge.CSharpInstanceBridge.Call(nint, Godot.NativeInterop.godot_string_name*, Godot.NativeInterop.godot_variant**, int, Godot.NativeInterop.godot_variant_call_error*, Godot.NativeInterop.godot_variant*) (/root/godot/modules/mono/glue/GodotSharp/GodotSharp/Core/Bridge/CSharpInstanceBridge.cs:24)
WARNING: [PF2e WARN] EncounterGenerator: No template could be filled for Lv2 party. Falling back to budget fill.
   at: void Delve.Autoload.DataManager+<>c.<WireLogging>b__27_1(string) (res://scripts/autoload/DataManager.cs:131)
   C# backtrace (most recent call first):
       [0] void Godot.GD.PushWarning(string) (/root/godot/modules/mono/glue/GodotSharp/GodotSharp/Core/GD.cs:396)
       [1] void Delve.Autoload.DataManager+<>c.<WireLogging>b__27_1(string) (G:\Godot\Gamestorming\delve\scripts\autoload\DataManager.cs:131)
       [2] void PF2e.Log.Warn(object) (F:\dev\Pf2e.Core\Pf2e.Core\Core\Log.cs:23)
       [3] PF2e.Data.EncounterDefinition PF2e.Utilities.EncounterGenerator.GenerateEncounter(PF2e.Data.EncounterDifficulty, int, int, PF2e.Data.EnemyDefinition[], System.Collections.Generic.List`1[System.String], PF2e.Data.HazardDefinition[]) (F:\dev\Pf2e.Core\Pf2e.Core\Utilities\EncounterGenerator.cs:227)
       [4] PF2e.Data.EncounterDefinition Delve.Run.GeneratedEncounters.Generate(Delve.Run.RunState, Delve.Run.MapNode, System.Func`2[Delve.Data.CreatureRef,PF2e.Data.EnemyDefinition], Delve.Run.EncounterGenRules) (G:\Godot\Gamestorming\delve\scripts\run\GeneratedEncounters.cs:119)
       [5] void Delve.Dev.RunEncounterSpike.CheckSweep(Delve.Autoload.DataManager) (G:\Godot\Gamestorming\delve\scripts\dev\RunEncounterSpike.cs:178)
       [6] System.Threading.Tasks.Task Delve.Dev.RunEncounterSpike.RunSpikeAsync(Delve.Autoload.DataManager) (G:\Godot\Gamestorming\delve\scripts\dev\RunEncounterSpike.cs:41)
       [7] void Delve.Dev.SpikeBase+<RunAsync>d__10.MoveNext() (G:\Godot\Gamestorming\delve\scripts\dev\SpikeBase.cs:53)
       [8] void System.Runtime.CompilerServices.AsyncMethodBuilderCore.Start<TStateMachine>(TStateMachine&)
       [9] System.Threading.Tasks.Task Delve.Dev.SpikeBase.RunAsync()
       [10] void Delve.Dev.SpikeBase._Ready() (G:\Godot\Gamestorming\delve\scripts\dev\SpikeBase.cs:38)
       [11] bool Godot.Node.InvokeGodotClassMethod(Godot.NativeInterop.godot_string_name&, Godot.NativeInterop.NativeVariantPtrArgs, Godot.NativeInterop.godot_variant&) (/root/godot/modules/mono/glue/GodotSharp/GodotSharp/Generated/GodotObjects/Node.cs:2646)
       [12] bool Delve.Dev.SpikeBase.InvokeGodotClassMethod(Godot.NativeInterop.godot_string_name&, Godot.NativeInterop.NativeVariantPtrArgs, Godot.NativeInterop.godot_variant&) (G:\Godot\Gamestorming\delve\.godot\mono\temp\obj\Debug\Godot.SourceGenerators\Godot.SourceGenerators.ScriptMethodsGenerator\Delve.Dev.SpikeBase_ScriptMethods.generated.cs:80)
       [13] bool Delve.Dev.RunEncounterSpike.InvokeGodotClassMethod(Godot.NativeInterop.godot_string_name&, Godot.NativeInterop.NativeVariantPtrArgs, Godot.NativeInterop.godot_variant&) (G:\Godot\Gamestorming\delve\.godot\mono\temp\obj\Debug\Godot.SourceGenerators\Godot.SourceGenerators.ScriptMethodsGenerator\Delve.Dev.RunEncounterSpike_ScriptMethods.generated.cs:140)
       [14] Godot.NativeInterop.godot_bool Godot.Bridge.CSharpInstanceBridge.Call(nint, Godot.NativeInterop.godot_string_name*, Godot.NativeInterop.godot_variant**, int, Godot.NativeInterop.godot_variant_call_error*, Godot.NativeInterop.godot_variant*) (/root/godot/modules/mono/glue/GodotSharp/GodotSharp/Core/Bridge/CSharpInstanceBridge.cs:24)
WARNING: [PF2e WARN] EncounterGenerator: No template could be filled for Lv2 party. Falling back to budget fill.
   at: void Delve.Autoload.DataManager+<>c.<WireLogging>b__27_1(string) (res://scripts/autoload/DataManager.cs:131)
   C# backtrace (most recent call first):
       [0] void Godot.GD.PushWarning(string) (/root/godot/modules/mono/glue/GodotSharp/GodotSharp/Core/GD.cs:396)
       [1] void Delve.Autoload.DataManager+<>c.<WireLogging>b__27_1(string) (G:\Godot\Gamestorming\delve\scripts\autoload\DataManager.cs:131)
       [2] void PF2e.Log.Warn(object) (F:\dev\Pf2e.Core\Pf2e.Core\Core\Log.cs:23)
       [3] PF2e.Data.EncounterDefinition PF2e.Utilities.EncounterGenerator.GenerateEncounter(PF2e.Data.EncounterDifficulty, int, int, PF2e.Data.EnemyDefinition[], System.Collections.Generic.List`1[System.String], PF2e.Data.HazardDefinition[]) (F:\dev\Pf2e.Core\Pf2e.Core\Utilities\EncounterGenerator.cs:227)
       [4] PF2e.Data.EncounterDefinition Delve.Run.GeneratedEncounters.Generate(Delve.Run.RunState, Delve.Run.MapNode, System.Func`2[Delve.Data.CreatureRef,PF2e.Data.EnemyDefinition], Delve.Run.EncounterGenRules) (G:\Godot\Gamestorming\delve\scripts\run\GeneratedEncounters.cs:119)
       [5] void Delve.Dev.RunEncounterSpike.CheckSweep(Delve.Autoload.DataManager) (G:\Godot\Gamestorming\delve\scripts\dev\RunEncounterSpike.cs:178)
       [6] System.Threading.Tasks.Task Delve.Dev.RunEncounterSpike.RunSpikeAsync(Delve.Autoload.DataManager) (G:\Godot\Gamestorming\delve\scripts\dev\RunEncounterSpike.cs:41)
       [7] void Delve.Dev.SpikeBase+<RunAsync>d__10.MoveNext() (G:\Godot\Gamestorming\delve\scripts\dev\SpikeBase.cs:53)
       [8] void System.Runtime.CompilerServices.AsyncMethodBuilderCore.Start<TStateMachine>(TStateMachine&)
       [9] System.Threading.Tasks.Task Delve.Dev.SpikeBase.RunAsync()
       [10] void Delve.Dev.SpikeBase._Ready() (G:\Godot\Gamestorming\delve\scripts\dev\SpikeBase.cs:38)
       [11] bool Godot.Node.InvokeGodotClassMethod(Godot.NativeInterop.godot_string_name&, Godot.NativeInterop.NativeVariantPtrArgs, Godot.NativeInterop.godot_variant&) (/root/godot/modules/mono/glue/GodotSharp/GodotSharp/Generated/GodotObjects/Node.cs:2646)
       [12] bool Delve.Dev.SpikeBase.InvokeGodotClassMethod(Godot.NativeInterop.godot_string_name&, Godot.NativeInterop.NativeVariantPtrArgs, Godot.NativeInterop.godot_variant&) (G:\Godot\Gamestorming\delve\.godot\mono\temp\obj\Debug\Godot.SourceGenerators\Godot.SourceGenerators.ScriptMethodsGenerator\Delve.Dev.SpikeBase_ScriptMethods.generated.cs:80)
       [13] bool Delve.Dev.RunEncounterSpike.InvokeGodotClassMethod(Godot.NativeInterop.godot_string_name&, Godot.NativeInterop.NativeVariantPtrArgs, Godot.NativeInterop.godot_variant&) (G:\Godot\Gamestorming\delve\.godot\mono\temp\obj\Debug\Godot.SourceGenerators\Godot.SourceGenerators.ScriptMethodsGenerator\Delve.Dev.RunEncounterSpike_ScriptMethods.generated.cs:140)
       [14] Godot.NativeInterop.godot_bool Godot.Bridge.CSharpInstanceBridge.Call(nint, Godot.NativeInterop.godot_string_name*, Godot.NativeInterop.godot_variant**, int, Godot.NativeInterop.godot_variant_call_error*, Godot.NativeInterop.godot_variant*) (/root/godot/modules/mono/glue/GodotSharp/GodotSharp/Core/Bridge/CSharpInstanceBridge.cs:24)
WARNING: [PF2e WARN] EncounterGenerator: No template could be filled for Lv2 party. Falling back to budget fill.
   at: void Delve.Autoload.DataManager+<>c.<WireLogging>b__27_1(string) (res://scripts/autoload/DataManager.cs:131)
   C# backtrace (most recent call first):
       [0] void Godot.GD.PushWarning(string) (/root/godot/modules/mono/glue/GodotSharp/GodotSharp/Core/GD.cs:396)
       [1] void Delve.Autoload.DataManager+<>c.<WireLogging>b__27_1(string) (G:\Godot\Gamestorming\delve\scripts\autoload\DataManager.cs:131)
       [2] void PF2e.Log.Warn(object) (F:\dev\Pf2e.Core\Pf2e.Core\Core\Log.cs:23)
       [3] PF2e.Data.EncounterDefinition PF2e.Utilities.EncounterGenerator.GenerateEncounter(PF2e.Data.EncounterDifficulty, int, int, PF2e.Data.EnemyDefinition[], System.Collections.Generic.List`1[System.String], PF2e.Data.HazardDefinition[]) (F:\dev\Pf2e.Core\Pf2e.Core\Utilities\EncounterGenerator.cs:227)
       [4] PF2e.Data.EncounterDefinition Delve.Run.GeneratedEncounters.Generate(Delve.Run.RunState, Delve.Run.MapNode, System.Func`2[Delve.Data.CreatureRef,PF2e.Data.EnemyDefinition], Delve.Run.EncounterGenRules) (G:\Godot\Gamestorming\delve\scripts\run\GeneratedEncounters.cs:119)
       [5] void Delve.Dev.RunEncounterSpike.CheckSweep(Delve.Autoload.DataManager) (G:\Godot\Gamestorming\delve\scripts\dev\RunEncounterSpike.cs:178)
       [6] System.Threading.Tasks.Task Delve.Dev.RunEncounterSpike.RunSpikeAsync(Delve.Autoload.DataManager) (G:\Godot\Gamestorming\delve\scripts\dev\RunEncounterSpike.cs:41)
       [7] void Delve.Dev.SpikeBase+<RunAsync>d__10.MoveNext() (G:\Godot\Gamestorming\delve\scripts\dev\SpikeBase.cs:53)
       [8] void System.Runtime.CompilerServices.AsyncMethodBuilderCore.Start<TStateMachine>(TStateMachine&)
       [9] System.Threading.Tasks.Task Delve.Dev.SpikeBase.RunAsync()
       [10] void Delve.Dev.SpikeBase._Ready() (G:\Godot\Gamestorming\delve\scripts\dev\SpikeBase.cs:38)
       [11] bool Godot.Node.InvokeGodotClassMethod(Godot.NativeInterop.godot_string_name&, Godot.NativeInterop.NativeVariantPtrArgs, Godot.NativeInterop.godot_variant&) (/root/godot/modules/mono/glue/GodotSharp/GodotSharp/Generated/GodotObjects/Node.cs:2646)
       [12] bool Delve.Dev.SpikeBase.InvokeGodotClassMethod(Godot.NativeInterop.godot_string_name&, Godot.NativeInterop.NativeVariantPtrArgs, Godot.NativeInterop.godot_variant&) (G:\Godot\Gamestorming\delve\.godot\mono\temp\obj\Debug\Godot.SourceGenerators\Godot.SourceGenerators.ScriptMethodsGenerator\Delve.Dev.SpikeBase_ScriptMethods.generated.cs:80)
       [13] bool Delve.Dev.RunEncounterSpike.InvokeGodotClassMethod(Godot.NativeInterop.godot_string_name&, Godot.NativeInterop.NativeVariantPtrArgs, Godot.NativeInterop.godot_variant&) (G:\Godot\Gamestorming\delve\.godot\mono\temp\obj\Debug\Godot.SourceGenerators\Godot.SourceGenerators.ScriptMethodsGenerator\Delve.Dev.RunEncounterSpike_ScriptMethods.generated.cs:140)
       [14] Godot.NativeInterop.godot_bool Godot.Bridge.CSharpInstanceBridge.Call(nint, Godot.NativeInterop.godot_string_name*, Godot.NativeInterop.godot_variant**, int, Godot.NativeInterop.godot_variant_call_error*, Godot.NativeInterop.godot_variant*) (/root/godot/modules/mono/glue/GodotSharp/GodotSharp/Core/Bridge/CSharpInstanceBridge.cs:24)
WARNING: [PF2e WARN] EncounterGenerator: No template could be filled for Lv2 party. Falling back to budget fill.
   at: void Delve.Autoload.DataManager+<>c.<WireLogging>b__27_1(string) (res://scripts/autoload/DataManager.cs:131)
   C# backtrace (most recent call first):
       [0] void Godot.GD.PushWarning(string) (/root/godot/modules/mono/glue/GodotSharp/GodotSharp/Core/GD.cs:396)
       [1] void Delve.Autoload.DataManager+<>c.<WireLogging>b__27_1(string) (G:\Godot\Gamestorming\delve\scripts\autoload\DataManager.cs:131)
       [2] void PF2e.Log.Warn(object) (F:\dev\Pf2e.Core\Pf2e.Core\Core\Log.cs:23)
       [3] PF2e.Data.EncounterDefinition PF2e.Utilities.EncounterGenerator.GenerateEncounter(PF2e.Data.EncounterDifficulty, int, int, PF2e.Data.EnemyDefinition[], System.Collections.Generic.List`1[System.String], PF2e.Data.HazardDefinition[]) (F:\dev\Pf2e.Core\Pf2e.Core\Utilities\EncounterGenerator.cs:227)
       [4] PF2e.Data.EncounterDefinition Delve.Run.GeneratedEncounters.Generate(Delve.Run.RunState, Delve.Run.MapNode, System.Func`2[Delve.Data.CreatureRef,PF2e.Data.EnemyDefinition], Delve.Run.EncounterGenRules) (G:\Godot\Gamestorming\delve\scripts\run\GeneratedEncounters.cs:119)
       [5] void Delve.Dev.RunEncounterSpike.CheckSweep(Delve.Autoload.DataManager) (G:\Godot\Gamestorming\delve\scripts\dev\RunEncounterSpike.cs:178)
       [6] System.Threading.Tasks.Task Delve.Dev.RunEncounterSpike.RunSpikeAsync(Delve.Autoload.DataManager) (G:\Godot\Gamestorming\delve\scripts\dev\RunEncounterSpike.cs:41)
       [7] void Delve.Dev.SpikeBase+<RunAsync>d__10.MoveNext() (G:\Godot\Gamestorming\delve\scripts\dev\SpikeBase.cs:53)
       [8] void System.Runtime.CompilerServices.AsyncMethodBuilderCore.Start<TStateMachine>(TStateMachine&)
       [9] System.Threading.Tasks.Task Delve.Dev.SpikeBase.RunAsync()
       [10] void Delve.Dev.SpikeBase._Ready() (G:\Godot\Gamestorming\delve\scripts\dev\SpikeBase.cs:38)
       [11] bool Godot.Node.InvokeGodotClassMethod(Godot.NativeInterop.godot_string_name&, Godot.NativeInterop.NativeVariantPtrArgs, Godot.NativeInterop.godot_variant&) (/root/godot/modules/mono/glue/GodotSharp/GodotSharp/Generated/GodotObjects/Node.cs:2646)
       [12] bool Delve.Dev.SpikeBase.InvokeGodotClassMethod(Godot.NativeInterop.godot_string_name&, Godot.NativeInterop.NativeVariantPtrArgs, Godot.NativeInterop.godot_variant&) (G:\Godot\Gamestorming\delve\.godot\mono\temp\obj\Debug\Godot.SourceGenerators\Godot.SourceGenerators.ScriptMethodsGenerator\Delve.Dev.SpikeBase_ScriptMethods.generated.cs:80)
       [13] bool Delve.Dev.RunEncounterSpike.InvokeGodotClassMethod(Godot.NativeInterop.godot_string_name&, Godot.NativeInterop.NativeVariantPtrArgs, Godot.NativeInterop.godot_variant&) (G:\Godot\Gamestorming\delve\.godot\mono\temp\obj\Debug\Godot.SourceGenerators\Godot.SourceGenerators.ScriptMethodsGenerator\Delve.Dev.RunEncounterSpike_ScriptMethods.generated.cs:140)
       [14] Godot.NativeInterop.godot_bool Godot.Bridge.CSharpInstanceBridge.Call(nint, Godot.NativeInterop.godot_string_name*, Godot.NativeInterop.godot_variant**, int, Godot.NativeInterop.godot_variant_call_error*, Godot.NativeInterop.godot_variant*) (/root/godot/modules/mono/glue/GodotSharp/GodotSharp/Core/Bridge/CSharpInstanceBridge.cs:24)
WARNING: [PF2e WARN] EncounterGenerator: No template could be filled for Lv2 party. Falling back to budget fill.
   at: void Delve.Autoload.DataManager+<>c.<WireLogging>b__27_1(string) (res://scripts/autoload/DataManager.cs:131)
   C# backtrace (most recent call first):
       [0] void Godot.GD.PushWarning(string) (/root/godot/modules/mono/glue/GodotSharp/GodotSharp/Core/GD.cs:396)
       [1] void Delve.Autoload.DataManager+<>c.<WireLogging>b__27_1(string) (G:\Godot\Gamestorming\delve\scripts\autoload\DataManager.cs:131)
       [2] void PF2e.Log.Warn(object) (F:\dev\Pf2e.Core\Pf2e.Core\Core\Log.cs:23)
       [3] PF2e.Data.EncounterDefinition PF2e.Utilities.EncounterGenerator.GenerateEncounter(PF2e.Data.EncounterDifficulty, int, int, PF2e.Data.EnemyDefinition[], System.Collections.Generic.List`1[System.String], PF2e.Data.HazardDefinition[]) (F:\dev\Pf2e.Core\Pf2e.Core\Utilities\EncounterGenerator.cs:227)
       [4] PF2e.Data.EncounterDefinition Delve.Run.GeneratedEncounters.Generate(Delve.Run.RunState, Delve.Run.MapNode, System.Func`2[Delve.Data.CreatureRef,PF2e.Data.EnemyDefinition], Delve.Run.EncounterGenRules) (G:\Godot\Gamestorming\delve\scripts\run\GeneratedEncounters.cs:119)
       [5] void Delve.Dev.RunEncounterSpike.CheckSweep(Delve.Autoload.DataManager) (G:\Godot\Gamestorming\delve\scripts\dev\RunEncounterSpike.cs:178)
       [6] System.Threading.Tasks.Task Delve.Dev.RunEncounterSpike.RunSpikeAsync(Delve.Autoload.DataManager) (G:\Godot\Gamestorming\delve\scripts\dev\RunEncounterSpike.cs:41)
       [7] void Delve.Dev.SpikeBase+<RunAsync>d__10.MoveNext() (G:\Godot\Gamestorming\delve\scripts\dev\SpikeBase.cs:53)
       [8] void System.Runtime.CompilerServices.AsyncMethodBuilderCore.Start<TStateMachine>(TStateMachine&)
       [9] System.Threading.Tasks.Task Delve.Dev.SpikeBase.RunAsync()
       [10] void Delve.Dev.SpikeBase._Ready() (G:\Godot\Gamestorming\delve\scripts\dev\SpikeBase.cs:38)
       [11] bool Godot.Node.InvokeGodotClassMethod(Godot.NativeInterop.godot_string_name&, Godot.NativeInterop.NativeVariantPtrArgs, Godot.NativeInterop.godot_variant&) (/root/godot/modules/mono/glue/GodotSharp/GodotSharp/Generated/GodotObjects/Node.cs:2646)
       [12] bool Delve.Dev.SpikeBase.InvokeGodotClassMethod(Godot.NativeInterop.godot_string_name&, Godot.NativeInterop.NativeVariantPtrArgs, Godot.NativeInterop.godot_variant&) (G:\Godot\Gamestorming\delve\.godot\mono\temp\obj\Debug\Godot.SourceGenerators\Godot.SourceGenerators.ScriptMethodsGenerator\Delve.Dev.SpikeBase_ScriptMethods.generated.cs:80)
       [13] bool Delve.Dev.RunEncounterSpike.InvokeGodotClassMethod(Godot.NativeInterop.godot_string_name&, Godot.NativeInterop.NativeVariantPtrArgs, Godot.NativeInterop.godot_variant&) (G:\Godot\Gamestorming\delve\.godot\mono\temp\obj\Debug\Godot.SourceGenerators\Godot.SourceGenerators.ScriptMethodsGenerator\Delve.Dev.RunEncounterSpike_ScriptMethods.generated.cs:140)
       [14] Godot.NativeInterop.godot_bool Godot.Bridge.CSharpInstanceBridge.Call(nint, Godot.NativeInterop.godot_string_name*, Godot.NativeInterop.godot_variant**, int, Godot.NativeInterop.godot_variant_call_error*, Godot.NativeInterop.godot_variant*) (/root/godot/modules/mono/glue/GodotSharp/GodotSharp/Core/Bridge/CSharpInstanceBridge.cs:24)
WARNING: [PF2e WARN] EncounterGenerator: No template could be filled for Lv2 party. Falling back to budget fill.
   at: void Delve.Autoload.DataManager+<>c.<WireLogging>b__27_1(string) (res://scripts/autoload/DataManager.cs:131)
   C# backtrace (most recent call first):
       [0] void Godot.GD.PushWarning(string) (/root/godot/modules/mono/glue/GodotSharp/GodotSharp/Core/GD.cs:396)
       [1] void Delve.Autoload.DataManager+<>c.<WireLogging>b__27_1(string) (G:\Godot\Gamestorming\delve\scripts\autoload\DataManager.cs:131)
       [2] void PF2e.Log.Warn(object) (F:\dev\Pf2e.Core\Pf2e.Core\Core\Log.cs:23)
       [3] PF2e.Data.EncounterDefinition PF2e.Utilities.EncounterGenerator.GenerateEncounter(PF2e.Data.EncounterDifficulty, int, int, PF2e.Data.EnemyDefinition[], System.Collections.Generic.List`1[System.String], PF2e.Data.HazardDefinition[]) (F:\dev\Pf2e.Core\Pf2e.Core\Utilities\EncounterGenerator.cs:227)
       [4] PF2e.Data.EncounterDefinition Delve.Run.GeneratedEncounters.Generate(Delve.Run.RunState, Delve.Run.MapNode, System.Func`2[Delve.Data.CreatureRef,PF2e.Data.EnemyDefinition], Delve.Run.EncounterGenRules) (G:\Godot\Gamestorming\delve\scripts\run\GeneratedEncounters.cs:119)
       [5] void Delve.Dev.RunEncounterSpike.CheckSweep(Delve.Autoload.DataManager) (G:\Godot\Gamestorming\delve\scripts\dev\RunEncounterSpike.cs:178)
       [6] System.Threading.Tasks.Task Delve.Dev.RunEncounterSpike.RunSpikeAsync(Delve.Autoload.DataManager) (G:\Godot\Gamestorming\delve\scripts\dev\RunEncounterSpike.cs:41)
       [7] void Delve.Dev.SpikeBase+<RunAsync>d__10.MoveNext() (G:\Godot\Gamestorming\delve\scripts\dev\SpikeBase.cs:53)
       [8] void System.Runtime.CompilerServices.AsyncMethodBuilderCore.Start<TStateMachine>(TStateMachine&)
       [9] System.Threading.Tasks.Task Delve.Dev.SpikeBase.RunAsync()
       [10] void Delve.Dev.SpikeBase._Ready() (G:\Godot\Gamestorming\delve\scripts\dev\SpikeBase.cs:38)
       [11] bool Godot.Node.InvokeGodotClassMethod(Godot.NativeInterop.godot_string_name&, Godot.NativeInterop.NativeVariantPtrArgs, Godot.NativeInterop.godot_variant&) (/root/godot/modules/mono/glue/GodotSharp/GodotSharp/Generated/GodotObjects/Node.cs:2646)
       [12] bool Delve.Dev.SpikeBase.InvokeGodotClassMethod(Godot.NativeInterop.godot_string_name&, Godot.NativeInterop.NativeVariantPtrArgs, Godot.NativeInterop.godot_variant&) (G:\Godot\Gamestorming\delve\.godot\mono\temp\obj\Debug\Godot.SourceGenerators\Godot.SourceGenerators.ScriptMethodsGenerator\Delve.Dev.SpikeBase_ScriptMethods.generated.cs:80)
       [13] bool Delve.Dev.RunEncounterSpike.InvokeGodotClassMethod(Godot.NativeInterop.godot_string_name&, Godot.NativeInterop.NativeVariantPtrArgs, Godot.NativeInterop.godot_variant&) (G:\Godot\Gamestorming\delve\.godot\mono\temp\obj\Debug\Godot.SourceGenerators\Godot.SourceGenerators.ScriptMethodsGenerator\Delve.Dev.RunEncounterSpike_ScriptMethods.generated.cs:140)
       [14] Godot.NativeInterop.godot_bool Godot.Bridge.CSharpInstanceBridge.Call(nint, Godot.NativeInterop.godot_string_name*, Godot.NativeInterop.godot_variant**, int, Godot.NativeInterop.godot_variant_call_error*, Godot.NativeInterop.godot_variant*) (/root/godot/modules/mono/glue/GodotSharp/GodotSharp/Core/Bridge/CSharpInstanceBridge.cs:24)
WARNING: [PF2e WARN] EncounterGenerator: No template could be filled for Lv2 party. Falling back to budget fill.
   at: void Delve.Autoload.DataManager+<>c.<WireLogging>b__27_1(string) (res://scripts/autoload/DataManager.cs:131)
   C# backtrace (most recent call first):
       [0] void Godot.GD.PushWarning(string) (/root/godot/modules/mono/glue/GodotSharp/GodotSharp/Core/GD.cs:396)
       [1] void Delve.Autoload.DataManager+<>c.<WireLogging>b__27_1(string) (G:\Godot\Gamestorming\delve\scripts\autoload\DataManager.cs:131)
       [2] void PF2e.Log.Warn(object) (F:\dev\Pf2e.Core\Pf2e.Core\Core\Log.cs:23)
       [3] PF2e.Data.EncounterDefinition PF2e.Utilities.EncounterGenerator.GenerateEncounter(PF2e.Data.EncounterDifficulty, int, int, PF2e.Data.EnemyDefinition[], System.Collections.Generic.List`1[System.String], PF2e.Data.HazardDefinition[]) (F:\dev\Pf2e.Core\Pf2e.Core\Utilities\EncounterGenerator.cs:227)
       [4] PF2e.Data.EncounterDefinition Delve.Run.GeneratedEncounters.Generate(Delve.Run.RunState, Delve.Run.MapNode, System.Func`2[Delve.Data.CreatureRef,PF2e.Data.EnemyDefinition], Delve.Run.EncounterGenRules) (G:\Godot\Gamestorming\delve\scripts\run\GeneratedEncounters.cs:119)
       [5] void Delve.Dev.RunEncounterSpike.CheckSweep(Delve.Autoload.DataManager) (G:\Godot\Gamestorming\delve\scripts\dev\RunEncounterSpike.cs:178)
       [6] System.Threading.Tasks.Task Delve.Dev.RunEncounterSpike.RunSpikeAsync(Delve.Autoload.DataManager) (G:\Godot\Gamestorming\delve\scripts\dev\RunEncounterSpike.cs:41)
       [7] void Delve.Dev.SpikeBase+<RunAsync>d__10.MoveNext() (G:\Godot\Gamestorming\delve\scripts\dev\SpikeBase.cs:53)
       [8] void System.Runtime.CompilerServices.AsyncMethodBuilderCore.Start<TStateMachine>(TStateMachine&)
       [9] System.Threading.Tasks.Task Delve.Dev.SpikeBase.RunAsync()
       [10] void Delve.Dev.SpikeBase._Ready() (G:\Godot\Gamestorming\delve\scripts\dev\SpikeBase.cs:38)
       [11] bool Godot.Node.InvokeGodotClassMethod(Godot.NativeInterop.godot_string_name&, Godot.NativeInterop.NativeVariantPtrArgs, Godot.NativeInterop.godot_variant&) (/root/godot/modules/mono/glue/GodotSharp/GodotSharp/Generated/GodotObjects/Node.cs:2646)
       [12] bool Delve.Dev.SpikeBase.InvokeGodotClassMethod(Godot.NativeInterop.godot_string_name&, Godot.NativeInterop.NativeVariantPtrArgs, Godot.NativeInterop.godot_variant&) (G:\Godot\Gamestorming\delve\.godot\mono\temp\obj\Debug\Godot.SourceGenerators\Godot.SourceGenerators.ScriptMethodsGenerator\Delve.Dev.SpikeBase_ScriptMethods.generated.cs:80)
       [13] bool Delve.Dev.RunEncounterSpike.InvokeGodotClassMethod(Godot.NativeInterop.godot_string_name&, Godot.NativeInterop.NativeVariantPtrArgs, Godot.NativeInterop.godot_variant&) (G:\Godot\Gamestorming\delve\.godot\mono\temp\obj\Debug\Godot.SourceGenerators\Godot.SourceGenerators.ScriptMethodsGenerator\Delve.Dev.RunEncounterSpike_ScriptMethods.generated.cs:140)
       [14] Godot.NativeInterop.godot_bool Godot.Bridge.CSharpInstanceBridge.Call(nint, Godot.NativeInterop.godot_string_name*, Godot.NativeInterop.godot_variant**, int, Godot.NativeInterop.godot_variant_call_error*, Godot.NativeInterop.godot_variant*) (/root/godot/modules/mono/glue/GodotSharp/GodotSharp/Core/Bridge/CSharpInstanceBridge.cs:24)
WARNING: [PF2e WARN] EncounterGenerator: No template could be filled for Lv2 party. Falling back to budget fill.
   at: void Delve.Autoload.DataManager+<>c.<WireLogging>b__27_1(string) (res://scripts/autoload/DataManager.cs:131)
   C# backtrace (most recent call first):
       [0] void Godot.GD.PushWarning(string) (/root/godot/modules/mono/glue/GodotSharp/GodotSharp/Core/GD.cs:396)
       [1] void Delve.Autoload.DataManager+<>c.<WireLogging>b__27_1(string) (G:\Godot\Gamestorming\delve\scripts\autoload\DataManager.cs:131)
       [2] void PF2e.Log.Warn(object) (F:\dev\Pf2e.Core\Pf2e.Core\Core\Log.cs:23)
       [3] PF2e.Data.EncounterDefinition PF2e.Utilities.EncounterGenerator.GenerateEncounter(PF2e.Data.EncounterDifficulty, int, int, PF2e.Data.EnemyDefinition[], System.Collections.Generic.List`1[System.String], PF2e.Data.HazardDefinition[]) (F:\dev\Pf2e.Core\Pf2e.Core\Utilities\EncounterGenerator.cs:227)
       [4] PF2e.Data.EncounterDefinition Delve.Run.GeneratedEncounters.Generate(Delve.Run.RunState, Delve.Run.MapNode, System.Func`2[Delve.Data.CreatureRef,PF2e.Data.EnemyDefinition], Delve.Run.EncounterGenRules) (G:\Godot\Gamestorming\delve\scripts\run\GeneratedEncounters.cs:119)
       [5] void Delve.Dev.RunEncounterSpike.CheckSweep(Delve.Autoload.DataManager) (G:\Godot\Gamestorming\delve\scripts\dev\RunEncounterSpike.cs:178)
       [6] System.Threading.Tasks.Task Delve.Dev.RunEncounterSpike.RunSpikeAsync(Delve.Autoload.DataManager) (G:\Godot\Gamestorming\delve\scripts\dev\RunEncounterSpike.cs:41)
       [7] void Delve.Dev.SpikeBase+<RunAsync>d__10.MoveNext() (G:\Godot\Gamestorming\delve\scripts\dev\SpikeBase.cs:53)
       [8] void System.Runtime.CompilerServices.AsyncMethodBuilderCore.Start<TStateMachine>(TStateMachine&)
       [9] System.Threading.Tasks.Task Delve.Dev.SpikeBase.RunAsync()
       [10] void Delve.Dev.SpikeBase._Ready() (G:\Godot\Gamestorming\delve\scripts\dev\SpikeBase.cs:38)
       [11] bool Godot.Node.InvokeGodotClassMethod(Godot.NativeInterop.godot_string_name&, Godot.NativeInterop.NativeVariantPtrArgs, Godot.NativeInterop.godot_variant&) (/root/godot/modules/mono/glue/GodotSharp/GodotSharp/Generated/GodotObjects/Node.cs:2646)
       [12] bool Delve.Dev.SpikeBase.InvokeGodotClassMethod(Godot.NativeInterop.godot_string_name&, Godot.NativeInterop.NativeVariantPtrArgs, Godot.NativeInterop.godot_variant&) (G:\Godot\Gamestorming\delve\.godot\mono\temp\obj\Debug\Godot.SourceGenerators\Godot.SourceGenerators.ScriptMethodsGenerator\Delve.Dev.SpikeBase_ScriptMethods.generated.cs:80)
       [13] bool Delve.Dev.RunEncounterSpike.InvokeGodotClassMethod(Godot.NativeInterop.godot_string_name&, Godot.NativeInterop.NativeVariantPtrArgs, Godot.NativeInterop.godot_variant&) (G:\Godot\Gamestorming\delve\.godot\mono\temp\obj\Debug\Godot.SourceGenerators\Godot.SourceGenerators.ScriptMethodsGenerator\Delve.Dev.RunEncounterSpike_ScriptMethods.generated.cs:140)
       [14] Godot.NativeInterop.godot_bool Godot.Bridge.CSharpInstanceBridge.Call(nint, Godot.NativeInterop.godot_string_name*, Godot.NativeInterop.godot_variant**, int, Godot.NativeInterop.godot_variant_call_error*, Godot.NativeInterop.godot_variant*) (/root/godot/modules/mono/glue/GodotSharp/GodotSharp/Core/Bridge/CSharpInstanceBridge.cs:24)
WARNING: [PF2e WARN] EncounterGenerator: No template could be filled for Lv2 party. Falling back to budget fill.
   at: void Delve.Autoload.DataManager+<>c.<WireLogging>b__27_1(string) (res://scripts/autoload/DataManager.cs:131)
   C# backtrace (most recent call first):
       [0] void Godot.GD.PushWarning(string) (/root/godot/modules/mono/glue/GodotSharp/GodotSharp/Core/GD.cs:396)
       [1] void Delve.Autoload.DataManager+<>c.<WireLogging>b__27_1(string) (G:\Godot\Gamestorming\delve\scripts\autoload\DataManager.cs:131)
       [2] void PF2e.Log.Warn(object) (F:\dev\Pf2e.Core\Pf2e.Core\Core\Log.cs:23)
       [3] PF2e.Data.EncounterDefinition PF2e.Utilities.EncounterGenerator.GenerateEncounter(PF2e.Data.EncounterDifficulty, int, int, PF2e.Data.EnemyDefinition[], System.Collections.Generic.List`1[System.String], PF2e.Data.HazardDefinition[]) (F:\dev\Pf2e.Core\Pf2e.Core\Utilities\EncounterGenerator.cs:227)
       [4] PF2e.Data.EncounterDefinition Delve.Run.GeneratedEncounters.Generate(Delve.Run.RunState, Delve.Run.MapNode, System.Func`2[Delve.Data.CreatureRef,PF2e.Data.EnemyDefinition], Delve.Run.EncounterGenRules) (G:\Godot\Gamestorming\delve\scripts\run\GeneratedEncounters.cs:119)
       [5] void Delve.Dev.RunEncounterSpike.CheckSweep(Delve.Autoload.DataManager) (G:\Godot\Gamestorming\delve\scripts\dev\RunEncounterSpike.cs:178)
       [6] System.Threading.Tasks.Task Delve.Dev.RunEncounterSpike.RunSpikeAsync(Delve.Autoload.DataManager) (G:\Godot\Gamestorming\delve\scripts\dev\RunEncounterSpike.cs:41)
       [7] void Delve.Dev.SpikeBase+<RunAsync>d__10.MoveNext() (G:\Godot\Gamestorming\delve\scripts\dev\SpikeBase.cs:53)
       [8] void System.Runtime.CompilerServices.AsyncMethodBuilderCore.Start<TStateMachine>(TStateMachine&)
       [9] System.Threading.Tasks.Task Delve.Dev.SpikeBase.RunAsync()
       [10] void Delve.Dev.SpikeBase._Ready() (G:\Godot\Gamestorming\delve\scripts\dev\SpikeBase.cs:38)
       [11] bool Godot.Node.InvokeGodotClassMethod(Godot.NativeInterop.godot_string_name&, Godot.NativeInterop.NativeVariantPtrArgs, Godot.NativeInterop.godot_variant&) (/root/godot/modules/mono/glue/GodotSharp/GodotSharp/Generated/GodotObjects/Node.cs:2646)
       [12] bool Delve.Dev.SpikeBase.InvokeGodotClassMethod(Godot.NativeInterop.godot_string_name&, Godot.NativeInterop.NativeVariantPtrArgs, Godot.NativeInterop.godot_variant&) (G:\Godot\Gamestorming\delve\.godot\mono\temp\obj\Debug\Godot.SourceGenerators\Godot.SourceGenerators.ScriptMethodsGenerator\Delve.Dev.SpikeBase_ScriptMethods.generated.cs:80)
       [13] bool Delve.Dev.RunEncounterSpike.InvokeGodotClassMethod(Godot.NativeInterop.godot_string_name&, Godot.NativeInterop.NativeVariantPtrArgs, Godot.NativeInterop.godot_variant&) (G:\Godot\Gamestorming\delve\.godot\mono\temp\obj\Debug\Godot.SourceGenerators\Godot.SourceGenerators.ScriptMethodsGenerator\Delve.Dev.RunEncounterSpike_ScriptMethods.generated.cs:140)
       [14] Godot.NativeInterop.godot_bool Godot.Bridge.CSharpInstanceBridge.Call(nint, Godot.NativeInterop.godot_string_name*, Godot.NativeInterop.godot_variant**, int, Godot.NativeInterop.godot_variant_call_error*, Godot.NativeInterop.godot_variant*) (/root/godot/modules/mono/glue/GodotSharp/GodotSharp/Core/Bridge/CSharpInstanceBridge.cs:24)
WARNING: [PF2e WARN] EncounterGenerator: No template could be filled for Lv2 party. Falling back to budget fill.
   at: void Delve.Autoload.DataManager+<>c.<WireLogging>b__27_1(string) (res://scripts/autoload/DataManager.cs:131)
   C# backtrace (most recent call first):
       [0] void Godot.GD.PushWarning(string) (/root/godot/modules/mono/glue/GodotSharp/GodotSharp/Core/GD.cs:396)
       [1] void Delve.Autoload.DataManager+<>c.<WireLogging>b__27_1(string) (G:\Godot\Gamestorming\delve\scripts\autoload\DataManager.cs:131)
       [2] void PF2e.Log.Warn(object) (F:\dev\Pf2e.Core\Pf2e.Core\Core\Log.cs:23)
       [3] PF2e.Data.EncounterDefinition PF2e.Utilities.EncounterGenerator.GenerateEncounter(PF2e.Data.EncounterDifficulty, int, int, PF2e.Data.EnemyDefinition[], System.Collections.Generic.List`1[System.String], PF2e.Data.HazardDefinition[]) (F:\dev\Pf2e.Core\Pf2e.Core\Utilities\EncounterGenerator.cs:227)
       [4] PF2e.Data.EncounterDefinition Delve.Run.GeneratedEncounters.Generate(Delve.Run.RunState, Delve.Run.MapNode, System.Func`2[Delve.Data.CreatureRef,PF2e.Data.EnemyDefinition], Delve.Run.EncounterGenRules) (G:\Godot\Gamestorming\delve\scripts\run\GeneratedEncounters.cs:119)
       [5] void Delve.Dev.RunEncounterSpike.CheckSweep(Delve.Autoload.DataManager) (G:\Godot\Gamestorming\delve\scripts\dev\RunEncounterSpike.cs:178)
       [6] System.Threading.Tasks.Task Delve.Dev.RunEncounterSpike.RunSpikeAsync(Delve.Autoload.DataManager) (G:\Godot\Gamestorming\delve\scripts\dev\RunEncounterSpike.cs:41)
       [7] void Delve.Dev.SpikeBase+<RunAsync>d__10.MoveNext() (G:\Godot\Gamestorming\delve\scripts\dev\SpikeBase.cs:53)
       [8] void System.Runtime.CompilerServices.AsyncMethodBuilderCore.Start<TStateMachine>(TStateMachine&)
       [9] System.Threading.Tasks.Task Delve.Dev.SpikeBase.RunAsync()
       [10] void Delve.Dev.SpikeBase._Ready() (G:\Godot\Gamestorming\delve\scripts\dev\SpikeBase.cs:38)
       [11] bool Godot.Node.InvokeGodotClassMethod(Godot.NativeInterop.godot_string_name&, Godot.NativeInterop.NativeVariantPtrArgs, Godot.NativeInterop.godot_variant&) (/root/godot/modules/mono/glue/GodotSharp/GodotSharp/Generated/GodotObjects/Node.cs:2646)
       [12] bool Delve.Dev.SpikeBase.InvokeGodotClassMethod(Godot.NativeInterop.godot_string_name&, Godot.NativeInterop.NativeVariantPtrArgs, Godot.NativeInterop.godot_variant&) (G:\Godot\Gamestorming\delve\.godot\mono\temp\obj\Debug\Godot.SourceGenerators\Godot.SourceGenerators.ScriptMethodsGenerator\Delve.Dev.SpikeBase_ScriptMethods.generated.cs:80)
       [13] bool Delve.Dev.RunEncounterSpike.InvokeGodotClassMethod(Godot.NativeInterop.godot_string_name&, Godot.NativeInterop.NativeVariantPtrArgs, Godot.NativeInterop.godot_variant&) (G:\Godot\Gamestorming\delve\.godot\mono\temp\obj\Debug\Godot.SourceGenerators\Godot.SourceGenerators.ScriptMethodsGenerator\Delve.Dev.RunEncounterSpike_ScriptMethods.generated.cs:140)
       [14] Godot.NativeInterop.godot_bool Godot.Bridge.CSharpInstanceBridge.Call(nint, Godot.NativeInterop.godot_string_name*, Godot.NativeInterop.godot_variant**, int, Godot.NativeInterop.godot_variant_call_error*, Godot.NativeInterop.godot_variant*) (/root/godot/modules/mono/glue/GodotSharp/GodotSharp/Core/Bridge/CSharpInstanceBridge.cs:24)
WARNING: [PF2e WARN] EncounterGenerator: No template could be filled for Lv2 party. Falling back to budget fill.
   at: void Delve.Autoload.DataManager+<>c.<WireLogging>b__27_1(string) (res://scripts/autoload/DataManager.cs:131)
   C# backtrace (most recent call first):
       [0] void Godot.GD.PushWarning(string) (/root/godot/modules/mono/glue/GodotSharp/GodotSharp/Core/GD.cs:396)
       [1] void Delve.Autoload.DataManager+<>c.<WireLogging>b__27_1(string) (G:\Godot\Gamestorming\delve\scripts\autoload\DataManager.cs:131)
       [2] void PF2e.Log.Warn(object) (F:\dev\Pf2e.Core\Pf2e.Core\Core\Log.cs:23)
       [3] PF2e.Data.EncounterDefinition PF2e.Utilities.EncounterGenerator.GenerateEncounter(PF2e.Data.EncounterDifficulty, int, int, PF2e.Data.EnemyDefinition[], System.Collections.Generic.List`1[System.String], PF2e.Data.HazardDefinition[]) (F:\dev\Pf2e.Core\Pf2e.Core\Utilities\EncounterGenerator.cs:227)
       [4] PF2e.Data.EncounterDefinition Delve.Run.GeneratedEncounters.Generate(Delve.Run.RunState, Delve.Run.MapNode, System.Func`2[Delve.Data.CreatureRef,PF2e.Data.EnemyDefinition], Delve.Run.EncounterGenRules) (G:\Godot\Gamestorming\delve\scripts\run\GeneratedEncounters.cs:119)
       [5] void Delve.Dev.RunEncounterSpike.CheckSweep(Delve.Autoload.DataManager) (G:\Godot\Gamestorming\delve\scripts\dev\RunEncounterSpike.cs:178)
       [6] System.Threading.Tasks.Task Delve.Dev.RunEncounterSpike.RunSpikeAsync(Delve.Autoload.DataManager) (G:\Godot\Gamestorming\delve\scripts\dev\RunEncounterSpike.cs:41)
       [7] void Delve.Dev.SpikeBase+<RunAsync>d__10.MoveNext() (G:\Godot\Gamestorming\delve\scripts\dev\SpikeBase.cs:53)
       [8] void System.Runtime.CompilerServices.AsyncMethodBuilderCore.Start<TStateMachine>(TStateMachine&)
       [9] System.Threading.Tasks.Task Delve.Dev.SpikeBase.RunAsync()
       [10] void Delve.Dev.SpikeBase._Ready() (G:\Godot\Gamestorming\delve\scripts\dev\SpikeBase.cs:38)
       [11] bool Godot.Node.InvokeGodotClassMethod(Godot.NativeInterop.godot_string_name&, Godot.NativeInterop.NativeVariantPtrArgs, Godot.NativeInterop.godot_variant&) (/root/godot/modules/mono/glue/GodotSharp/GodotSharp/Generated/GodotObjects/Node.cs:2646)
       [12] bool Delve.Dev.SpikeBase.InvokeGodotClassMethod(Godot.NativeInterop.godot_string_name&, Godot.NativeInterop.NativeVariantPtrArgs, Godot.NativeInterop.godot_variant&) (G:\Godot\Gamestorming\delve\.godot\mono\temp\obj\Debug\Godot.SourceGenerators\Godot.SourceGenerators.ScriptMethodsGenerator\Delve.Dev.SpikeBase_ScriptMethods.generated.cs:80)
       [13] bool Delve.Dev.RunEncounterSpike.InvokeGodotClassMethod(Godot.NativeInterop.godot_string_name&, Godot.NativeInterop.NativeVariantPtrArgs, Godot.NativeInterop.godot_variant&) (G:\Godot\Gamestorming\delve\.godot\mono\temp\obj\Debug\Godot.SourceGenerators\Godot.SourceGenerators.ScriptMethodsGenerator\Delve.Dev.RunEncounterSpike_ScriptMethods.generated.cs:140)
       [14] Godot.NativeInterop.godot_bool Godot.Bridge.CSharpInstanceBridge.Call(nint, Godot.NativeInterop.godot_string_name*, Godot.NativeInterop.godot_variant**, int, Godot.NativeInterop.godot_variant_call_error*, Godot.NativeInterop.godot_variant*) (/root/godot/modules/mono/glue/GodotSharp/GodotSharp/Core/Bridge/CSharpInstanceBridge.cs:24)
WARNING: [PF2e WARN] EncounterGenerator: No template could be filled for Lv2 party. Falling back to budget fill.
   at: void Delve.Autoload.DataManager+<>c.<WireLogging>b__27_1(string) (res://scripts/autoload/DataManager.cs:131)
   C# backtrace (most recent call first):
       [0] void Godot.GD.PushWarning(string) (/root/godot/modules/mono/glue/GodotSharp/GodotSharp/Core/GD.cs:396)
       [1] void Delve.Autoload.DataManager+<>c.<WireLogging>b__27_1(string) (G:\Godot\Gamestorming\delve\scripts\autoload\DataManager.cs:131)
       [2] void PF2e.Log.Warn(object) (F:\dev\Pf2e.Core\Pf2e.Core\Core\Log.cs:23)
       [3] PF2e.Data.EncounterDefinition PF2e.Utilities.EncounterGenerator.GenerateEncounter(PF2e.Data.EncounterDifficulty, int, int, PF2e.Data.EnemyDefinition[], System.Collections.Generic.List`1[System.String], PF2e.Data.HazardDefinition[]) (F:\dev\Pf2e.Core\Pf2e.Core\Utilities\EncounterGenerator.cs:227)
       [4] PF2e.Data.EncounterDefinition Delve.Run.GeneratedEncounters.Generate(Delve.Run.RunState, Delve.Run.MapNode, System.Func`2[Delve.Data.CreatureRef,PF2e.Data.EnemyDefinition], Delve.Run.EncounterGenRules) (G:\Godot\Gamestorming\delve\scripts\run\GeneratedEncounters.cs:119)
       [5] void Delve.Dev.RunEncounterSpike.CheckSweep(Delve.Autoload.DataManager) (G:\Godot\Gamestorming\delve\scripts\dev\RunEncounterSpike.cs:178)
       [6] System.Threading.Tasks.Task Delve.Dev.RunEncounterSpike.RunSpikeAsync(Delve.Autoload.DataManager) (G:\Godot\Gamestorming\delve\scripts\dev\RunEncounterSpike.cs:41)
       [7] void Delve.Dev.SpikeBase+<RunAsync>d__10.MoveNext() (G:\Godot\Gamestorming\delve\scripts\dev\SpikeBase.cs:53)
       [8] void System.Runtime.CompilerServices.AsyncMethodBuilderCore.Start<TStateMachine>(TStateMachine&)
       [9] System.Threading.Tasks.Task Delve.Dev.SpikeBase.RunAsync()
       [10] void Delve.Dev.SpikeBase._Ready() (G:\Godot\Gamestorming\delve\scripts\dev\SpikeBase.cs:38)
       [11] bool Godot.Node.InvokeGodotClassMethod(Godot.NativeInterop.godot_string_name&, Godot.NativeInterop.NativeVariantPtrArgs, Godot.NativeInterop.godot_variant&) (/root/godot/modules/mono/glue/GodotSharp/GodotSharp/Generated/GodotObjects/Node.cs:2646)
       [12] bool Delve.Dev.SpikeBase.InvokeGodotClassMethod(Godot.NativeInterop.godot_string_name&, Godot.NativeInterop.NativeVariantPtrArgs, Godot.NativeInterop.godot_variant&) (G:\Godot\Gamestorming\delve\.godot\mono\temp\obj\Debug\Godot.SourceGenerators\Godot.SourceGenerators.ScriptMethodsGenerator\Delve.Dev.SpikeBase_ScriptMethods.generated.cs:80)
       [13] bool Delve.Dev.RunEncounterSpike.InvokeGodotClassMethod(Godot.NativeInterop.godot_string_name&, Godot.NativeInterop.NativeVariantPtrArgs, Godot.NativeInterop.godot_variant&) (G:\Godot\Gamestorming\delve\.godot\mono\temp\obj\Debug\Godot.SourceGenerators\Godot.SourceGenerators.ScriptMethodsGenerator\Delve.Dev.RunEncounterSpike_ScriptMethods.generated.cs:140)
       [14] Godot.NativeInterop.godot_bool Godot.Bridge.CSharpInstanceBridge.Call(nint, Godot.NativeInterop.godot_string_name*, Godot.NativeInterop.godot_variant**, int, Godot.NativeInterop.godot_variant_call_error*, Godot.NativeInterop.godot_variant*) (/root/godot/modules/mono/glue/GodotSharp/GodotSharp/Core/Bridge/CSharpInstanceBridge.cs:24)
WARNING: [PF2e WARN] EncounterGenerator: No template could be filled for Lv2 party. Falling back to budget fill.
   at: void Delve.Autoload.DataManager+<>c.<WireLogging>b__27_1(string) (res://scripts/autoload/DataManager.cs:131)
   C# backtrace (most recent call first):
       [0] void Godot.GD.PushWarning(string) (/root/godot/modules/mono/glue/GodotSharp/GodotSharp/Core/GD.cs:396)
       [1] void Delve.Autoload.DataManager+<>c.<WireLogging>b__27_1(string) (G:\Godot\Gamestorming\delve\scripts\autoload\DataManager.cs:131)
       [2] void PF2e.Log.Warn(object) (F:\dev\Pf2e.Core\Pf2e.Core\Core\Log.cs:23)
       [3] PF2e.Data.EncounterDefinition PF2e.Utilities.EncounterGenerator.GenerateEncounter(PF2e.Data.EncounterDifficulty, int, int, PF2e.Data.EnemyDefinition[], System.Collections.Generic.List`1[System.String], PF2e.Data.HazardDefinition[]) (F:\dev\Pf2e.Core\Pf2e.Core\Utilities\EncounterGenerator.cs:227)
       [4] PF2e.Data.EncounterDefinition Delve.Run.GeneratedEncounters.Generate(Delve.Run.RunState, Delve.Run.MapNode, System.Func`2[Delve.Data.CreatureRef,PF2e.Data.EnemyDefinition], Delve.Run.EncounterGenRules) (G:\Godot\Gamestorming\delve\scripts\run\GeneratedEncounters.cs:119)
       [5] void Delve.Dev.RunEncounterSpike.CheckSweep(Delve.Autoload.DataManager) (G:\Godot\Gamestorming\delve\scripts\dev\RunEncounterSpike.cs:178)
       [6] System.Threading.Tasks.Task Delve.Dev.RunEncounterSpike.RunSpikeAsync(Delve.Autoload.DataManager) (G:\Godot\Gamestorming\delve\scripts\dev\RunEncounterSpike.cs:41)
       [7] void Delve.Dev.SpikeBase+<RunAsync>d__10.MoveNext() (G:\Godot\Gamestorming\delve\scripts\dev\SpikeBase.cs:53)
       [8] void System.Runtime.CompilerServices.AsyncMethodBuilderCore.Start<TStateMachine>(TStateMachine&)
       [9] System.Threading.Tasks.Task Delve.Dev.SpikeBase.RunAsync()
       [10] void Delve.Dev.SpikeBase._Ready() (G:\Godot\Gamestorming\delve\scripts\dev\SpikeBase.cs:38)
       [11] bool Godot.Node.InvokeGodotClassMethod(Godot.NativeInterop.godot_string_name&, Godot.NativeInterop.NativeVariantPtrArgs, Godot.NativeInterop.godot_variant&) (/root/godot/modules/mono/glue/GodotSharp/GodotSharp/Generated/GodotObjects/Node.cs:2646)
       [12] bool Delve.Dev.SpikeBase.InvokeGodotClassMethod(Godot.NativeInterop.godot_string_name&, Godot.NativeInterop.NativeVariantPtrArgs, Godot.NativeInterop.godot_variant&) (G:\Godot\Gamestorming\delve\.godot\mono\temp\obj\Debug\Godot.SourceGenerators\Godot.SourceGenerators.ScriptMethodsGenerator\Delve.Dev.SpikeBase_ScriptMethods.generated.cs:80)
       [13] bool Delve.Dev.RunEncounterSpike.InvokeGodotClassMethod(Godot.NativeInterop.godot_string_name&, Godot.NativeInterop.NativeVariantPtrArgs, Godot.NativeInterop.godot_variant&) (G:\Godot\Gamestorming\delve\.godot\mono\temp\obj\Debug\Godot.SourceGenerators\Godot.SourceGenerators.ScriptMethodsGenerator\Delve.Dev.RunEncounterSpike_ScriptMethods.generated.cs:140)
       [14] Godot.NativeInterop.godot_bool Godot.Bridge.CSharpInstanceBridge.Call(nint, Godot.NativeInterop.godot_string_name*, Godot.NativeInterop.godot_variant**, int, Godot.NativeInterop.godot_variant_call_error*, Godot.NativeInterop.godot_variant*) (/root/godot/modules/mono/glue/GodotSharp/GodotSharp/Core/Bridge/CSharpInstanceBridge.cs:24)
WARNING: [PF2e WARN] EncounterGenerator: No template could be filled for Lv2 party. Falling back to budget fill.
   at: void Delve.Autoload.DataManager+<>c.<WireLogging>b__27_1(string) (res://scripts/autoload/DataManager.cs:131)
   C# backtrace (most recent call first):
       [0] void Godot.GD.PushWarning(string) (/root/godot/modules/mono/glue/GodotSharp/GodotSharp/Core/GD.cs:396)
       [1] void Delve.Autoload.DataManager+<>c.<WireLogging>b__27_1(string) (G:\Godot\Gamestorming\delve\scripts\autoload\DataManager.cs:131)
       [2] void PF2e.Log.Warn(object) (F:\dev\Pf2e.Core\Pf2e.Core\Core\Log.cs:23)
       [3] PF2e.Data.EncounterDefinition PF2e.Utilities.EncounterGenerator.GenerateEncounter(PF2e.Data.EncounterDifficulty, int, int, PF2e.Data.EnemyDefinition[], System.Collections.Generic.List`1[System.String], PF2e.Data.HazardDefinition[]) (F:\dev\Pf2e.Core\Pf2e.Core\Utilities\EncounterGenerator.cs:227)
       [4] PF2e.Data.EncounterDefinition Delve.Run.GeneratedEncounters.Generate(Delve.Run.RunState, Delve.Run.MapNode, System.Func`2[Delve.Data.CreatureRef,PF2e.Data.EnemyDefinition], Delve.Run.EncounterGenRules) (G:\Godot\Gamestorming\delve\scripts\run\GeneratedEncounters.cs:119)
       [5] void Delve.Dev.RunEncounterSpike.CheckSweep(Delve.Autoload.DataManager) (G:\Godot\Gamestorming\delve\scripts\dev\RunEncounterSpike.cs:178)
       [6] System.Threading.Tasks.Task Delve.Dev.RunEncounterSpike.RunSpikeAsync(Delve.Autoload.DataManager) (G:\Godot\Gamestorming\delve\scripts\dev\RunEncounterSpike.cs:41)
       [7] void Delve.Dev.SpikeBase+<RunAsync>d__10.MoveNext() (G:\Godot\Gamestorming\delve\scripts\dev\SpikeBase.cs:53)
       [8] void System.Runtime.CompilerServices.AsyncMethodBuilderCore.Start<TStateMachine>(TStateMachine&)
       [9] System.Threading.Tasks.Task Delve.Dev.SpikeBase.RunAsync()
       [10] void Delve.Dev.SpikeBase._Ready() (G:\Godot\Gamestorming\delve\scripts\dev\SpikeBase.cs:38)
       [11] bool Godot.Node.InvokeGodotClassMethod(Godot.NativeInterop.godot_string_name&, Godot.NativeInterop.NativeVariantPtrArgs, Godot.NativeInterop.godot_variant&) (/root/godot/modules/mono/glue/GodotSharp/GodotSharp/Generated/GodotObjects/Node.cs:2646)
       [12] bool Delve.Dev.SpikeBase.InvokeGodotClassMethod(Godot.NativeInterop.godot_string_name&, Godot.NativeInterop.NativeVariantPtrArgs, Godot.NativeInterop.godot_variant&) (G:\Godot\Gamestorming\delve\.godot\mono\temp\obj\Debug\Godot.SourceGenerators\Godot.SourceGenerators.ScriptMethodsGenerator\Delve.Dev.SpikeBase_ScriptMethods.generated.cs:80)
       [13] bool Delve.Dev.RunEncounterSpike.InvokeGodotClassMethod(Godot.NativeInterop.godot_string_name&, Godot.NativeInterop.NativeVariantPtrArgs, Godot.NativeInterop.godot_variant&) (G:\Godot\Gamestorming\delve\.godot\mono\temp\obj\Debug\Godot.SourceGenerators\Godot.SourceGenerators.ScriptMethodsGenerator\Delve.Dev.RunEncounterSpike_ScriptMethods.generated.cs:140)
       [14] Godot.NativeInterop.godot_bool Godot.Bridge.CSharpInstanceBridge.Call(nint, Godot.NativeInterop.godot_string_name*, Godot.NativeInterop.godot_variant**, int, Godot.NativeInterop.godot_variant_call_error*, Godot.NativeInterop.godot_variant*) (/root/godot/modules/mono/glue/GodotSharp/GodotSharp/Core/Bridge/CSharpInstanceBridge.cs:24)
WARNING: [PF2e WARN] EncounterGenerator: No template could be filled for Lv2 party. Falling back to budget fill.
   at: void Delve.Autoload.DataManager+<>c.<WireLogging>b__27_1(string) (res://scripts/autoload/DataManager.cs:131)
   C# backtrace (most recent call first):
       [0] void Godot.GD.PushWarning(string) (/root/godot/modules/mono/glue/GodotSharp/GodotSharp/Core/GD.cs:396)
       [1] void Delve.Autoload.DataManager+<>c.<WireLogging>b__27_1(string) (G:\Godot\Gamestorming\delve\scripts\autoload\DataManager.cs:131)
       [2] void PF2e.Log.Warn(object) (F:\dev\Pf2e.Core\Pf2e.Core\Core\Log.cs:23)
       [3] PF2e.Data.EncounterDefinition PF2e.Utilities.EncounterGenerator.GenerateEncounter(PF2e.Data.EncounterDifficulty, int, int, PF2e.Data.EnemyDefinition[], System.Collections.Generic.List`1[System.String], PF2e.Data.HazardDefinition[]) (F:\dev\Pf2e.Core\Pf2e.Core\Utilities\EncounterGenerator.cs:227)
       [4] PF2e.Data.EncounterDefinition Delve.Run.GeneratedEncounters.Generate(Delve.Run.RunState, Delve.Run.MapNode, System.Func`2[Delve.Data.CreatureRef,PF2e.Data.EnemyDefinition], Delve.Run.EncounterGenRules) (G:\Godot\Gamestorming\delve\scripts\run\GeneratedEncounters.cs:119)
       [5] void Delve.Dev.RunEncounterSpike.CheckSweep(Delve.Autoload.DataManager) (G:\Godot\Gamestorming\delve\scripts\dev\RunEncounterSpike.cs:178)
       [6] System.Threading.Tasks.Task Delve.Dev.RunEncounterSpike.RunSpikeAsync(Delve.Autoload.DataManager) (G:\Godot\Gamestorming\delve\scripts\dev\RunEncounterSpike.cs:41)
       [7] void Delve.Dev.SpikeBase+<RunAsync>d__10.MoveNext() (G:\Godot\Gamestorming\delve\scripts\dev\SpikeBase.cs:53)
       [8] void System.Runtime.CompilerServices.AsyncMethodBuilderCore.Start<TStateMachine>(TStateMachine&)
       [9] System.Threading.Tasks.Task Delve.Dev.SpikeBase.RunAsync()
       [10] void Delve.Dev.SpikeBase._Ready() (G:\Godot\Gamestorming\delve\scripts\dev\SpikeBase.cs:38)
       [11] bool Godot.Node.InvokeGodotClassMethod(Godot.NativeInterop.godot_string_name&, Godot.NativeInterop.NativeVariantPtrArgs, Godot.NativeInterop.godot_variant&) (/root/godot/modules/mono/glue/GodotSharp/GodotSharp/Generated/GodotObjects/Node.cs:2646)
       [12] bool Delve.Dev.SpikeBase.InvokeGodotClassMethod(Godot.NativeInterop.godot_string_name&, Godot.NativeInterop.NativeVariantPtrArgs, Godot.NativeInterop.godot_variant&) (G:\Godot\Gamestorming\delve\.godot\mono\temp\obj\Debug\Godot.SourceGenerators\Godot.SourceGenerators.ScriptMethodsGenerator\Delve.Dev.SpikeBase_ScriptMethods.generated.cs:80)
       [13] bool Delve.Dev.RunEncounterSpike.InvokeGodotClassMethod(Godot.NativeInterop.godot_string_name&, Godot.NativeInterop.NativeVariantPtrArgs, Godot.NativeInterop.godot_variant&) (G:\Godot\Gamestorming\delve\.godot\mono\temp\obj\Debug\Godot.SourceGenerators\Godot.SourceGenerators.ScriptMethodsGenerator\Delve.Dev.RunEncounterSpike_ScriptMethods.generated.cs:140)
       [14] Godot.NativeInterop.godot_bool Godot.Bridge.CSharpInstanceBridge.Call(nint, Godot.NativeInterop.godot_string_name*, Godot.NativeInterop.godot_variant**, int, Godot.NativeInterop.godot_variant_call_error*, Godot.NativeInterop.godot_variant*) (/root/godot/modules/mono/glue/GodotSharp/GodotSharp/Core/Bridge/CSharpInstanceBridge.cs:24)
  sweep: 368 fight nodes across 3 seeds x 4 ward levels x 3 floors.
  [PASS] every fight node composes (never null)
  [PASS] every rolled tier decomposes to a base the floor's weights allow
  [PASS] burning ward never lowers a node's tier
  [PASS] floor 1: generated XP lands within one tier of the rolled tier
  [PASS] floor 1: every spawned creature sits inside the row's level band
  [PASS] floor 1: a Lethal fight reaches its budget or the enemy cap
  [PASS] a solo party gets relief
  [PASS] a full party gets none
WARNING: [PF2e WARN] EncounterGenerator: No template could be filled for Lv2 party. Falling back to budget fill.
   at: void Delve.Autoload.DataManager+<>c.<WireLogging>b__27_1(string) (res://scripts/autoload/DataManager.cs:131)
   C# backtrace (most recent call first):
       [0] void Godot.GD.PushWarning(string) (/root/godot/modules/mono/glue/GodotSharp/GodotSharp/Core/GD.cs:396)
       [1] void Delve.Autoload.DataManager+<>c.<WireLogging>b__27_1(string) (G:\Godot\Gamestorming\delve\scripts\autoload\DataManager.cs:131)
       [2] void PF2e.Log.Warn(object) (F:\dev\Pf2e.Core\Pf2e.Core\Core\Log.cs:23)
       [3] PF2e.Data.EncounterDefinition PF2e.Utilities.EncounterGenerator.GenerateEncounter(PF2e.Data.EncounterDifficulty, int, int, PF2e.Data.EnemyDefinition[], System.Collections.Generic.List`1[System.String], PF2e.Data.HazardDefinition[]) (F:\dev\Pf2e.Core\Pf2e.Core\Utilities\EncounterGenerator.cs:227)
       [4] PF2e.Data.EncounterDefinition Delve.Run.GeneratedEncounters.Generate(Delve.Run.RunState, Delve.Run.MapNode, System.Func`2[Delve.Data.CreatureRef,PF2e.Data.EnemyDefinition], Delve.Run.EncounterGenRules) (G:\Godot\Gamestorming\delve\scripts\run\GeneratedEncounters.cs:119)
       [5] void Delve.Dev.RunEncounterSpike.CheckSoloRelief(Delve.Autoload.DataManager) (G:\Godot\Gamestorming\delve\scripts\dev\RunEncounterSpike.cs:243)
       [6] System.Threading.Tasks.Task Delve.Dev.RunEncounterSpike.RunSpikeAsync(Delve.Autoload.DataManager) (G:\Godot\Gamestorming\delve\scripts\dev\RunEncounterSpike.cs:42)
       [7] void Delve.Dev.SpikeBase+<RunAsync>d__10.MoveNext() (G:\Godot\Gamestorming\delve\scripts\dev\SpikeBase.cs:53)
       [8] void System.Runtime.CompilerServices.AsyncMethodBuilderCore.Start<TStateMachine>(TStateMachine&)
       [9] System.Threading.Tasks.Task Delve.Dev.SpikeBase.RunAsync()
       [10] void Delve.Dev.SpikeBase._Ready() (G:\Godot\Gamestorming\delve\scripts\dev\SpikeBase.cs:38)
       [11] bool Godot.Node.InvokeGodotClassMethod(Godot.NativeInterop.godot_string_name&, Godot.NativeInterop.NativeVariantPtrArgs, Godot.NativeInterop.godot_variant&) (/root/godot/modules/mono/glue/GodotSharp/GodotSharp/Generated/GodotObjects/Node.cs:2646)
       [12] bool Delve.Dev.SpikeBase.InvokeGodotClassMethod(Godot.NativeInterop.godot_string_name&, Godot.NativeInterop.NativeVariantPtrArgs, Godot.NativeInterop.godot_variant&) (G:\Godot\Gamestorming\delve\.godot\mono\temp\obj\Debug\Godot.SourceGenerators\Godot.SourceGenerators.ScriptMethodsGenerator\Delve.Dev.SpikeBase_ScriptMethods.generated.cs:80)
       [13] bool Delve.Dev.RunEncounterSpike.InvokeGodotClassMethod(Godot.NativeInterop.godot_string_name&, Godot.NativeInterop.NativeVariantPtrArgs, Godot.NativeInterop.godot_variant&) (G:\Godot\Gamestorming\delve\.godot\mono\temp\obj\Debug\Godot.SourceGenerators\Godot.SourceGenerators.ScriptMethodsGenerator\Delve.Dev.RunEncounterSpike_ScriptMethods.generated.cs:140)
       [14] Godot.NativeInterop.godot_bool Godot.Bridge.CSharpInstanceBridge.Call(nint, Godot.NativeInterop.godot_string_name*, Godot.NativeInterop.godot_variant**, int, Godot.NativeInterop.godot_variant_call_error*, Godot.NativeInterop.godot_variant*) (/root/godot/modules/mono/glue/GodotSharp/GodotSharp/Core/Bridge/CSharpInstanceBridge.cs:24)
WARNING: [PF2e WARN] EncounterGenerator: No template could be filled for Lv2 party. Falling back to budget fill.
   at: void Delve.Autoload.DataManager+<>c.<WireLogging>b__27_1(string) (res://scripts/autoload/DataManager.cs:131)
   C# backtrace (most recent call first):
       [0] void Godot.GD.PushWarning(string) (/root/godot/modules/mono/glue/GodotSharp/GodotSharp/Core/GD.cs:396)
       [1] void Delve.Autoload.DataManager+<>c.<WireLogging>b__27_1(string) (G:\Godot\Gamestorming\delve\scripts\autoload\DataManager.cs:131)
       [2] void PF2e.Log.Warn(object) (F:\dev\Pf2e.Core\Pf2e.Core\Core\Log.cs:23)
       [3] PF2e.Data.EncounterDefinition PF2e.Utilities.EncounterGenerator.GenerateEncounter(PF2e.Data.EncounterDifficulty, int, int, PF2e.Data.EnemyDefinition[], System.Collections.Generic.List`1[System.String], PF2e.Data.HazardDefinition[]) (F:\dev\Pf2e.Core\Pf2e.Core\Utilities\EncounterGenerator.cs:227)
       [4] PF2e.Data.EncounterDefinition Delve.Run.GeneratedEncounters.Generate(Delve.Run.RunState, Delve.Run.MapNode, System.Func`2[Delve.Data.CreatureRef,PF2e.Data.EnemyDefinition], Delve.Run.EncounterGenRules) (G:\Godot\Gamestorming\delve\scripts\run\GeneratedEncounters.cs:119)
       [5] void Delve.Dev.RunEncounterSpike.CheckSoloRelief(Delve.Autoload.DataManager) (G:\Godot\Gamestorming\delve\scripts\dev\RunEncounterSpike.cs:243)
       [6] System.Threading.Tasks.Task Delve.Dev.RunEncounterSpike.RunSpikeAsync(Delve.Autoload.DataManager) (G:\Godot\Gamestorming\delve\scripts\dev\RunEncounterSpike.cs:42)
       [7] void Delve.Dev.SpikeBase+<RunAsync>d__10.MoveNext() (G:\Godot\Gamestorming\delve\scripts\dev\SpikeBase.cs:53)
       [8] void System.Runtime.CompilerServices.AsyncMethodBuilderCore.Start<TStateMachine>(TStateMachine&)
       [9] System.Threading.Tasks.Task Delve.Dev.SpikeBase.RunAsync()
       [10] void Delve.Dev.SpikeBase._Ready() (G:\Godot\Gamestorming\delve\scripts\dev\SpikeBase.cs:38)
       [11] bool Godot.Node.InvokeGodotClassMethod(Godot.NativeInterop.godot_string_name&, Godot.NativeInterop.NativeVariantPtrArgs, Godot.NativeInterop.godot_variant&) (/root/godot/modules/mono/glue/GodotSharp/GodotSharp/Generated/GodotObjects/Node.cs:2646)
       [12] bool Delve.Dev.SpikeBase.InvokeGodotClassMethod(Godot.NativeInterop.godot_string_name&, Godot.NativeInterop.NativeVariantPtrArgs, Godot.NativeInterop.godot_variant&) (G:\Godot\Gamestorming\delve\.godot\mono\temp\obj\Debug\Godot.SourceGenerators\Godot.SourceGenerators.ScriptMethodsGenerator\Delve.Dev.SpikeBase_ScriptMethods.generated.cs:80)
       [13] bool Delve.Dev.RunEncounterSpike.InvokeGodotClassMethod(Godot.NativeInterop.godot_string_name&, Godot.NativeInterop.NativeVariantPtrArgs, Godot.NativeInterop.godot_variant&) (G:\Godot\Gamestorming\delve\.godot\mono\temp\obj\Debug\Godot.SourceGenerators\Godot.SourceGenerators.ScriptMethodsGenerator\Delve.Dev.RunEncounterSpike_ScriptMethods.generated.cs:140)
       [14] Godot.NativeInterop.godot_bool Godot.Bridge.CSharpInstanceBridge.Call(nint, Godot.NativeInterop.godot_string_name*, Godot.NativeInterop.godot_variant**, int, Godot.NativeInterop.godot_variant_call_error*, Godot.NativeInterop.godot_variant*) (/root/godot/modules/mono/glue/GodotSharp/GodotSharp/Core/Bridge/CSharpInstanceBridge.cs:24)
WARNING: [PF2e WARN] EncounterGenerator: No template could be filled for Lv2 party. Falling back to budget fill.
   at: void Delve.Autoload.DataManager+<>c.<WireLogging>b__27_1(string) (res://scripts/autoload/DataManager.cs:131)
   C# backtrace (most recent call first):
       [0] void Godot.GD.PushWarning(string) (/root/godot/modules/mono/glue/GodotSharp/GodotSharp/Core/GD.cs:396)
       [1] void Delve.Autoload.DataManager+<>c.<WireLogging>b__27_1(string) (G:\Godot\Gamestorming\delve\scripts\autoload\DataManager.cs:131)
       [2] void PF2e.Log.Warn(object) (F:\dev\Pf2e.Core\Pf2e.Core\Core\Log.cs:23)
       [3] PF2e.Data.EncounterDefinition PF2e.Utilities.EncounterGenerator.GenerateEncounter(PF2e.Data.EncounterDifficulty, int, int, PF2e.Data.EnemyDefinition[], System.Collections.Generic.List`1[System.String], PF2e.Data.HazardDefinition[]) (F:\dev\Pf2e.Core\Pf2e.Core\Utilities\EncounterGenerator.cs:227)
       [4] PF2e.Data.EncounterDefinition Delve.Run.GeneratedEncounters.Generate(Delve.Run.RunState, Delve.Run.MapNode, System.Func`2[Delve.Data.CreatureRef,PF2e.Data.EnemyDefinition], Delve.Run.EncounterGenRules) (G:\Godot\Gamestorming\delve\scripts\run\GeneratedEncounters.cs:119)
       [5] void Delve.Dev.RunEncounterSpike.CheckSoloRelief(Delve.Autoload.DataManager) (G:\Godot\Gamestorming\delve\scripts\dev\RunEncounterSpike.cs:243)
       [6] System.Threading.Tasks.Task Delve.Dev.RunEncounterSpike.RunSpikeAsync(Delve.Autoload.DataManager) (G:\Godot\Gamestorming\delve\scripts\dev\RunEncounterSpike.cs:42)
       [7] void Delve.Dev.SpikeBase+<RunAsync>d__10.MoveNext() (G:\Godot\Gamestorming\delve\scripts\dev\SpikeBase.cs:53)
       [8] void System.Runtime.CompilerServices.AsyncMethodBuilderCore.Start<TStateMachine>(TStateMachine&)
       [9] System.Threading.Tasks.Task Delve.Dev.SpikeBase.RunAsync()
       [10] void Delve.Dev.SpikeBase._Ready() (G:\Godot\Gamestorming\delve\scripts\dev\SpikeBase.cs:38)
       [11] bool Godot.Node.InvokeGodotClassMethod(Godot.NativeInterop.godot_string_name&, Godot.NativeInterop.NativeVariantPtrArgs, Godot.NativeInterop.godot_variant&) (/root/godot/modules/mono/glue/GodotSharp/GodotSharp/Generated/GodotObjects/Node.cs:2646)
       [12] bool Delve.Dev.SpikeBase.InvokeGodotClassMethod(Godot.NativeInterop.godot_string_name&, Godot.NativeInterop.NativeVariantPtrArgs, Godot.NativeInterop.godot_variant&) (G:\Godot\Gamestorming\delve\.godot\mono\temp\obj\Debug\Godot.SourceGenerators\Godot.SourceGenerators.ScriptMethodsGenerator\Delve.Dev.SpikeBase_ScriptMethods.generated.cs:80)
       [13] bool Delve.Dev.RunEncounterSpike.InvokeGodotClassMethod(Godot.NativeInterop.godot_string_name&, Godot.NativeInterop.NativeVariantPtrArgs, Godot.NativeInterop.godot_variant&) (G:\Godot\Gamestorming\delve\.godot\mono\temp\obj\Debug\Godot.SourceGenerators\Godot.SourceGenerators.ScriptMethodsGenerator\Delve.Dev.RunEncounterSpike_ScriptMethods.generated.cs:140)
       [14] Godot.NativeInterop.godot_bool Godot.Bridge.CSharpInstanceBridge.Call(nint, Godot.NativeInterop.godot_string_name*, Godot.NativeInterop.godot_variant**, int, Godot.NativeInterop.godot_variant_call_error*, Godot.NativeInterop.godot_variant*) (/root/godot/modules/mono/glue/GodotSharp/GodotSharp/Core/Bridge/CSharpInstanceBridge.cs:24)
WARNING: [PF2e WARN] EncounterGenerator: No template could be filled for Lv2 party. Falling back to budget fill.
   at: void Delve.Autoload.DataManager+<>c.<WireLogging>b__27_1(string) (res://scripts/autoload/DataManager.cs:131)
   C# backtrace (most recent call first):
       [0] void Godot.GD.PushWarning(string) (/root/godot/modules/mono/glue/GodotSharp/GodotSharp/Core/GD.cs:396)
       [1] void Delve.Autoload.DataManager+<>c.<WireLogging>b__27_1(string) (G:\Godot\Gamestorming\delve\scripts\autoload\DataManager.cs:131)
       [2] void PF2e.Log.Warn(object) (F:\dev\Pf2e.Core\Pf2e.Core\Core\Log.cs:23)
       [3] PF2e.Data.EncounterDefinition PF2e.Utilities.EncounterGenerator.GenerateEncounter(PF2e.Data.EncounterDifficulty, int, int, PF2e.Data.EnemyDefinition[], System.Collections.Generic.List`1[System.String], PF2e.Data.HazardDefinition[]) (F:\dev\Pf2e.Core\Pf2e.Core\Utilities\EncounterGenerator.cs:227)
       [4] PF2e.Data.EncounterDefinition Delve.Run.GeneratedEncounters.Generate(Delve.Run.RunState, Delve.Run.MapNode, System.Func`2[Delve.Data.CreatureRef,PF2e.Data.EnemyDefinition], Delve.Run.EncounterGenRules) (G:\Godot\Gamestorming\delve\scripts\run\GeneratedEncounters.cs:119)
       [5] void Delve.Dev.RunEncounterSpike.CheckSoloRelief(Delve.Autoload.DataManager) (G:\Godot\Gamestorming\delve\scripts\dev\RunEncounterSpike.cs:243)
       [6] System.Threading.Tasks.Task Delve.Dev.RunEncounterSpike.RunSpikeAsync(Delve.Autoload.DataManager) (G:\Godot\Gamestorming\delve\scripts\dev\RunEncounterSpike.cs:42)
       [7] void Delve.Dev.SpikeBase+<RunAsync>d__10.MoveNext() (G:\Godot\Gamestorming\delve\scripts\dev\SpikeBase.cs:53)
       [8] void System.Runtime.CompilerServices.AsyncMethodBuilderCore.Start<TStateMachine>(TStateMachine&)
       [9] System.Threading.Tasks.Task Delve.Dev.SpikeBase.RunAsync()
       [10] void Delve.Dev.SpikeBase._Ready() (G:\Godot\Gamestorming\delve\scripts\dev\SpikeBase.cs:38)
       [11] bool Godot.Node.InvokeGodotClassMethod(Godot.NativeInterop.godot_string_name&, Godot.NativeInterop.NativeVariantPtrArgs, Godot.NativeInterop.godot_variant&) (/root/godot/modules/mono/glue/GodotSharp/GodotSharp/Generated/GodotObjects/Node.cs:2646)
       [12] bool Delve.Dev.SpikeBase.InvokeGodotClassMethod(Godot.NativeInterop.godot_string_name&, Godot.NativeInterop.NativeVariantPtrArgs, Godot.NativeInterop.godot_variant&) (G:\Godot\Gamestorming\delve\.godot\mono\temp\obj\Debug\Godot.SourceGenerators\Godot.SourceGenerators.ScriptMethodsGenerator\Delve.Dev.SpikeBase_ScriptMethods.generated.cs:80)
       [13] bool Delve.Dev.RunEncounterSpike.InvokeGodotClassMethod(Godot.NativeInterop.godot_string_name&, Godot.NativeInterop.NativeVariantPtrArgs, Godot.NativeInterop.godot_variant&) (G:\Godot\Gamestorming\delve\.godot\mono\temp\obj\Debug\Godot.SourceGenerators\Godot.SourceGenerators.ScriptMethodsGenerator\Delve.Dev.RunEncounterSpike_ScriptMethods.generated.cs:140)
       [14] Godot.NativeInterop.godot_bool Godot.Bridge.CSharpInstanceBridge.Call(nint, Godot.NativeInterop.godot_string_name*, Godot.NativeInterop.godot_variant**, int, Godot.NativeInterop.godot_variant_call_error*, Godot.NativeInterop.godot_variant*) (/root/godot/modules/mono/glue/GodotSharp/GodotSharp/Core/Bridge/CSharpInstanceBridge.cs:24)
WARNING: [PF2e WARN] EncounterGenerator: No template could be filled for Lv2 party. Falling back to budget fill.
   at: void Delve.Autoload.DataManager+<>c.<WireLogging>b__27_1(string) (res://scripts/autoload/DataManager.cs:131)
   C# backtrace (most recent call first):
       [0] void Godot.GD.PushWarning(string) (/root/godot/modules/mono/glue/GodotSharp/GodotSharp/Core/GD.cs:396)
       [1] void Delve.Autoload.DataManager+<>c.<WireLogging>b__27_1(string) (G:\Godot\Gamestorming\delve\scripts\autoload\DataManager.cs:131)
       [2] void PF2e.Log.Warn(object) (F:\dev\Pf2e.Core\Pf2e.Core\Core\Log.cs:23)
       [3] PF2e.Data.EncounterDefinition PF2e.Utilities.EncounterGenerator.GenerateEncounter(PF2e.Data.EncounterDifficulty, int, int, PF2e.Data.EnemyDefinition[], System.Collections.Generic.List`1[System.String], PF2e.Data.HazardDefinition[]) (F:\dev\Pf2e.Core\Pf2e.Core\Utilities\EncounterGenerator.cs:227)
       [4] PF2e.Data.EncounterDefinition Delve.Run.GeneratedEncounters.Generate(Delve.Run.RunState, Delve.Run.MapNode, System.Func`2[Delve.Data.CreatureRef,PF2e.Data.EnemyDefinition], Delve.Run.EncounterGenRules) (G:\Godot\Gamestorming\delve\scripts\run\GeneratedEncounters.cs:119)
       [5] void Delve.Dev.RunEncounterSpike.CheckSoloRelief(Delve.Autoload.DataManager) (G:\Godot\Gamestorming\delve\scripts\dev\RunEncounterSpike.cs:243)
       [6] System.Threading.Tasks.Task Delve.Dev.RunEncounterSpike.RunSpikeAsync(Delve.Autoload.DataManager) (G:\Godot\Gamestorming\delve\scripts\dev\RunEncounterSpike.cs:42)
       [7] void Delve.Dev.SpikeBase+<RunAsync>d__10.MoveNext() (G:\Godot\Gamestorming\delve\scripts\dev\SpikeBase.cs:53)
       [8] void System.Runtime.CompilerServices.AsyncMethodBuilderCore.Start<TStateMachine>(TStateMachine&)
       [9] System.Threading.Tasks.Task Delve.Dev.SpikeBase.RunAsync()
       [10] void Delve.Dev.SpikeBase._Ready() (G:\Godot\Gamestorming\delve\scripts\dev\SpikeBase.cs:38)
       [11] bool Godot.Node.InvokeGodotClassMethod(Godot.NativeInterop.godot_string_name&, Godot.NativeInterop.NativeVariantPtrArgs, Godot.NativeInterop.godot_variant&) (/root/godot/modules/mono/glue/GodotSharp/GodotSharp/Generated/GodotObjects/Node.cs:2646)
       [12] bool Delve.Dev.SpikeBase.InvokeGodotClassMethod(Godot.NativeInterop.godot_string_name&, Godot.NativeInterop.NativeVariantPtrArgs, Godot.NativeInterop.godot_variant&) (G:\Godot\Gamestorming\delve\.godot\mono\temp\obj\Debug\Godot.SourceGenerators\Godot.SourceGenerators.ScriptMethodsGenerator\Delve.Dev.SpikeBase_ScriptMethods.generated.cs:80)
       [13] bool Delve.Dev.RunEncounterSpike.InvokeGodotClassMethod(Godot.NativeInterop.godot_string_name&, Godot.NativeInterop.NativeVariantPtrArgs, Godot.NativeInterop.godot_variant&) (G:\Godot\Gamestorming\delve\.godot\mono\temp\obj\Debug\Godot.SourceGenerators\Godot.SourceGenerators.ScriptMethodsGenerator\Delve.Dev.RunEncounterSpike_ScriptMethods.generated.cs:140)
       [14] Godot.NativeInterop.godot_bool Godot.Bridge.CSharpInstanceBridge.Call(nint, Godot.NativeInterop.godot_string_name*, Godot.NativeInterop.godot_variant**, int, Godot.NativeInterop.godot_variant_call_error*, Godot.NativeInterop.godot_variant*) (/root/godot/modules/mono/glue/GodotSharp/GodotSharp/Core/Bridge/CSharpInstanceBridge.cs:24)
WARNING: [PF2e WARN] EncounterGenerator: No templates match Trivial (10 XP). Falling back to budget fill.
   at: void Delve.Autoload.DataManager+<>c.<WireLogging>b__27_1(string) (res://scripts/autoload/DataManager.cs:131)
   C# backtrace (most recent call first):
       [0] void Godot.GD.PushWarning(string) (/root/godot/modules/mono/glue/GodotSharp/GodotSharp/Core/GD.cs:396)
       [1] void Delve.Autoload.DataManager+<>c.<WireLogging>b__27_1(string) (G:\Godot\Gamestorming\delve\scripts\autoload\DataManager.cs:131)
       [2] void PF2e.Log.Warn(object) (F:\dev\Pf2e.Core\Pf2e.Core\Core\Log.cs:23)
       [3] PF2e.Data.EncounterDefinition PF2e.Utilities.EncounterGenerator.GenerateEncounter(PF2e.Data.EncounterDifficulty, int, int, PF2e.Data.EnemyDefinition[], System.Collections.Generic.List`1[System.String], PF2e.Data.HazardDefinition[]) (F:\dev\Pf2e.Core\Pf2e.Core\Utilities\EncounterGenerator.cs:209)
       [4] PF2e.Data.EncounterDefinition Delve.Run.GeneratedEncounters.Generate(Delve.Run.RunState, Delve.Run.MapNode, System.Func`2[Delve.Data.CreatureRef,PF2e.Data.EnemyDefinition], Delve.Run.EncounterGenRules) (G:\Godot\Gamestorming\delve\scripts\run\GeneratedEncounters.cs:119)
       [5] void Delve.Dev.RunEncounterSpike.CheckSoloRelief(Delve.Autoload.DataManager) (G:\Godot\Gamestorming\delve\scripts\dev\RunEncounterSpike.cs:243)
       [6] System.Threading.Tasks.Task Delve.Dev.RunEncounterSpike.RunSpikeAsync(Delve.Autoload.DataManager) (G:\Godot\Gamestorming\delve\scripts\dev\RunEncounterSpike.cs:42)
       [7] void Delve.Dev.SpikeBase+<RunAsync>d__10.MoveNext() (G:\Godot\Gamestorming\delve\scripts\dev\SpikeBase.cs:53)
       [8] void System.Runtime.CompilerServices.AsyncMethodBuilderCore.Start<TStateMachine>(TStateMachine&)
       [9] System.Threading.Tasks.Task Delve.Dev.SpikeBase.RunAsync()
       [10] void Delve.Dev.SpikeBase._Ready() (G:\Godot\Gamestorming\delve\scripts\dev\SpikeBase.cs:38)
       [11] bool Godot.Node.InvokeGodotClassMethod(Godot.NativeInterop.godot_string_name&, Godot.NativeInterop.NativeVariantPtrArgs, Godot.NativeInterop.godot_variant&) (/root/godot/modules/mono/glue/GodotSharp/GodotSharp/Generated/GodotObjects/Node.cs:2646)
       [12] bool Delve.Dev.SpikeBase.InvokeGodotClassMethod(Godot.NativeInterop.godot_string_name&, Godot.NativeInterop.NativeVariantPtrArgs, Godot.NativeInterop.godot_variant&) (G:\Godot\Gamestorming\delve\.godot\mono\temp\obj\Debug\Godot.SourceGenerators\Godot.SourceGenerators.ScriptMethodsGenerator\Delve.Dev.SpikeBase_ScriptMethods.generated.cs:80)
       [13] bool Delve.Dev.RunEncounterSpike.InvokeGodotClassMethod(Godot.NativeInterop.godot_string_name&, Godot.NativeInterop.NativeVariantPtrArgs, Godot.NativeInterop.godot_variant&) (G:\Godot\Gamestorming\delve\.godot\mono\temp\obj\Debug\Godot.SourceGenerators\Godot.SourceGenerators.ScriptMethodsGenerator\Delve.Dev.RunEncounterSpike_ScriptMethods.generated.cs:140)
       [14] Godot.NativeInterop.godot_bool Godot.Bridge.CSharpInstanceBridge.Call(nint, Godot.NativeInterop.godot_string_name*, Godot.NativeInterop.godot_variant**, int, Godot.NativeInterop.godot_variant_call_error*, Godot.NativeInterop.godot_variant*) (/root/godot/modules/mono/glue/GodotSharp/GodotSharp/Core/Bridge/CSharpInstanceBridge.cs:24)
WARNING: [PF2e WARN] EncounterGenerator: No template could be filled for Lv2 party. Falling back to budget fill.
   at: void Delve.Autoload.DataManager+<>c.<WireLogging>b__27_1(string) (res://scripts/autoload/DataManager.cs:131)
   C# backtrace (most recent call first):
       [0] void Godot.GD.PushWarning(string) (/root/godot/modules/mono/glue/GodotSharp/GodotSharp/Core/GD.cs:396)
       [1] void Delve.Autoload.DataManager+<>c.<WireLogging>b__27_1(string) (G:\Godot\Gamestorming\delve\scripts\autoload\DataManager.cs:131)
       [2] void PF2e.Log.Warn(object) (F:\dev\Pf2e.Core\Pf2e.Core\Core\Log.cs:23)
       [3] PF2e.Data.EncounterDefinition PF2e.Utilities.EncounterGenerator.GenerateEncounter(PF2e.Data.EncounterDifficulty, int, int, PF2e.Data.EnemyDefinition[], System.Collections.Generic.List`1[System.String], PF2e.Data.HazardDefinition[]) (F:\dev\Pf2e.Core\Pf2e.Core\Utilities\EncounterGenerator.cs:227)
       [4] PF2e.Data.EncounterDefinition Delve.Run.GeneratedEncounters.Generate(Delve.Run.RunState, Delve.Run.MapNode, System.Func`2[Delve.Data.CreatureRef,PF2e.Data.EnemyDefinition], Delve.Run.EncounterGenRules) (G:\Godot\Gamestorming\delve\scripts\run\GeneratedEncounters.cs:119)
       [5] void Delve.Dev.RunEncounterSpike.CheckSoloRelief(Delve.Autoload.DataManager) (G:\Godot\Gamestorming\delve\scripts\dev\RunEncounterSpike.cs:243)
       [6] System.Threading.Tasks.Task Delve.Dev.RunEncounterSpike.RunSpikeAsync(Delve.Autoload.DataManager) (G:\Godot\Gamestorming\delve\scripts\dev\RunEncounterSpike.cs:42)
       [7] void Delve.Dev.SpikeBase+<RunAsync>d__10.MoveNext() (G:\Godot\Gamestorming\delve\scripts\dev\SpikeBase.cs:53)
       [8] void System.Runtime.CompilerServices.AsyncMethodBuilderCore.Start<TStateMachine>(TStateMachine&)
       [9] System.Threading.Tasks.Task Delve.Dev.SpikeBase.RunAsync()
       [10] void Delve.Dev.SpikeBase._Ready() (G:\Godot\Gamestorming\delve\scripts\dev\SpikeBase.cs:38)
       [11] bool Godot.Node.InvokeGodotClassMethod(Godot.NativeInterop.godot_string_name&, Godot.NativeInterop.NativeVariantPtrArgs, Godot.NativeInterop.godot_variant&) (/root/godot/modules/mono/glue/GodotSharp/GodotSharp/Generated/GodotObjects/Node.cs:2646)
       [12] bool Delve.Dev.SpikeBase.InvokeGodotClassMethod(Godot.NativeInterop.godot_string_name&, Godot.NativeInterop.NativeVariantPtrArgs, Godot.NativeInterop.godot_variant&) (G:\Godot\Gamestorming\delve\.godot\mono\temp\obj\Debug\Godot.SourceGenerators\Godot.SourceGenerators.ScriptMethodsGenerator\Delve.Dev.SpikeBase_ScriptMethods.generated.cs:80)
       [13] bool Delve.Dev.RunEncounterSpike.InvokeGodotClassMethod(Godot.NativeInterop.godot_string_name&, Godot.NativeInterop.NativeVariantPtrArgs, Godot.NativeInterop.godot_variant&) (G:\Godot\Gamestorming\delve\.godot\mono\temp\obj\Debug\Godot.SourceGenerators\Godot.SourceGenerators.ScriptMethodsGenerator\Delve.Dev.RunEncounterSpike_ScriptMethods.generated.cs:140)
       [14] Godot.NativeInterop.godot_bool Godot.Bridge.CSharpInstanceBridge.Call(nint, Godot.NativeInterop.godot_string_name*, Godot.NativeInterop.godot_variant**, int, Godot.NativeInterop.godot_variant_call_error*, Godot.NativeInterop.godot_variant*) (/root/godot/modules/mono/glue/GodotSharp/GodotSharp/Core/Bridge/CSharpInstanceBridge.cs:24)
WARNING: [PF2e WARN] EncounterGenerator: No templates match Trivial (10 XP). Falling back to budget fill.
   at: void Delve.Autoload.DataManager+<>c.<WireLogging>b__27_1(string) (res://scripts/autoload/DataManager.cs:131)
   C# backtrace (most recent call first):
       [0] void Godot.GD.PushWarning(string) (/root/godot/modules/mono/glue/GodotSharp/GodotSharp/Core/GD.cs:396)
       [1] void Delve.Autoload.DataManager+<>c.<WireLogging>b__27_1(string) (G:\Godot\Gamestorming\delve\scripts\autoload\DataManager.cs:131)
       [2] void PF2e.Log.Warn(object) (F:\dev\Pf2e.Core\Pf2e.Core\Core\Log.cs:23)
       [3] PF2e.Data.EncounterDefinition PF2e.Utilities.EncounterGenerator.GenerateEncounter(PF2e.Data.EncounterDifficulty, int, int, PF2e.Data.EnemyDefinition[], System.Collections.Generic.List`1[System.String], PF2e.Data.HazardDefinition[]) (F:\dev\Pf2e.Core\Pf2e.Core\Utilities\EncounterGenerator.cs:209)
       [4] PF2e.Data.EncounterDefinition Delve.Run.GeneratedEncounters.Generate(Delve.Run.RunState, Delve.Run.MapNode, System.Func`2[Delve.Data.CreatureRef,PF2e.Data.EnemyDefinition], Delve.Run.EncounterGenRules) (G:\Godot\Gamestorming\delve\scripts\run\GeneratedEncounters.cs:119)
       [5] void Delve.Dev.RunEncounterSpike.CheckSoloRelief(Delve.Autoload.DataManager) (G:\Godot\Gamestorming\delve\scripts\dev\RunEncounterSpike.cs:243)
       [6] System.Threading.Tasks.Task Delve.Dev.RunEncounterSpike.RunSpikeAsync(Delve.Autoload.DataManager) (G:\Godot\Gamestorming\delve\scripts\dev\RunEncounterSpike.cs:42)
       [7] void Delve.Dev.SpikeBase+<RunAsync>d__10.MoveNext() (G:\Godot\Gamestorming\delve\scripts\dev\SpikeBase.cs:53)
       [8] void System.Runtime.CompilerServices.AsyncMethodBuilderCore.Start<TStateMachine>(TStateMachine&)
       [9] System.Threading.Tasks.Task Delve.Dev.SpikeBase.RunAsync()
       [10] void Delve.Dev.SpikeBase._Ready() (G:\Godot\Gamestorming\delve\scripts\dev\SpikeBase.cs:38)
       [11] bool Godot.Node.InvokeGodotClassMethod(Godot.NativeInterop.godot_string_name&, Godot.NativeInterop.NativeVariantPtrArgs, Godot.NativeInterop.godot_variant&) (/root/godot/modules/mono/glue/GodotSharp/GodotSharp/Generated/GodotObjects/Node.cs:2646)
       [12] bool Delve.Dev.SpikeBase.InvokeGodotClassMethod(Godot.NativeInterop.godot_string_name&, Godot.NativeInterop.NativeVariantPtrArgs, Godot.NativeInterop.godot_variant&) (G:\Godot\Gamestorming\delve\.godot\mono\temp\obj\Debug\Godot.SourceGenerators\Godot.SourceGenerators.ScriptMethodsGenerator\Delve.Dev.SpikeBase_ScriptMethods.generated.cs:80)
       [13] bool Delve.Dev.RunEncounterSpike.InvokeGodotClassMethod(Godot.NativeInterop.godot_string_name&, Godot.NativeInterop.NativeVariantPtrArgs, Godot.NativeInterop.godot_variant&) (G:\Godot\Gamestorming\delve\.godot\mono\temp\obj\Debug\Godot.SourceGenerators\Godot.SourceGenerators.ScriptMethodsGenerator\Delve.Dev.RunEncounterSpike_ScriptMethods.generated.cs:140)
       [14] Godot.NativeInterop.godot_bool Godot.Bridge.CSharpInstanceBridge.Call(nint, Godot.NativeInterop.godot_string_name*, Godot.NativeInterop.godot_variant**, int, Godot.NativeInterop.godot_variant_call_error*, Godot.NativeInterop.godot_variant*) (/root/godot/modules/mono/glue/GodotSharp/GodotSharp/Core/Bridge/CSharpInstanceBridge.cs:24)
WARNING: [PF2e WARN] EncounterGenerator: No templates match Trivial (10 XP). Falling back to budget fill.
   at: void Delve.Autoload.DataManager+<>c.<WireLogging>b__27_1(string) (res://scripts/autoload/DataManager.cs:131)
   C# backtrace (most recent call first):
       [0] void Godot.GD.PushWarning(string) (/root/godot/modules/mono/glue/GodotSharp/GodotSharp/Core/GD.cs:396)
       [1] void Delve.Autoload.DataManager+<>c.<WireLogging>b__27_1(string) (G:\Godot\Gamestorming\delve\scripts\autoload\DataManager.cs:131)
       [2] void PF2e.Log.Warn(object) (F:\dev\Pf2e.Core\Pf2e.Core\Core\Log.cs:23)
       [3] PF2e.Data.EncounterDefinition PF2e.Utilities.EncounterGenerator.GenerateEncounter(PF2e.Data.EncounterDifficulty, int, int, PF2e.Data.EnemyDefinition[], System.Collections.Generic.List`1[System.String], PF2e.Data.HazardDefinition[]) (F:\dev\Pf2e.Core\Pf2e.Core\Utilities\EncounterGenerator.cs:209)
       [4] PF2e.Data.EncounterDefinition Delve.Run.GeneratedEncounters.Generate(Delve.Run.RunState, Delve.Run.MapNode, System.Func`2[Delve.Data.CreatureRef,PF2e.Data.EnemyDefinition], Delve.Run.EncounterGenRules) (G:\Godot\Gamestorming\delve\scripts\run\GeneratedEncounters.cs:119)
       [5] void Delve.Dev.RunEncounterSpike.CheckSoloRelief(Delve.Autoload.DataManager) (G:\Godot\Gamestorming\delve\scripts\dev\RunEncounterSpike.cs:243)
       [6] System.Threading.Tasks.Task Delve.Dev.RunEncounterSpike.RunSpikeAsync(Delve.Autoload.DataManager) (G:\Godot\Gamestorming\delve\scripts\dev\RunEncounterSpike.cs:42)
       [7] void Delve.Dev.SpikeBase+<RunAsync>d__10.MoveNext() (G:\Godot\Gamestorming\delve\scripts\dev\SpikeBase.cs:53)
       [8] void System.Runtime.CompilerServices.AsyncMethodBuilderCore.Start<TStateMachine>(TStateMachine&)
       [9] System.Threading.Tasks.Task Delve.Dev.SpikeBase.RunAsync()
       [10] void Delve.Dev.SpikeBase._Ready() (G:\Godot\Gamestorming\delve\scripts\dev\SpikeBase.cs:38)
       [11] bool Godot.Node.InvokeGodotClassMethod(Godot.NativeInterop.godot_string_name&, Godot.NativeInterop.NativeVariantPtrArgs, Godot.NativeInterop.godot_variant&) (/root/godot/modules/mono/glue/GodotSharp/GodotSharp/Generated/GodotObjects/Node.cs:2646)
       [12] bool Delve.Dev.SpikeBase.InvokeGodotClassMethod(Godot.NativeInterop.godot_string_name&, Godot.NativeInterop.NativeVariantPtrArgs, Godot.NativeInterop.godot_variant&) (G:\Godot\Gamestorming\delve\.godot\mono\temp\obj\Debug\Godot.SourceGenerators\Godot.SourceGenerators.ScriptMethodsGenerator\Delve.Dev.SpikeBase_ScriptMethods.generated.cs:80)
       [13] bool Delve.Dev.RunEncounterSpike.InvokeGodotClassMethod(Godot.NativeInterop.godot_string_name&, Godot.NativeInterop.NativeVariantPtrArgs, Godot.NativeInterop.godot_variant&) (G:\Godot\Gamestorming\delve\.godot\mono\temp\obj\Debug\Godot.SourceGenerators\Godot.SourceGenerators.ScriptMethodsGenerator\Delve.Dev.RunEncounterSpike_ScriptMethods.generated.cs:140)
       [14] Godot.NativeInterop.godot_bool Godot.Bridge.CSharpInstanceBridge.Call(nint, Godot.NativeInterop.godot_string_name*, Godot.NativeInterop.godot_variant**, int, Godot.NativeInterop.godot_variant_call_error*, Godot.NativeInterop.godot_variant*) (/root/godot/modules/mono/glue/GodotSharp/GodotSharp/Core/Bridge/CSharpInstanceBridge.cs:24)
WARNING: [PF2e WARN] EncounterGenerator: No template could be filled for Lv2 party. Falling back to budget fill.
   at: void Delve.Autoload.DataManager+<>c.<WireLogging>b__27_1(string) (res://scripts/autoload/DataManager.cs:131)
   C# backtrace (most recent call first):
       [0] void Godot.GD.PushWarning(string) (/root/godot/modules/mono/glue/GodotSharp/GodotSharp/Core/GD.cs:396)
       [1] void Delve.Autoload.DataManager+<>c.<WireLogging>b__27_1(string) (G:\Godot\Gamestorming\delve\scripts\autoload\DataManager.cs:131)
       [2] void PF2e.Log.Warn(object) (F:\dev\Pf2e.Core\Pf2e.Core\Core\Log.cs:23)
       [3] PF2e.Data.EncounterDefinition PF2e.Utilities.EncounterGenerator.GenerateEncounter(PF2e.Data.EncounterDifficulty, int, int, PF2e.Data.EnemyDefinition[], System.Collections.Generic.List`1[System.String], PF2e.Data.HazardDefinition[]) (F:\dev\Pf2e.Core\Pf2e.Core\Utilities\EncounterGenerator.cs:227)
       [4] PF2e.Data.EncounterDefinition Delve.Run.GeneratedEncounters.Generate(Delve.Run.RunState, Delve.Run.MapNode, System.Func`2[Delve.Data.CreatureRef,PF2e.Data.EnemyDefinition], Delve.Run.EncounterGenRules) (G:\Godot\Gamestorming\delve\scripts\run\GeneratedEncounters.cs:119)
       [5] void Delve.Dev.RunEncounterSpike.CheckSoloRelief(Delve.Autoload.DataManager) (G:\Godot\Gamestorming\delve\scripts\dev\RunEncounterSpike.cs:243)
       [6] System.Threading.Tasks.Task Delve.Dev.RunEncounterSpike.RunSpikeAsync(Delve.Autoload.DataManager) (G:\Godot\Gamestorming\delve\scripts\dev\RunEncounterSpike.cs:42)
       [7] void Delve.Dev.SpikeBase+<RunAsync>d__10.MoveNext() (G:\Godot\Gamestorming\delve\scripts\dev\SpikeBase.cs:53)
       [8] void System.Runtime.CompilerServices.AsyncMethodBuilderCore.Start<TStateMachine>(TStateMachine&)
       [9] System.Threading.Tasks.Task Delve.Dev.SpikeBase.RunAsync()
       [10] void Delve.Dev.SpikeBase._Ready() (G:\Godot\Gamestorming\delve\scripts\dev\SpikeBase.cs:38)
       [11] bool Godot.Node.InvokeGodotClassMethod(Godot.NativeInterop.godot_string_name&, Godot.NativeInterop.NativeVariantPtrArgs, Godot.NativeInterop.godot_variant&) (/root/godot/modules/mono/glue/GodotSharp/GodotSharp/Generated/GodotObjects/Node.cs:2646)
       [12] bool Delve.Dev.SpikeBase.InvokeGodotClassMethod(Godot.NativeInterop.godot_string_name&, Godot.NativeInterop.NativeVariantPtrArgs, Godot.NativeInterop.godot_variant&) (G:\Godot\Gamestorming\delve\.godot\mono\temp\obj\Debug\Godot.SourceGenerators\Godot.SourceGenerators.ScriptMethodsGenerator\Delve.Dev.SpikeBase_ScriptMethods.generated.cs:80)
       [13] bool Delve.Dev.RunEncounterSpike.InvokeGodotClassMethod(Godot.NativeInterop.godot_string_name&, Godot.NativeInterop.NativeVariantPtrArgs, Godot.NativeInterop.godot_variant&) (G:\Godot\Gamestorming\delve\.godot\mono\temp\obj\Debug\Godot.SourceGenerators\Godot.SourceGenerators.ScriptMethodsGenerator\Delve.Dev.RunEncounterSpike_ScriptMethods.generated.cs:140)
       [14] Godot.NativeInterop.godot_bool Godot.Bridge.CSharpInstanceBridge.Call(nint, Godot.NativeInterop.godot_string_name*, Godot.NativeInterop.godot_variant**, int, Godot.NativeInterop.godot_variant_call_error*, Godot.NativeInterop.godot_variant*) (/root/godot/modules/mono/glue/GodotSharp/GodotSharp/Core/Bridge/CSharpInstanceBridge.cs:24)
WARNING: [PF2e WARN] EncounterGenerator: No templates match Trivial (10 XP). Falling back to budget fill.
   at: void Delve.Autoload.DataManager+<>c.<WireLogging>b__27_1(string) (res://scripts/autoload/DataManager.cs:131)
   C# backtrace (most recent call first):
       [0] void Godot.GD.PushWarning(string) (/root/godot/modules/mono/glue/GodotSharp/GodotSharp/Core/GD.cs:396)
       [1] void Delve.Autoload.DataManager+<>c.<WireLogging>b__27_1(string) (G:\Godot\Gamestorming\delve\scripts\autoload\DataManager.cs:131)
       [2] void PF2e.Log.Warn(object) (F:\dev\Pf2e.Core\Pf2e.Core\Core\Log.cs:23)
       [3] PF2e.Data.EncounterDefinition PF2e.Utilities.EncounterGenerator.GenerateEncounter(PF2e.Data.EncounterDifficulty, int, int, PF2e.Data.EnemyDefinition[], System.Collections.Generic.List`1[System.String], PF2e.Data.HazardDefinition[]) (F:\dev\Pf2e.Core\Pf2e.Core\Utilities\EncounterGenerator.cs:209)
       [4] PF2e.Data.EncounterDefinition Delve.Run.GeneratedEncounters.Generate(Delve.Run.RunState, Delve.Run.MapNode, System.Func`2[Delve.Data.CreatureRef,PF2e.Data.EnemyDefinition], Delve.Run.EncounterGenRules) (G:\Godot\Gamestorming\delve\scripts\run\GeneratedEncounters.cs:119)
       [5] void Delve.Dev.RunEncounterSpike.CheckSoloRelief(Delve.Autoload.DataManager) (G:\Godot\Gamestorming\delve\scripts\dev\RunEncounterSpike.cs:243)
       [6] System.Threading.Tasks.Task Delve.Dev.RunEncounterSpike.RunSpikeAsync(Delve.Autoload.DataManager) (G:\Godot\Gamestorming\delve\scripts\dev\RunEncounterSpike.cs:42)
       [7] void Delve.Dev.SpikeBase+<RunAsync>d__10.MoveNext() (G:\Godot\Gamestorming\delve\scripts\dev\SpikeBase.cs:53)
       [8] void System.Runtime.CompilerServices.AsyncMethodBuilderCore.Start<TStateMachine>(TStateMachine&)
       [9] System.Threading.Tasks.Task Delve.Dev.SpikeBase.RunAsync()
       [10] void Delve.Dev.SpikeBase._Ready() (G:\Godot\Gamestorming\delve\scripts\dev\SpikeBase.cs:38)
       [11] bool Godot.Node.InvokeGodotClassMethod(Godot.NativeInterop.godot_string_name&, Godot.NativeInterop.NativeVariantPtrArgs, Godot.NativeInterop.godot_variant&) (/root/godot/modules/mono/glue/GodotSharp/GodotSharp/Generated/GodotObjects/Node.cs:2646)
       [12] bool Delve.Dev.SpikeBase.InvokeGodotClassMethod(Godot.NativeInterop.godot_string_name&, Godot.NativeInterop.NativeVariantPtrArgs, Godot.NativeInterop.godot_variant&) (G:\Godot\Gamestorming\delve\.godot\mono\temp\obj\Debug\Godot.SourceGenerators\Godot.SourceGenerators.ScriptMethodsGenerator\Delve.Dev.SpikeBase_ScriptMethods.generated.cs:80)
       [13] bool Delve.Dev.RunEncounterSpike.InvokeGodotClassMethod(Godot.NativeInterop.godot_string_name&, Godot.NativeInterop.NativeVariantPtrArgs, Godot.NativeInterop.godot_variant&) (G:\Godot\Gamestorming\delve\.godot\mono\temp\obj\Debug\Godot.SourceGenerators\Godot.SourceGenerators.ScriptMethodsGenerator\Delve.Dev.RunEncounterSpike_ScriptMethods.generated.cs:140)
       [14] Godot.NativeInterop.godot_bool Godot.Bridge.CSharpInstanceBridge.Call(nint, Godot.NativeInterop.godot_string_name*, Godot.NativeInterop.godot_variant**, int, Godot.NativeInterop.godot_variant_call_error*, Godot.NativeInterop.godot_variant*) (/root/godot/modules/mono/glue/GodotSharp/GodotSharp/Core/Bridge/CSharpInstanceBridge.cs:24)
WARNING: [PF2e WARN] EncounterGenerator: No template could be filled for Lv2 party. Falling back to budget fill.
   at: void Delve.Autoload.DataManager+<>c.<WireLogging>b__27_1(string) (res://scripts/autoload/DataManager.cs:131)
   C# backtrace (most recent call first):
       [0] void Godot.GD.PushWarning(string) (/root/godot/modules/mono/glue/GodotSharp/GodotSharp/Core/GD.cs:396)
       [1] void Delve.Autoload.DataManager+<>c.<WireLogging>b__27_1(string) (G:\Godot\Gamestorming\delve\scripts\autoload\DataManager.cs:131)
       [2] void PF2e.Log.Warn(object) (F:\dev\Pf2e.Core\Pf2e.Core\Core\Log.cs:23)
       [3] PF2e.Data.EncounterDefinition PF2e.Utilities.EncounterGenerator.GenerateEncounter(PF2e.Data.EncounterDifficulty, int, int, PF2e.Data.EnemyDefinition[], System.Collections.Generic.List`1[System.String], PF2e.Data.HazardDefinition[]) (F:\dev\Pf2e.Core\Pf2e.Core\Utilities\EncounterGenerator.cs:227)
       [4] PF2e.Data.EncounterDefinition Delve.Run.GeneratedEncounters.Generate(Delve.Run.RunState, Delve.Run.MapNode, System.Func`2[Delve.Data.CreatureRef,PF2e.Data.EnemyDefinition], Delve.Run.EncounterGenRules) (G:\Godot\Gamestorming\delve\scripts\run\GeneratedEncounters.cs:119)
       [5] void Delve.Dev.RunEncounterSpike.CheckSoloRelief(Delve.Autoload.DataManager) (G:\Godot\Gamestorming\delve\scripts\dev\RunEncounterSpike.cs:243)
       [6] System.Threading.Tasks.Task Delve.Dev.RunEncounterSpike.RunSpikeAsync(Delve.Autoload.DataManager) (G:\Godot\Gamestorming\delve\scripts\dev\RunEncounterSpike.cs:42)
       [7] void Delve.Dev.SpikeBase+<RunAsync>d__10.MoveNext() (G:\Godot\Gamestorming\delve\scripts\dev\SpikeBase.cs:53)
       [8] void System.Runtime.CompilerServices.AsyncMethodBuilderCore.Start<TStateMachine>(TStateMachine&)
       [9] System.Threading.Tasks.Task Delve.Dev.SpikeBase.RunAsync()
       [10] void Delve.Dev.SpikeBase._Ready() (G:\Godot\Gamestorming\delve\scripts\dev\SpikeBase.cs:38)
       [11] bool Godot.Node.InvokeGodotClassMethod(Godot.NativeInterop.godot_string_name&, Godot.NativeInterop.NativeVariantPtrArgs, Godot.NativeInterop.godot_variant&) (/root/godot/modules/mono/glue/GodotSharp/GodotSharp/Generated/GodotObjects/Node.cs:2646)
       [12] bool Delve.Dev.SpikeBase.InvokeGodotClassMethod(Godot.NativeInterop.godot_string_name&, Godot.NativeInterop.NativeVariantPtrArgs, Godot.NativeInterop.godot_variant&) (G:\Godot\Gamestorming\delve\.godot\mono\temp\obj\Debug\Godot.SourceGenerators\Godot.SourceGenerators.ScriptMethodsGenerator\Delve.Dev.SpikeBase_ScriptMethods.generated.cs:80)
       [13] bool Delve.Dev.RunEncounterSpike.InvokeGodotClassMethod(Godot.NativeInterop.godot_string_name&, Godot.NativeInterop.NativeVariantPtrArgs, Godot.NativeInterop.godot_variant&) (G:\Godot\Gamestorming\delve\.godot\mono\temp\obj\Debug\Godot.SourceGenerators\Godot.SourceGenerators.ScriptMethodsGenerator\Delve.Dev.RunEncounterSpike_ScriptMethods.generated.cs:140)
       [14] Godot.NativeInterop.godot_bool Godot.Bridge.CSharpInstanceBridge.Call(nint, Godot.NativeInterop.godot_string_name*, Godot.NativeInterop.godot_variant**, int, Godot.NativeInterop.godot_variant_call_error*, Godot.NativeInterop.godot_variant*) (/root/godot/modules/mono/glue/GodotSharp/GodotSharp/Core/Bridge/CSharpInstanceBridge.cs:24)
WARNING: [PF2e WARN] EncounterGenerator: No template could be filled for Lv2 party. Falling back to budget fill.
   at: void Delve.Autoload.DataManager+<>c.<WireLogging>b__27_1(string) (res://scripts/autoload/DataManager.cs:131)
   C# backtrace (most recent call first):
       [0] void Godot.GD.PushWarning(string) (/root/godot/modules/mono/glue/GodotSharp/GodotSharp/Core/GD.cs:396)
       [1] void Delve.Autoload.DataManager+<>c.<WireLogging>b__27_1(string) (G:\Godot\Gamestorming\delve\scripts\autoload\DataManager.cs:131)
       [2] void PF2e.Log.Warn(object) (F:\dev\Pf2e.Core\Pf2e.Core\Core\Log.cs:23)
       [3] PF2e.Data.EncounterDefinition PF2e.Utilities.EncounterGenerator.GenerateEncounter(PF2e.Data.EncounterDifficulty, int, int, PF2e.Data.EnemyDefinition[], System.Collections.Generic.List`1[System.String], PF2e.Data.HazardDefinition[]) (F:\dev\Pf2e.Core\Pf2e.Core\Utilities\EncounterGenerator.cs:227)
       [4] PF2e.Data.EncounterDefinition Delve.Run.GeneratedEncounters.Generate(Delve.Run.RunState, Delve.Run.MapNode, System.Func`2[Delve.Data.CreatureRef,PF2e.Data.EnemyDefinition], Delve.Run.EncounterGenRules) (G:\Godot\Gamestorming\delve\scripts\run\GeneratedEncounters.cs:119)
       [5] void Delve.Dev.RunEncounterSpike.CheckSoloRelief(Delve.Autoload.DataManager) (G:\Godot\Gamestorming\delve\scripts\dev\RunEncounterSpike.cs:243)
       [6] System.Threading.Tasks.Task Delve.Dev.RunEncounterSpike.RunSpikeAsync(Delve.Autoload.DataManager) (G:\Godot\Gamestorming\delve\scripts\dev\RunEncounterSpike.cs:42)
       [7] void Delve.Dev.SpikeBase+<RunAsync>d__10.MoveNext() (G:\Godot\Gamestorming\delve\scripts\dev\SpikeBase.cs:53)
       [8] void System.Runtime.CompilerServices.AsyncMethodBuilderCore.Start<TStateMachine>(TStateMachine&)
       [9] System.Threading.Tasks.Task Delve.Dev.SpikeBase.RunAsync()
       [10] void Delve.Dev.SpikeBase._Ready() (G:\Godot\Gamestorming\delve\scripts\dev\SpikeBase.cs:38)
       [11] bool Godot.Node.InvokeGodotClassMethod(Godot.NativeInterop.godot_string_name&, Godot.NativeInterop.NativeVariantPtrArgs, Godot.NativeInterop.godot_variant&) (/root/godot/modules/mono/glue/GodotSharp/GodotSharp/Generated/GodotObjects/Node.cs:2646)
       [12] bool Delve.Dev.SpikeBase.InvokeGodotClassMethod(Godot.NativeInterop.godot_string_name&, Godot.NativeInterop.NativeVariantPtrArgs, Godot.NativeInterop.godot_variant&) (G:\Godot\Gamestorming\delve\.godot\mono\temp\obj\Debug\Godot.SourceGenerators\Godot.SourceGenerators.ScriptMethodsGenerator\Delve.Dev.SpikeBase_ScriptMethods.generated.cs:80)
       [13] bool Delve.Dev.RunEncounterSpike.InvokeGodotClassMethod(Godot.NativeInterop.godot_string_name&, Godot.NativeInterop.NativeVariantPtrArgs, Godot.NativeInterop.godot_variant&) (G:\Godot\Gamestorming\delve\.godot\mono\temp\obj\Debug\Godot.SourceGenerators\Godot.SourceGenerators.ScriptMethodsGenerator\Delve.Dev.RunEncounterSpike_ScriptMethods.generated.cs:140)
       [14] Godot.NativeInterop.godot_bool Godot.Bridge.CSharpInstanceBridge.Call(nint, Godot.NativeInterop.godot_string_name*, Godot.NativeInterop.godot_variant**, int, Godot.NativeInterop.godot_variant_call_error*, Godot.NativeInterop.godot_variant*) (/root/godot/modules/mono/glue/GodotSharp/GodotSharp/Core/Bridge/CSharpInstanceBridge.cs:24)
  [PASS] a solo party's fights drop a tier (13 nodes)
  [PASS] a solo fight is never bigger than the same node's full-party fight (0 bigger)
  [PASS] a lone character gets the smallest board
  [PASS] the board grows with every companion
  [PASS] a full party still fits inside the biome's own size
  [PASS] a party over full size does not keep growing the board
WARNING: [PF2e WARN] PathRoutePhase: no route from (3, 6) to (8, 6) in biome 'Forest'. Path contract cannot be honored.
   at: void Delve.Autoload.DataManager+<>c.<WireLogging>b__27_1(string) (res://scripts/autoload/DataManager.cs:131)
   C# backtrace (most recent call first):
       [0] void Godot.GD.PushWarning(string) (/root/godot/modules/mono/glue/GodotSharp/GodotSharp/Core/GD.cs:396)
       [1] void Delve.Autoload.DataManager+<>c.<WireLogging>b__27_1(string) (G:\Godot\Gamestorming\delve\scripts\autoload\DataManager.cs:131)
       [2] void PF2e.Log.Warn(object) (F:\dev\Pf2e.Core\Pf2e.Core\Core\Log.cs:23)
       [3] void PF2e.MapGen.Phases.PathRoutePhase.Run(PF2e.MapGen.MapGenerationContext) (F:\dev\Pf2e.Core\Pf2e.Core\MapGen\Pipeline\Phases\PathRoutePhase.cs:50)
       [4] PF2e.MapGen.MapLayout PF2e.MapGen.MapGenerator.Generate(PF2e.MapGen.Biomes.BiomeDefinition, PF2e.MapGen.MapGenerationParams, int) (F:\dev\Pf2e.Core\Pf2e.Core\MapGen\MapGenerator.cs:63)
       [5] PF2e.MapGen.MapLayout PF2e.MapGen.MapGenerator.GenerateValidated(string, int, PF2e.MapGen.MapGenerationParams, int) (F:\dev\Pf2e.Core\Pf2e.Core\MapGen\MapGenerator.cs:130)
       [6] void Delve.Dev.RunEncounterSpike.CheckBoardSize(Delve.Autoload.DataManager) (G:\Godot\Gamestorming\delve\scripts\dev\RunEncounterSpike.cs:292)
       [7] System.Threading.Tasks.Task Delve.Dev.RunEncounterSpike.RunSpikeAsync(Delve.Autoload.DataManager) (G:\Godot\Gamestorming\delve\scripts\dev\RunEncounterSpike.cs:43)
       [8] void Delve.Dev.SpikeBase+<RunAsync>d__10.MoveNext() (G:\Godot\Gamestorming\delve\scripts\dev\SpikeBase.cs:53)
       [9] void System.Runtime.CompilerServices.AsyncMethodBuilderCore.Start<TStateMachine>(TStateMachine&)
       [10] System.Threading.Tasks.Task Delve.Dev.SpikeBase.RunAsync()
       [11] void Delve.Dev.SpikeBase._Ready() (G:\Godot\Gamestorming\delve\scripts\dev\SpikeBase.cs:38)
       [12] bool Godot.Node.InvokeGodotClassMethod(Godot.NativeInterop.godot_string_name&, Godot.NativeInterop.NativeVariantPtrArgs, Godot.NativeInterop.godot_variant&) (/root/godot/modules/mono/glue/GodotSharp/GodotSharp/Generated/GodotObjects/Node.cs:2646)
       [13] bool Delve.Dev.SpikeBase.InvokeGodotClassMethod(Godot.NativeInterop.godot_string_name&, Godot.NativeInterop.NativeVariantPtrArgs, Godot.NativeInterop.godot_variant&) (G:\Godot\Gamestorming\delve\.godot\mono\temp\obj\Debug\Godot.SourceGenerators\Godot.SourceGenerators.ScriptMethodsGenerator\Delve.Dev.SpikeBase_ScriptMethods.generated.cs:80)
       [14] bool Delve.Dev.RunEncounterSpike.InvokeGodotClassMethod(Godot.NativeInterop.godot_string_name&, Godot.NativeInterop.NativeVariantPtrArgs, Godot.NativeInterop.godot_variant&) (G:\Godot\Gamestorming\delve\.godot\mono\temp\obj\Debug\Godot.SourceGenerators\Godot.SourceGenerators.ScriptMethodsGenerator\Delve.Dev.RunEncounterSpike_ScriptMethods.generated.cs:140)
       [15] Godot.NativeInterop.godot_bool Godot.Bridge.CSharpInstanceBridge.Call(nint, Godot.NativeInterop.godot_string_name*, Godot.NativeInterop.godot_variant**, int, Godot.NativeInterop.godot_variant_call_error*, Godot.NativeInterop.godot_variant*) (/root/godot/modules/mono/glue/GodotSharp/GodotSharp/Core/Bridge/CSharpInstanceBridge.cs:24)
  [PASS] a solo board is never bigger than the full party's (0 bigger)
  [PASS] no board goes under the minimum side (0 under)
  [PASS] every solo board still deploys both teams (0 bad)
WARNING: [PF2e WARN] EncounterGenerator: No template could be filled for Lv2 party. Falling back to budget fill.
   at: void Delve.Autoload.DataManager+<>c.<WireLogging>b__27_1(string) (res://scripts/autoload/DataManager.cs:131)
   C# backtrace (most recent call first):
       [0] void Godot.GD.PushWarning(string) (/root/godot/modules/mono/glue/GodotSharp/GodotSharp/Core/GD.cs:396)
       [1] void Delve.Autoload.DataManager+<>c.<WireLogging>b__27_1(string) (G:\Godot\Gamestorming\delve\scripts\autoload\DataManager.cs:131)
       [2] void PF2e.Log.Warn(object) (F:\dev\Pf2e.Core\Pf2e.Core\Core\Log.cs:23)
       [3] PF2e.Data.EncounterDefinition PF2e.Utilities.EncounterGenerator.GenerateEncounter(PF2e.Data.EncounterDifficulty, int, int, PF2e.Data.EnemyDefinition[], System.Collections.Generic.List`1[System.String], PF2e.Data.HazardDefinition[]) (F:\dev\Pf2e.Core\Pf2e.Core\Utilities\EncounterGenerator.cs:227)
       [4] PF2e.Data.EncounterDefinition Delve.Run.GeneratedEncounters.Generate(Delve.Run.RunState, Delve.Run.MapNode, System.Func`2[Delve.Data.CreatureRef,PF2e.Data.EnemyDefinition], Delve.Run.EncounterGenRules) (G:\Godot\Gamestorming\delve\scripts\run\GeneratedEncounters.cs:119)
       [5] Delve.Combat.CombatSetup Delve.Run.EncounterFactory.Build(Delve.Run.RunState, Delve.Run.MapNode, System.Func`2[Delve.Data.CreatureRef,PF2e.Data.EnemyDefinition], Delve.Run.EncounterGenRules, PF2e.Core.PF2eCharacter) (G:\Godot\Gamestorming\delve\scripts\run\EncounterFactory.cs:39)
       [6] void Delve.Dev.RunEncounterSpike.CheckBoardSize(Delve.Autoload.DataManager) (G:\Godot\Gamestorming\delve\scripts\dev\RunEncounterSpike.cs:307)
       [7] System.Threading.Tasks.Task Delve.Dev.RunEncounterSpike.RunSpikeAsync(Delve.Autoload.DataManager) (G:\Godot\Gamestorming\delve\scripts\dev\RunEncounterSpike.cs:43)
       [8] void Delve.Dev.SpikeBase+<RunAsync>d__10.MoveNext() (G:\Godot\Gamestorming\delve\scripts\dev\SpikeBase.cs:53)
       [9] void System.Runtime.CompilerServices.AsyncMethodBuilderCore.Start<TStateMachine>(TStateMachine&)
       [10] System.Threading.Tasks.Task Delve.Dev.SpikeBase.RunAsync()
       [11] void Delve.Dev.SpikeBase._Ready() (G:\Godot\Gamestorming\delve\scripts\dev\SpikeBase.cs:38)
       [12] bool Godot.Node.InvokeGodotClassMethod(Godot.NativeInterop.godot_string_name&, Godot.NativeInterop.NativeVariantPtrArgs, Godot.NativeInterop.godot_variant&) (/root/godot/modules/mono/glue/GodotSharp/GodotSharp/Generated/GodotObjects/Node.cs:2646)
       [13] bool Delve.Dev.SpikeBase.InvokeGodotClassMethod(Godot.NativeInterop.godot_string_name&, Godot.NativeInterop.NativeVariantPtrArgs, Godot.NativeInterop.godot_variant&) (G:\Godot\Gamestorming\delve\.godot\mono\temp\obj\Debug\Godot.SourceGenerators\Godot.SourceGenerators.ScriptMethodsGenerator\Delve.Dev.SpikeBase_ScriptMethods.generated.cs:80)
       [14] bool Delve.Dev.RunEncounterSpike.InvokeGodotClassMethod(Godot.NativeInterop.godot_string_name&, Godot.NativeInterop.NativeVariantPtrArgs, Godot.NativeInterop.godot_variant&) (G:\Godot\Gamestorming\delve\.godot\mono\temp\obj\Debug\Godot.SourceGenerators\Godot.SourceGenerators.ScriptMethodsGenerator\Delve.Dev.RunEncounterSpike_ScriptMethods.generated.cs:140)
       [15] Godot.NativeInterop.godot_bool Godot.Bridge.CSharpInstanceBridge.Call(nint, Godot.NativeInterop.godot_string_name*, Godot.NativeInterop.godot_variant**, int, Godot.NativeInterop.godot_variant_call_error*, Godot.NativeInterop.godot_variant*) (/root/godot/modules/mono/glue/GodotSharp/GodotSharp/Core/Bridge/CSharpInstanceBridge.cs:24)
  [PASS] a solo fight builds on the smaller board (12x12)
  [PASS] three Elite spawns leave the cached definition pristine
  [PASS] an Elite's Health caches the adjusted MaxHP
  [PASS] a Normal spawn after Elites matches the untouched definition
  [PASS] boss 'dire-wolf-lair' holds its authored budget (120 XP at 4@3: Severe)
  [PASS] boss 'regents-grove' holds its authored budget (110 XP at 4@6: Moderate)
  [PASS] boss 'depths-warden' holds its authored budget (120 XP at 4@10: Severe)
  [PASS] floor 1 boss at full ward is the authored lair: Elite Dire Wolf + 3 Wolves (ward ignored)
  [PASS] a short rest burns 15 ward
  [PASS] three blocks burn 45 ward, with no daily cap to stop them
  [PASS] a rest that would put the ward out is refused, ward untouched
  [PASS] a Campsite night restores 25 ward
  [PASS] the Campsite refill never exceeds the maximum
  [PASS] upshift reaches +3 when the ward is nearly gone
  [PASS] beating a floor boss restores the ward in full
  [PASS] XP below the threshold levels nobody
  [PASS] crossing the threshold levels the whole party in place
  [PASS] the level-up raises max HP and preserves damage taken
  [PASS] a newcomer joins at the leveled party's level
  [PASS] a huge award caps the party at level 10
  [PASS] a built fight carries a positive XP award
---------------------------------------------------------
[RunEncounterSpike] checks: 48, failures: 0
SPIKE RESULT: PASS
