Name	Set	ImageFile	Number	Level	Rarity	Style	Type	PUR	PowerLvl	Text
Orange Standing Fist Punch	SaiyanSaga	ss001	001		C	Orange	Physical Combat			Physical Attack. Raise card user's anger level 1.
Orange One Knuckle Punch	SaiyanSaga	ss002	002		C	Orange	Physical Combat			Physical Attack doing +1 stage of damage if successful. Raise card user's anger level 1.
Orange Two Knuckle Punch	SaiyanSaga	ss003	003		C	Orange	Physical Combat			Physical Attack doing +1 stage of damage if successful. Raise card user's anger level 1.
Orange Leg Sweep	SaiyanSaga	ss004	004		C	Orange	Physical Combat			Physical Attack. Raise card user's anger level 1.
Orange Arm Bar	SaiyanSaga	ss005	005		C	Orange	Physical Combat			Physical Attack doing +3 stages of damage if succesful. Raise card user's anger level 1.
Red Lunge Punch	SaiyanSaga	ss006	006		C	Red	Physical Combat			Physical Attack. Raise card user's anger level 1.
Red Reverse Punch	SaiyanSaga	ss007	007		C	Red	Physical Combat			Physical Attack doing +3 stages of damage if successful. Raise card user's anger level 1.
Red Knife Hand	SaiyanSaga	ss008	008		C	Red	Physical Combat			Physical Attack doing +3 stages of damage if successful. Raise card user's anger level 1.
Red Palm Heel Strike	SaiyanSaga	ss009	009		C	Red	Physical Combat			Physical Attack doing +3 stages of damage if successful. Raise card user's anger level 1.
Red Elbow Strike	SaiyanSaga	ss010	010		C	Red	Physical Combat			Physical attack. Raise card user's anger level 1.
Blue Forward Foot Sweep	SaiyanSaga	ss011	011		C	Blue	Physical Combat			Physical Attack doing +4 stages of damage. If successful, this attack stops any energy attack from an opponent in the next phase. Lower foe's anger level 1.
Blue Hip Spring Throw	SaiyanSaga	ss012	012		C	Blue	Physical Combat			Physical Attack doing +2 stages of damage if successful. Stops a foe's physical attack on their next round. Lower foe's anger by 1.
Blue Round Throw	SaiyanSaga	ss013	013		C	Blue	Physical Combat			Physical Attack doing +5 stages of damage if successful or stops an energy attack. Lower foe's anger level by 1.
Blue Shoulder Wheel	SaiyanSaga	ss014	014		C	Blue	Physical Combat			Physical Attack doing +1 stage of damage if successful. Raise your anger level 1 and lower foe's anger level by 1.
Earth Dragon Ball 1	SaiyanSaga	ss015	015		C		Dragon Ball			Instantly power up to full and draw a card.
Earth Dragon Ball 2	SaiyanSaga	ss016	016		C		Dragon Ball			All foes have their power ratings changed to 2 stages higher than 0.
Hidden Power Level	SaiyanSaga	ss017	017		C	Colorless	Physical Combat			Physical Attack. Raise your Main Personality to its highest power stage.
Saiyan Arm Throw	SaiyanSaga	ss018	018		C	Saiyan	Physical Combat			Saiyan Heritage only. Physical attack, plus it stops a single named foe from making a physical attack   on his next phase.
Saiyan Full Spin Kick	SaiyanSaga	ss019	019		C	Saiyan	Physical Combat			Saiyan Heritage only. Physical attack, plus it stops a single named foe from making an energy attack on his next phase.
Saiyan Pressure Punch	SaiyanSaga	ss020	020		C	Saiyan	Physical Combat			Saiyan Heritage only. Physical attack doing +3 stages of physical damage if succesful.
Saiyan Neck Hold	SaiyanSaga	ss021	021		C	Saiyan	Physical Combat			Saiyan Heritage only. Physical attack, plus it stops a single named foe from making a physical attack on his next phase. It cost 2 power stages to perform.
Power Up!	SaiyanSaga	ss022	022		C	Colorless	Non-Combat			Powers up 5 stages for a personality, going no higher than their maximum stage. Take the top discarded card and place at the bottom of your life deck.
Burning Rage!	SaiyanSaga	ss023	023		C	Colorless	Non-Combat			Increase your anger level by 2. Take the bottom 2 cards from your discard pile and place them at the bottom of your life deck. Discard this card from the game after use.
Goku's Surprise Attack	SaiyanSaga	ss024	024		C	Named	Physical Combat			Physical attack doing 5 power stages of damage.
Goku's Physical Attack	SaiyanSaga	ss025	025		C	Named	Physical Combat			Physical attack. If successful, draw the bottom card from your discard pile. If used by Goku, it stays in play to be used one more time this Combat. Remove from the game after use. Limit 2 per deck.
Gohan's Physical Attack	SaiyanSaga	ss026	026		C	Named	Physical Combat			Physical attack. Raise your anger 1. Gain 5 power stages.
Tien's Physical Attack	SaiyanSaga	ss027	027		C	Named	Physical Combat			Physical attack doing 5 life card draws if succesful.
Vegeta's Physical Stance	SaiyanSaga	ss028	028		C	Named	Physical Combat			Stops a physical attack, and stop all physical attacks performed against you for the remainder of Combat. Remove from the game after use.
Yajirobe's Physical Attack	SaiyanSaga	ss029	029		C	Named	Physical Combat			Physical attack doing 2 draws from the life deck if not stopped. Remove from game after use.
Fall 7 times, get up 8 times	SaiyanSaga	ss030	030		C	Colorless	Non-Combat			The first successful physical attack on you is stopped. Discard this card from the game after use.
Fortify Your Spirit	SaiyanSaga	ss031	031		C	Colorless	Non-Combat			The first successful energy attack on you is stopped. Discard this card from the game after use.
The Untroubled Mind is Focused	SaiyanSaga	ss032	032		C	Colorless	Non-Combat			Remove someone else's drill card or ally from the game. Discard this card from the game after use.
It's the Little Things That Matter	SaiyanSaga	ss033	033		C	Colorless	Non-Combat			Stop 1 successful energy or physical life card draw from happening. Discard this card from the game after use.
Straining Off-Balancing Move	SaiyanSaga	ss034	034		C	Colorless	Physical Combat			Physical attack forcing the defender to lose 1 life card and the attacker 3 stages of power. Limit 1 per deck.
Straining, Penetrating Attack Move	SaiyanSaga	ss035	035		C	Colorless	Physical Combat			Physical attack forcing the defender to lose 3 life cards and the attacker 3 stages of power. Limit 1 per deck.
Straining Fake Left Move	SaiyanSaga	ss036	036		C	Colorless	Energy Combat			Defensive move preventing up to 3 energy life   cards from being discarded and draining the user 4 stages.
Straining Tripping Move	SaiyanSaga	ss037	037		C	Colorless	Physical Combat			Physical attack forcing the defender to lose 2 life cards and the attacker 4 stages of power. Limit 1 per deck.
Straining Arm Drag Move	SaiyanSaga	ss038	038		C	Colorless	Physical Combat			Physical attack doing 1 life card of damage. You must pass in all remaining phases of Combat.
Straining Ankle Smash Move	SaiyanSaga	ss039	039		C	Colorless	Energy Combat			Use immediately after your opponent attacks you (this can be a physical or energy attack) and pays any costs for that attack. Lower your opponent’s Main Personality 4 power stages immediately when played.
Straining Energy Defense Move	SaiyanSaga	ss040	040		C	Colorless	Energy Combat			Stops an energy attack, but you have to discard another card to use this one.
Straining Head Lock Move	SaiyanSaga	ss041	041		C	Colorless	Physical Combat			Stops a physical attack, but you have to discard another card to use this one.
Straining Rolling Escape Move	SaiyanSaga	ss042	042		C	Colorless	Energy Combat			Stops an energy attack, but the user cannot make any attacks for the rest of this combat.
Senzu Bean	SaiyanSaga	ss043	043		C	Colorless	Non-combat			When you place this card in play, immediately raise your Main Personality to its highest power stage. Remove from the game after use.
Goku Body Throw!	SaiyanSaga	ss044	044		C	Named	Physical Combat			Physical attack doing 1 life card of damage.
Saiyan City Destruction	SaiyanSaga	ss045	045		C	Saiyan	Non-Combat			Villains only. Skip your next Combat step. Place the top 2 cards from your discard pile on the bottom of your Life Deck. Remove from the game after use.
Goku Anger Attack	SaiyanSaga	ss046	046		C	Named	Physical Combat			Doubles the base damage (damage from the Physical Attack Table), before you add modifiers from Drills.
Raditz Total Defense	SaiyanSaga	ss047	047		C	Named	Physical Combat			Stops any physical attack, but costs 1 power stage to perform.
Goku's Touch	SaiyanSaga	ss048	048		C	Named	Non-Combat			After a successful physical attack, take a foe's Dragon Ball. Discard this card after use.
Orange Wrist Flex Takedown	SaiyanSaga	ss049	049		C	Orange	Physical Combat			Stops the foes' physical attack played this round. Raise card user's anger level 1.
Orange Shoulder Throw	SaiyanSaga	ss050	050		C	Orange	Physical Combat			Stops an opponent's physical attack this round. Raise card user's anger level 1.
Orange Hip Throw	SaiyanSaga	ss051	051		C	Orange	Physical Combat			Physical Attack doing +2 stages of damage if successful. Raise card user's anger level 1.
Orange Neck Restraints	SaiyanSaga	ss052	052		C	Orange	Energy Combat			Stops an opponent's energy attack. Foe's anger level decreases by 1.
Orange Holding After Takedown	SaiyanSaga	ss053	053		C	Orange	Physical Combat			Stops opponent's physical attack this round. Foe's anger level decreases by 1.
Red Knee Strike	SaiyanSaga	ss054	054		C	Red	Physical Combat			Stops the foe's physical attack. Raise card user's anger level 1.
Red Front Kick	SaiyanSaga	ss055	055		C	Red	Physical Combat			Physical Attack doing +1 stage of damage if successful. Raise card user's anger level 1.
Red Side Kick	SaiyanSaga	ss056	056		C	Red	Energy Combat			Stop foe's energy attack this round.
Red Round Kick	SaiyanSaga	ss057	057		C	Red	Physical Combat			Physical Attack doing +3 stages of damage if successful. Foe's Anger level decreases by 1.
Red Back Kick	SaiyanSaga	ss058	058		C	Red	Physical Combat			Physical Attack doing +3 stages of damage if successful. Stops all energy attacks for the rest of this combat. Foe's anger level decreases by 1.
Blue Big Outside Drop	SaiyanSaga	ss059	059		C	Blue	Physical Combat			Stops a physical attack. Raise card user's anger level 1.
Blue One-Arm Shoulder Throw	SaiyanSaga	ss060	060		C	Blue	Physical Combat			Stops the foe's physical attack. Lower foe's anger level 1.
Blue Body Drop Throw	SaiyanSaga	ss061	061		U	Blue	Physical Combat			Stops a physical attack. Lower foe's anger level by 1.
Blue Inner Leg Throw	SaiyanSaga	ss062	062		U	Blue	Physical Combat			Stops a physical attack. Lower foe's anger level by 1.
Blue Big Whirl Throw	SaiyanSaga	ss063	063		U	Blue	Energy Combat			Stops an energy attack. Lower foe's anger level by 1.
Blue Ground Holding	SaiyanSaga	ss064	064		U	Blue	Physical Combat			Stops an energy attack. Lower foe's anger level by 1.
Black Fore Fist Punch	SaiyanSaga	ss065	065		U	Black	Energy Combat			Energy Attack doing 6 life card draws of damage and lowering foe's power 3 stages or to 0, which ever happens first.
Black Knife Hand Strike	SaiyanSaga	ss066	066		U	Black	Energy Combat			Energy Attack doing 4 life card draws of damage or stopping any energy attack.
Black Elbow Strike	SaiyanSaga	ss067	067		U	Black	Physical Combat			Stops a foe's physical attack. Raise card user's anger level 1.
Black Front Kick	SaiyanSaga	ss068	068		U	Black	Energy Combat			Energy Attack doing 5 life card draws in damage and costing 4 stages of power to perform. Raise card user's anger level 2.
Black Side Kick	SaiyanSaga	ss069	069		U	Black	Physical Combat			Stops a foe's physical attack. Raise card user's anger level 2.
Black Turning Kick	SaiyanSaga	ss070	070		U	Black	Energy Combat			Energy Attack doing 5 life card draws of damage or stops a physical attack. Raise card user's anger level 1.
Black Back Kick	SaiyanSaga	ss071	071		U	Black	Energy Combat			Energy Attack doing 6 life card draws of damage and costing 5 power stages to perform. Raise card user's anger level 1.
Black Axe Heel Kick	SaiyanSaga	ss072	072		U	Black	Energy Combat			Stops a foe's energy attack. Raise card user's anger level 1.
Black Rear Spin Kick	SaiyanSaga	ss073	073		U	Black	Energy Combat			Stops a foe's energy attack. Raise card user's anger level 1.
Black Jump Turn Kick	SaiyanSaga	ss074	074		U	Black	Energy Combat			Energy Attack. Raise card user's anger level 1.
Earth Dragon Ball 3	SaiyanSaga	ss075	075		U		Dragon Ball			Draw three cards and place the top discarded card at the bottom of your life deck.
Earth Dragon Ball 4	SaiyanSaga	ss076	076		U		Dragon Ball			End the very next combat you are forced into before you sustain damage. Your anger level increases 2.
Earth Dragon Ball 5	SaiyanSaga	ss077	077		U		Dragon Ball			Raise any of your personalities to its highest power stage. Raise your anger 2 levels. Draw 2 cards. Then place the top 2 discarded cards at the bottom of your life deck.
Roshi's Training	SaiyanSaga	ss078	078		U	Named	Non-Combat			Heroes only. The top 3 discarded cards are placed at the bottom of your life deck.
King Kai Training	SaiyanSaga	ss079	079		U	Named	Non-Combat			Heroes only. 2 cards of your choice are placed at the bottom of your life deck.
Saiyan Training	SaiyanSaga	ss080	080		U	Saiyan	Non-Combat			Not useable by heroes except for Goku. 2 discarded cards of the user's choice are placed at the bottom of the life deck.
Saiyan Armor	SaiyanSaga	ss081	081		U	Saiyan	Non-Combat			Prevents 1 life card discard from any successful energy attack that would have normally forced 1 or more discards. Limit one per deck.
Tien (Lvl 1)	SaiyanSaga	ss082	082	1	U		Hero	(1)	(10) 1,000 | (9) 900 | (8) 800 | (7) 700 | (6) 600 | (5) 500 | (4) 400 | (3) 300 | (2) 200 | (1) 100 | (0) 0000	Multi-Form allows two physical attacks, one after another, or a defense against a physical attack preventing 4 stages of successful damage.
Tien (Lvl 2)	SaiyanSaga	ss083	083	2	U		Hero	(2)	(10) 1,400 | (9) 1,300 | (8) 1,200 | (7) 1,100 | (6) 1,000 | (5) 900 | (4) 800 | (3) 700 | (2) 600 | (1) 500 | (0) 0000	Solar Flare Energy Attack: If it is not blocked it stuns the foe, so he must skip his next opportunity to attack back.
Yamcha (Lvl 1)	SaiyanSaga	ss084	084	1	U		Hero	(1)	(10) 1,000 | (9) 900 | (8) 800 | (7) 700 | (6) 600 | (5) 500 | (4) 400 | (3) 300 | (2) 200 | (1) 100 | (0) 0000	Spirit Ball Energy Attack does 2 life card draws of damage.
Yamcha (Lvl 2)	SaiyanSaga	ss085	085	2	U		Hero	(2)	(10) 1,400 | (9) 1,300 | (8) 1,200 | (7) 1,100 | (6) 1,000 | (5) 900 | (4) 800 | (3) 700 | (2) 600 | (1) 500 | (0) 0000	Solar Flare Energy Attack: If it is not blocked it stuns the foe, so he must skip his next opportunity to attack back.
Chi-Chi (Lvl 1)	SaiyanSaga	ss086	086	1	U		Hero	(1)	(10) 1,000 | (9) 900 | (8) 800 | (7) 700 | (6) 600 | (5) 500 | (4) 400 | (3) 300 | (2) 200 | (1) 100 | (0) 0000	Mother's Defense: Once per combat, this can block a single physical attack directed at Gohan or Goku so they are not hurt.
Bulma (Lvl 1)	SaiyanSaga	ss087	087	1	U		Hero	(1)	(10) 1,000 | (9) 900 | (8) 800 | (7) 700 | (6) 600 | (5) 500 | (4) 400 | (3) 300 | (2) 200 | (1) 100 | (0) 0000	Scientific Defense: Reduces the damage done by an energy attack by 2 life card draws.
King Kai Uniform	SaiyanSaga	ss088	088		U	Named	Non-Combat			The uniform prevents 1 life card discard from any successful physical attack that would have normally forced 1 or more discards. Limit one per deck.
Dream Chamber Training	SaiyanSaga	ss089	089		U	Colorless	Non-Combat			Heroes only. 2 discards of the user's choice are placed at the bottom of your life deck. Discard from the game after use.
Mother's Touch	SaiyanSaga	ss090	090		U	Colorless	Combat			Stops a physical or energy attack. Remove from the game after use.
Saiyan Energy Throw	SaiyanSaga	ss091	091		U	Saiyan	Energy Combat			Saiyan Heritage only. Physical Attack. Plus it stops a single named foe from making a physical attack on his next phase.
Saiyan Energy Defense	SaiyanSaga	ss092	092		U	Saiyan	Energy Combat			Saiyan Heritage Only. Stops an energy attack this round.
Saiyan Mental Energy Attack	SaiyanSaga	ss093	093		U	Saiyan	Energy Combat			Saiyan Heritage only. Creates an energy attack inflicting 6 life card draws.
Saiyan Energy Blast	SaiyanSaga	ss094	094		U	Saiyan	Energy Combat			Saiyan Heritage only. Energy attack, plus it stops a single named foe from making a physical attack on his next phase at a cost of 3 stages of power drain.
Saiyan Energy Aura	SaiyanSaga	ss095	095		U	Saiyan	Energy Combat			Saiyan Heritage Only. Stops an energy attack and stops energy attacks in the next phase.
Saiyan Sweeping Defense	SaiyanSaga	ss096	096		U	Saiyan	Physical Combat			Saiyan Heritage only. Stops a physical attack and stops physical attacks in the next phase.
Power Up More!	SaiyanSaga	ss097	097		U	Colorless	Non-Combat			Powers up 6 stages for a personality, going no higher than maximum stage
Power Up the Most!	SaiyanSaga	ss098	098		U	Colorless	Non-Combat			Powers up to the personality's highest stage. Select 2 discarded cards and place them at the bottomof your life deck.
Blazing Anger!	SaiyanSaga	ss099	099		U	Colorless	Non-Combat			Increase your anger level by 2. Take the top 2 cards from your discard pile and place them at the bottom of your life deck.
Vegeta's Suprise Defense	SaiyanSaga	ss100	100		U	Named	Combat			Stop one physical or energy attack from doing damage. Discard this card from the game after one use.
Goku Honor Duel!	SaiyanSaga	ss101	101		U	Named	Non-Combat			Use when entering Combat as the defender. Instead of drawing 3 cards from your life deck, draw the bottom 3 cards from your discard pile. Remove from the game after use.
Raditz Honor Duel!	SaiyanSaga	ss102	102		U	Named	Non-Combat			Use when entering Combat as the defender. Instead of drawing 3 cards from your life deck, draw the bottom 3 cards from your discard pile. Remove from the game after use.
Piccolo Honor Duel!	SaiyanSaga	ss103	103		U	Named	Non-Combat			Use when entering Combat as the defender. Instead of drawing 3 cards from your life deck, draw the bottom 3 cards from your discard pile. Remove from the game after use.
Chiaotzu (Lvl 1)	SaiyanSaga	ss104	104	1	U		Hero	(1)	(10) 1,000 | (9) 900 | (8) 800 | (7) 700 | (6) 600 | (5) 500 | (4) 400 | (3) 300 | (2) 200 | (1) 100 | (0) 0000	Power Blast Energy Attack costs 1 power stage to perform.
Chiaotzu (Lvl 2)	SaiyanSaga	ss105	105	2	U		Hero	(2)	(10) 1,400 | (9) 1,300 | (8) 1,200 | (7) 1,100 | (6) 1,000 | (5) 900 | (4) 800 | (3) 700 | (2) 600 | (1) 500 | (0) 0000	Blast Energy Attack does 6 life cards of damage and removes Chiaotzu from the game.
Yajirobe (Lvl 1)	SaiyanSaga	ss106	106	1	U		Hero	(1)	(10) 1,000 | (9) 900 | (8) 800 | (7) 700 | (6) 600 | (5) 500 | (4) 400 | (3) 300 | (2) 200 | (1) 100 | (0) 0000	Physical Attack.
Yajirobe (Lvl 2)	SaiyanSaga	ss107	107	2	U		Hero	(2)	(10) 1,400 | (9) 1,300 | (8) 1,200 | (7) 1,100 | (6) 1,000 | (5) 900 | (4) 800 | (3) 700 | (2) 600 | (1) 500 | (0) 0000	Energy attack needs 3 power stages to perform.
Goku's Energy Defense	SaiyanSaga	ss108	108		U	Named	Energy Combat			Prevents 3 life cards from being discarded from a successful energy attack. If used by Goku, it stays on the table to be used one more time in this combat.
Piccolo's Energy Attack	SaiyanSaga	ss109	109		U	Named	Energy Combat			Does 6 life card draws of damage and costs 5 stages of power drain to perform.
Piccolo's Physical Defense	SaiyanSaga	ss110	110		U	Named	Physical Combat			Stops a successful physical attack from doing damage and raises Piccolo's power rating by 4, up to his maximum stage.
Gohan's Energy Defense	SaiyanSaga	ss111	111		U	Named	Energy Combat			Stops an energy attack. Raise your anger 1 level.
Krillin's Physical Defense	SaiyanSaga	ss112	112		U	Named	Combat			Play this card as a defense. If your opponent’s attack does life cards of damage to you, you may take the first life card of damage from that attack and place it in your hand instead of discarding it. If used by Krillin, this card stays in play to be used on more time this Combat.
Krillin's Energy Attack	SaiyanSaga	ss113	113		U	Named	Energy Combat			Energy attack doing 2 draws from the life card deck if not stopped. If used by Krillin, this card stays on the table to be used one more time in this combat.
Tien's Energy Defense	SaiyanSaga	ss114	114		U	Named	Energy Combat			Prevents a foe's energy attack.
Yamcha's Energy Attack	SaiyanSaga	ss115	115		U	Named	Energy Combat			Energy attack doing 2 life card draws of damage. Costs 3 power stages to perform.
Yamcha's Physical Defense	SaiyanSaga	ss116	116		U	Named	Physical Combat			Prevents 3 life cards from being taken in a successful physical attack.
Raditz Energy Wall	SaiyanSaga	ss117	117		U	Named	Combat			Forces a Hero opponent in this combat to discard 1 life card from his deck. Discard this card from the game after use.
Raditz Physical Defense	SaiyanSaga	ss118	118		U	Named	Combat			Forces Hero opponent in this combat to take his anger level down 2. Discard this card from the game ater use.
Vegeta's Energy Blast	SaiyanSaga	ss119	119		U	Named	Combat			Saiyan Heritage only. Use when needed. This must be your first card played during Combat. Raise your Main Personality to its highest power stage. Remove from the game after use.
Nappa's Energy Aura	SaiyanSaga	ss120	120		U	Named	Energy Combat			Stops an energy attack, and stop all energy attacks performed against you for the remainder of Combat. Remove from the game after use.
Nappa's Physical Resistance	SaiyanSaga	ss121	121		U	Named	Physical Combat			Stops a physical attack, and stop all physical attacks performed against you for the remainder of Combat. Remove from the game after use.
Yajirobe's Energy Attack	SaiyanSaga	ss122	122		U	Named	Energy Combat			Energy attack forcing 1 draw from the life deck if not stopped. Remove from game after use.
Chiaotzu's Energy Manipulation	SaiyanSaga	ss123	123		U	Named	Energy Combat			Energy attack forcing 3 draws from the life deck. Remove from the game after use. Card limited to 1 per deck.
Red Penetrating Defense Drill	SaiyanSaga	ss124	124		U	Red	Non-Combat			Stops 2 stages of power from being drained by any physical attack.
Blue Off-Balancing Opponent Drill	SaiyanSaga	ss125	125		U	Blue	Non-Combat			All of your physical attacks do +1 power stages of damage.
Orange Lifting Drill	SaiyanSaga	ss126	126		U	Orange	Non-Combat			Once per Combat, in place of an attack, during your turn, discard all of your opponents’ Drills. Limit 1 per deck.
Black Takedown Drill	SaiyanSaga	ss127	127		U	Black	Non-Combat			Once per Combat, you may draw a card after performing a successful attack.
Red Knee Pick Drill	SaiyanSaga	ss128	128		U	Red	Non-Combat			When entering Combat as the attacker, you may draw a card.
Blue Deceiving Drill	SaiyanSaga	ss129	129		U	Blue	Non-Combat			When entering combat as the defender, you may gain up to 3 power stages.
Orange Tripping Drill	SaiyanSaga	ss130	130		U	Orange	Non-Combat			All energy attacks performed against you, do 1 less life card of damage, to a minimum of 0.
Black Bear Hug Drill	SaiyanSaga	ss131	131		U	Black	Non-Combat			All of your physical attacks do +2 power stages of damage.
Red Rolling Drill	SaiyanSaga	ss132	132		U	Red	Non-Combat			All energy attacks performed against you do 1 less life card of damage, to a minimum of 0.
Blue Reversal Drill	SaiyanSaga	ss133	133		U	Blue	Non-Combat			Do the exact same physical attack you defended against during your defending round of combat, once per combat.
Orange Off-Balancing Drill	SaiyanSaga	ss134	134		U	Orange	Non-Combat			Stop the first physical attack made on you in a combat.
Black Arm Bar Drill	SaiyanSaga	ss135	135		U	Black	Non-Combat			Stops the first energy attack made on you in a combat. Can't be used with any Orange drills in play anywhere on the table.
Black Free-Style Drill	SaiyanSaga	ss136	136		U	Black	Non-Combat			After receiving damage from an energy attack, you may draw the bottom card of your discard pile. Cannot be used with any other Black Drills in play.
Orange Spontaneous Drill	SaiyanSaga	ss137	137		U	Orange	Non-Combat			When receiving damage from a physical attack, you may draw the bottom card of your discard pile.
Blue Cradle Drill	SaiyanSaga	ss138	138		U	Blue	Non-Combat			For every life card you lose in combat, your foe loses 1 power stage, down to (0).
Red Wrist Control Drill	SaiyanSaga	ss139	139		U	Red	Non-Combat			For every 3 stages of power you lose per attack, your oppoonent loses 1 power stage, down to (0).
Red Reading Drill	SaiyanSaga	ss140	140		U	Red	Non-Combat			Foreknowledge allows the personality to take 1 less life card discard, once for the entire set of combat rounds.
Blue Enemies Drill	SaiyanSaga	ss141	141		U	Blue	Non-Combat			Allows the personality to defend well against physical attacks and prevents 1 life card discard per combat, if the foe has an ally.
Orange Energy Drill	SaiyanSaga	ss142	142		U	Orange	Non-Combat			Allows the defender to take 1 less life card discard from every energy attack. Cannot be used with other Orange Drills in play on the table.
Black Physical Drill	SaiyanSaga	ss143	143		U	Black	Non-Combat			Allows the defender to take 1 less life card discard from every physical attack. Can't be used with other Black drills in play on the table.
Red Coordination Drill	SaiyanSaga	ss144	144		U	Red	Non-Combat			Allows the defender to draw an extra card at the beginning of any combat if he desires.
Blue Breakfall Drill	SaiyanSaga	ss145	145		U	Blue	Non-Combat			Allows the defender to take 2 less stages of power drain from any physical attack.
Orange Body Shifting Drill	SaiyanSaga	ss146	146		U	Orange	Non-Combat			Allows the attacker to pay 1 stage instead of 2 on any energy attack.
Black Striking Drill	SaiyanSaga	ss147	147		U	Black	Non-Combat			Allows the attacker to do 2 extra stages of power damage with every successful physical attack.
Red Pressure Point Drill	SaiyanSaga	ss148	148		U	Red	Non-Combat			Allows the attacker to do 1 extra life card of damage with every successful energy attack. Cannot be used with other Red Drills in play on the table.
Meditation Drill	SaiyanSaga	ss149	149		U	Colorless	Non-Combat			Allows the player to shuffle their life deck or discards just before any announced combat.
Blue Neck Restraint Drill	SaiyanSaga	ss150	150		U	Blue	Non-Combat			Allows the attacker to inflict +3 stages of damage from any successful physical attack. Cannot be used with any other Blue drills in play on the table.
Orange Joint Restraint Drill	SaiyanSaga	ss151	151		U	Orange	Non-Combat			Allows the attacker to inflict +4 stages of damage from any successful physical attack.
Black Defender Drill	SaiyanSaga	ss152	152		U	Black	Non-Combat			Allows the defender to take 1 less life card draw from damage on any successful energy attack.
Goku Energy Blast!	SaiyanSaga	ss153	153		U	Named	Energy Combat			Energy defense stopping a foe's physical attack. Discard from the game after use.
Piccolo Sidestep	SaiyanSaga	ss154	154		U	Named	Energy Combat			Stop this energy attack. Discard from the game after use.
Piccolo Defense Drill	SaiyanSaga	ss155	155		U	Named	Non-Combat			Prevents 1 life card from being discarded from a successful energy attack.
Ally's Sacrifice	SaiyanSaga	ss156	156		U	Colorless	Combat			All the damage you would have taken in this combat destroys one of your allies instead.
Eyes of the Dragon	SaiyanSaga	ss157	157		U	Colorless	Non-Combat			After a successful energy attack, this card owner can pick a Dragon Ball out of his deck and capture a Dragon Ball from the damaged foe. Limit 1 per deck.
Goku (Lvl 1)	SaiyanSaga	ss158	158	1	SDP		Hero	(1)	(10) 1,400 | (9) 1,300 | (8) 1,200 | (7) 1,100 | (6) 1,000 | (5) 900 | (4) 800 | (3) 700 | (2) 600 | (1) 500 | (0) 0000	Kamehameha Energy: Attack does three life card draws and only costs one power stage to perform.
Goku (Lvl 2)	SaiyanSaga	ss159	159	2	SDP		Hero	(2)	(10) 7,700 | (9) 7,200 | (8) 6,700 | (7) 6,200 | (6) 5,700 | (5) 5,200 | (4) 4,700 | (3) 4,200 | (2) 3,700 | (1) 3,200 | (0) 0000	Kaio-Ken Power Level Booster: Physical attack draining 4 power stages no matter what Goku's power is. Do not consult table.
Goku (Lvl 3)	SaiyanSaga	ss160	160	3	SDP		Hero	(3)	(10) 12,500 | (9) 12,000 | (8) 11,500 | (7) 11,000 | (6) 10,500 | (5) 10,000 | (4) 9,500 | (3) 9,000 | (2) 8,000 | (1) 7,500 | (0) 0000	Prevent 2 life card draws form being discarded from a successful energy attack.
Piccolo (Lvl 1)	SaiyanSaga	ss161	161	1	SDP		Hero	(1)	(10) 1,400 | (9) 1,300 | (8) 1,200 | (7) 1,100 | (6) 1,000 | (5) 900 | (4) 800 | (3) 700 | (2) 600 | (1) 500 | (0) 0000	Screw Blast Energy Attack inflicts 2 life card draws of damage.
Piccolo (Lvl 2)	SaiyanSaga	ss162	162	2	SDP		Hero	(2)	(10) 3,200 | (9) 3,100 | (8) 2,900 | (7) 2,700 | (6) 2,500 | (5) 2,300 | (4) 2,100 | (3) 1,900 | (2) 1,700 | (1) 1,500 | (0) 0000	Special Energy Beam Cannon: This energy blast only takes 1 power stage to use and does 2 life card draws of damage.
Piccolo (Lvl 3)	SaiyanSaga	ss163	163	3	SDP		Hero	(3)	(10) 7,700 | (9) 7,200 | (8) 6,700 | (7) 6,200 | (6) 5,700 | (5) 5,200 | (4) 4,700 | (3) 4,200 | (2) 3,700 | (1) 3,200 | (0) 0000	Multi-Form allows two physical attacks, one after another, or a defense against a physical attack preventing 4 stages of successful damage.
Gohan (Lvl 1)	SaiyanSaga	ss164	164	1	SDP		Hero	(1)	(10) 1,000 | (9) 900 | (8) 800 | (7) 700 | (6) 600 | (5) 500 | (4) 400 | (3) 300 | (2) 200 | (1) 100 | (0) 0000	When defending and facing an energy attack, he can raise his anger level once per combat with this power.
Gohan (Lvl 2)	SaiyanSaga	ss165	165	2	SDP		Hero	(2)	(10) 1,400 | (9) 1,300 | (8) 1,200 | (7) 1,100 | (6) 1,000 | (5) 900 | (4) 800 | (3) 700 | (2) 600 | (1) 500 | (0) 0000	Once during the game, he can turn into Kong Gohan, inflicting 8 stages of physical damage in his first round of combat.
Gohan (Lvl 3)	SaiyanSaga	ss166	166	3	SDP		Hero	(3)	(10) 3,200 | (9) 3,100 | (8) 2,900 | (7) 2,700 | (6) 2,500 | (5) 2,300 | (4) 2,100 | (3) 1,900 | (2) 1,700 | (1) 1,500 | (0) 0000	Kamehameha Energy Attack does 3 life card draws and only costs 1 power stage to perform.
Krillin (Lvl 1)	SaiyanSaga	ss167	167	1	SDP		Hero	(1)	(10) 1,000 | (9) 900 | (8) 800 | (7) 700 | (6) 600 | (5) 500 | (4) 400 | (3) 300 | (2) 200 | (1) 100 | (0) 0000	Power Ball Energy Attack: Inflicts 2 life card draws of damage.
Krillin (Lvl 2)	SaiyanSaga	ss168	168	2	SDP		Hero	(2)	(10) 1,400 | (9) 1,300 | (8) 1,200 | (7) 1,100 | (6) 1,000 | (5) 900 | (4) 800 | (3) 700 | (2) 600 | (1) 500 | (0) 0000	Destructo-Disk Energy Attack doing 3 life card draws of damage.
Krillin (Lvl 3)	SaiyanSaga	ss169	169	3	SDP		Hero	(3)	(10) 3,200 | (9) 3,100 | (8) 2,900 | (7) 2,700 | (6) 2,500 | (5) 2,300 | (4) 2,100 | (3) 1,900 | (2) 1,700 | (1) 1,500 | (0) 0000	Take 1 card from the discard pile and place it at the bottom of your life deck.
Raditz (Lvl 1)	SaiyanSaga	ss170	170	1	SDP		Villain	(1)	(10) 2,000 | (9) 1,900 | (8) 1,800 | (7) 1,700 | (6) 1,600 | (5) 1,500 | (4) 1,400 | (3) 1,300 | (2) 1,200 | (1) 1,100 | (0) 0000	Saiyan Energy Deflection forces only two discards from a successful energy attack, no matter how powerful.
Raditz (Lvl 2)	SaiyanSaga	ss171	171	2	SDP		Villain	(2)	(10) 3,800 | (9) 3,600 | (8) 3,400 | (7) 3,200 | (6) 3,000 | (5) 2,800 | (4) 2,600 | (3) 2,400 | (2) 2,200 | (1) 2,000 | (0) 0000	Saiyan Energy Blast does 3 life card draws of damage and costs only 1 power stage to perform.
Raditz (Lvl 3)	SaiyanSaga	ss172	172	3	SDP		Villain	(3)	(10) 8,700 | (9) 8,200 | (8) 7,700 | (7) 7,200 | (6) 6,700 | (5) 6,200 | (4) 5,700 | (3) 5,200 | (2) 4,700 | (1) 4,200 | (0) 0000	Use the Saiyan Energy Blast (from Level 2 Character card) or Saiyan Energy Deflection (from Level 1 Character card).
Vegeta (Lvl 1)	SaiyanSaga	ss173	173	1	SDP		Villain	(2)	(10) 3,800 | (9) 3,600 | (8) 3,400 | (7) 3,200 | (6) 3,000 | (5) 2,800 | (4) 2,600 | (3) 2,400 | (2) 2,200 | (1) 2,000 | (0) 0000	Saiyan Energy Deflection forces only 2 discards form a successful energy attack, no matter how powerful.
Vegeta (Lvl 2)	SaiyanSaga	ss174	174	2	SDP		Villain	(4)	(10) 8,700 | (9) 8,200 | (8) 7,700 | (7) 7,200 | (6) 6,700 | (5) 6,200 | (4) 5,700 | (3) 5,200 | (2) 4,700 | (1) 4,200 | (0) 0000	Saiyan Energy Blast does 3 life card draws of damage and costs only 1 power stage to perform.
Vegeta (Lvl 3)	SaiyanSaga	ss175	175	3	SDP		Villain	(4)	(10) 18,000 | (9) 17,000 | (8) 16,000 | (7) 15,000 | (6) 14,000 | (5) 13,000 | (4) 12,000 | (3) 11,000 | (2) 10,000 | (1) 9,000 | (0) 0000	Captures one Dragon Ball, once per game, after a successful energy attack. This ends the combat step.
Nappa (Lvl 1)	SaiyanSaga	ss176	176	1	SDP		Villain	(2)	(10) 3,800 | (9) 3,600 | (8) 3,400 | (7) 3,200 | (6) 3,000 | (5) 2,800 | (4) 2,600 | (3) 2,400 | (2) 2,200 | (1) 2,000 | (0) 0000	Saiyan Energy Deflection forces only 2 discards from a successful energy attack, no matter how powerful.
Nappa (Lvl 2)	SaiyanSaga	ss177	177	2	SDP		Villain	(3)	(10) 8,700 | (9) 8,200 | (8) 7,700 | (7) 7,200 | (6) 6,700 | (5) 6,200 | (4) 5,700 | (3) 5,200 | (2) 4,700 | (1) 4,200 | (0) 0000	Special Physical Attack inflicting 6 stages of power drain, no matter what the foe's power stage rating is.
Nappa (Lvl 3)	SaiyanSaga	ss178	178	3	SDP		Villain	(4)	(10) 13,500 | (9) 13,000 | (8) 12,500 | (7) 12,000 | (6) 11,500 | (5) 11,000 | (4) 10,500 | (3) 10,000 | (2) 9,500 | (1) 9,000 | (0) 0000	Only takes 2 stages of power drain, no matter how strong the physical attack.
Goku (Lvl 1 HT)	SaiyanSaga	ss179	179	HT-1	SDP		Hero	(1)	(10) 1,400 | (9) 1,300 | (8) 1,200 | (7) 1,100 | (6) 1,000 | (5) 900 | (4) 800 | (3) 700 | (2) 600 | (1) 500 | (0) 0000	Physical Attack: Do not consult the chart and do 4 stages of damage to the foe.
Piccolo (Lvl 1 HT)	SaiyanSaga	ss180	180	HT-1	SDP		Hero	(1)	(10) 1,400 | (9) 1,300 | (8) 1,200 | (7) 1,100 | (6) 1,000 | (5) 900 | (4) 800 | (3) 700 | (2) 600 | (1) 500 | (0) 0000	When defending in combat, take the bottom discard card as well in your three card draw.
Gohan (Lvl 1 HT)	SaiyanSaga	ss181	181	HT-1	SDP		Hero	(1)	(10) 1,000 | (9) 900 | (8) 800 | (7) 700 | (6) 600 | (5) 500 | (4) 400 | (3) 300 | (2) 200 | (1) 100 | (0) 0000	Energy Attack: Costs 1 stage and does 3 life card draws of damage.
Krillin (Lvl 1 HT)	SaiyanSaga	ss182	182	HT-1	SDP		Hero	(1)	(10) 1,000 | (9) 900 | (8) 800 | (7) 700 | (6) 600 | (5) 500 | (4) 400 | (3) 300 | (2) 200 | (1) 100 | (0) 0000	Draw another card when starting an attack.
Raditz (Lvl 1 HT)	SaiyanSaga	ss183	183	HT-1	SDP		Villain	(1)	(10) 2,000 | (9) 1,900 | (8) 1,800 | (7) 1,700 | (6) 1,600 | (5) 1,500 | (4) 1,400 | (3) 1,300 | (2) 1,200 | (1) 1,100 | (0) 0000	Raise Raditz' anger level one.
Vegeta (Lvl 1 HT)	SaiyanSaga	ss184	184	HT-1	SDP		Villain	(1)	(10) 3,800 | (9) 3,600 | (8) 3,400 | (7) 3,200 | (6) 3,000 | (5) 2,800 | (4) 2,600 | (3) 2,400 | (2) 2,200 | (1) 2,000 | (0) 0000	Ignore a successful energy attack.
Nappa (Lvl 1 HT)	SaiyanSaga	ss185	185	HT-1	SDP		Villain	(2)	(10) 3,800 | (9) 3,600 | (8) 3,400 | (7) 3,200 | (6) 3,000 | (5) 2,800 | (4) 2,600 | (3) 2,400 | (2) 2,200 | (1) 2,000 | (0) 0000	When starting a battle, power up 2 more stages.
Earth Dragon Ball 6	SaiyanSaga	ss186	186		R		Dragon Ball			This card ends a combat and the user is powered up to full. Shift all opponents' anger levels down 2.
Earth Dragon Ball 7	SaiyanSaga	ss187	187		R		Dragon Ball			Play this card during combat to end the battle. Pick 3 cards out of your discard pile and place them at the top of your life deck. All opponents' anger levels shift down 2.
Earth Dragon Ball Capture	SaiyanSaga	ss188	188		R	Colorless	Combat			Capture an opponent's Dragon Ball.
Earth Dragon Ball Combat	SaiyanSaga	ss189	189		R	Colorless	Energy Combat			Energy Attack. After you make a successful energy attack, capture an Earth Dragon Ball from your opponent.
Enraged!	SaiyanSaga	ss190	190		R	Colorless	Non-Combat			Increase your anger level by 2. Select 2 cards from your discard pile and place them at the bottom of your life deck. Discard this card from the game after one use.
A Beginners Heart is Dedicated	SaiyanSaga	ss191	191		R	Colorless	Non-Combat			Increase the anger of a level 1 or 2 personality by 1 and discard this card from the game.
Teaching the Unteachable Forces Observation	SaiyanSaga	ss192	192		R	Colorless	Non-Combat			Force another player to skip their combat step. Discard this from the game after use.
Respect the Spirit	SaiyanSaga	ss193	193		R	Colorless	Non-Combat			The spirit of the Earth heals you. Place 2 discarded cards at the bottom of your life deck. Discard from the game after use.
Unselfish Behavior is Best	SaiyanSaga	ss194	194		R	Colorless	Non-Combat			The efforts of your allies stop this combat. You must have an ally out on the table to use this card. Discard from the game after use.
Hero Advantage	SaiyanSaga	ss195	195		R	Colorless	Non-Combat			Allows a hero to draw his cards from the top of the discard deck in the next combat. If there are not enough cards in the discard pile, this card cannot be used. discard from the game after use.
Saiyan Honor Quest	SaiyanSaga	ss196	196		R	Saiyan	Non-Combat			In the next combat, draw cards from the bottom of the discard pile instead of the Life Deck. Discard after one use.
Saiyan Battle Terms	SaiyanSaga	ss197	197		R	Saiyan	Non-Combat			Remove a Non-Combat Card or ally from in front of another player from the game. Discard this card from the game after use.
Saiyan Appraisal Manuever	SaiyanSaga	ss198	198		R	Saiyan	Non-Combat			Name a Non-Combat card and foes with any in their decks must discard them from the game. Discard this card from the game after use.
Dream Fighting	SaiyanSaga	ss199	199		R	Colorless	Combat			This combat ends and the defender places the bottom discarded card back at the bottom of his life deck. Discard this card from the game after use.
Cutting the Tail	SaiyanSaga	ss200	200		R	Colorless	Combat			Reduce the defending main personality's anger level to (0). Discard this card from the game after use.
The Tail Grows Back	SaiyanSaga	ss201	201		R	Colorless	Combat			Increase the personality's power stage to its maximum level. Discard this card from the game after use.
Goku's Lucky Break	SaiyanSaga	ss202	202		R	Named	Non-Combat			Draw an unused Dragon Ball from your life deck and place it down. Shuffle the life deck afterwards.
Saiyan Truce Card	SaiyanSaga	ss203	203		R	Saiyan	Combat			Stops this combat. The turn ends, and the user may hold all his extra cards until his next turn. Discard from the game after use.
Battle Pausing	SaiyanSaga	ss204	204		R	Colorless	Combat			The attacker draws 2 cards from his discard pile. The defender raises 5 stages if possible.
Grabbing the Tail	SaiyanSaga	ss205	205		R	Colorless	Combat			Reduce the foe's power level by 4 stages, or to (0), whichever happens first. Discard this card from the game after use.
Nappa's Blinding Stare	SaiyanSaga	ss206	206		R	Named	Combat			The attacker is temporarily blinded and this combat stops. Discard this card from the game after use.
Power Gifting	SaiyanSaga	ss207	207		R	Colorless	Non-Combat			One ally gives your main personality power on a stage for stage basis, reducing their total and boosting your main personality's. Discard from the game after use.
Terrible Wounds	SaiyanSaga	ss208	208		R	Colorless	Non-Combat			Place this on a foe's personality card. Reset the personality's anger to (0). It cannot go up until after he forces another player to discard a life card. Discard this from the game after use. Limit 1 per deck.
Broken Scouter	SaiyanSaga	ss209	209		R	Colorless	Non-Combat			Your power level was miscounted. Raise it to full power. Discard this from the game after use.
Raditz Flying Kick	SaiyanSaga	ss210	210		R	Named	Physical Combat			Physical attack doing triple the usual damage if successful.
Tien Mind Reading Trick	SaiyanSaga	ss211	211		R	Named	Non-Combat			This card stays on the table. If Tien is in play, all villains must show their hands face up at all times.
Piccolo's Flight	SaiyanSaga	ss212	212		R	Named	Non-Combat			Stops a successful physical or energy attack.
Plant Two Saibaimen	SaiyanSaga	ss213	213		R	Colorless	Non-Combat			A villain may plant this card instead of combat. On his next turn, he takes his highest level Saibaimen and puts it into play as an ally. Discard this card from the game after use.
Gohan's Father Save	SaiyanSaga	ss214	214		R	Named	Combat			If Gohan is Goku's ally, he stops the foe's combat turn. Discard after use.
Krillin's Drill	SaiyanSaga	ss215	215		R	Named	Non-Combat			Does an extra life card of damage with each successful attack. More than 1 of these drills can be out at the same time.
Krillin's Energy Disk	SaiyanSaga	ss216	216		R	Named	Energy Combat			Energy attack doing 4 life cards of damage at a cost of 1 stage.
Ribs Broken	SaiyanSaga	ss217	217		R	Colorless	Energy Combat			Discard an ally from the game to make an energy attack. The foe takes 5 life cards of damage.
Unexpected Allies	SaiyanSaga	ss218	218		R	Colorless	Combat			Pull an ally card from the discards or the life deck, play it and set its power stages at full.
Raditz Energy Burst	SaiyanSaga	ss219	219		R	Named	Energy Combat			Energy attack doing 2 draws from the life card deck if not stopped and costing no power stages to perform.
Vegeta's Stance	SaiyanSaga	ss220	220		R	Named	Energy Combat			Prevents all but 1 life card draw from a successful energy attack. Discard from the game after use.
Vegeta's Quickness Drill	SaiyanSaga	ss221	221		R	Named	Non-Combat			At the beginning of each combat, draw 1 card from the bottom of the discard pile to use.
Bulma Finds a Dragon Ball	SaiyanSaga	ss222	222		R	Named	Non-Combat			When the Bulma ally is in play, use this card to capture a Dragon Ball. Discard from the game after use.
Bulma Finds a Drill	SaiyanSaga	ss223	223		R	Named	Non-Combat			When the Bulma ally is in play, pick a drill from the life deck or the discards and put it into play.
Baba Witch Viewing Drill	SaiyanSaga	ss224	224		R	Named	Non-Combat			Forces every Villain opponent to constantly show his hand of cards face up at all times.
Baba's Energy Blast	SaiyanSaga	ss225	225		R	Named	Non-Combat			Does 3 life card discards in damage at any time to a foe. Discard this card from the game after 1 use.
T-Rex Defense	SaiyanSaga	ss226	226		R	Colorless	Non-Combat			The beast takes all damage from physical atacks for the card user, but the first energy attack kills it. Discard from the game after 1 use.
T-Rex Offense	SaiyanSaga	ss227	227		R	Colorless	Non-Combat			In every battle where the card owner is attacking, it does 1 life card in damage per combat until an energy attack kills it.
Vegeta's Plans	SaiyanSaga	ss228	228		R	Named	Non-Combat			Get a Dragon Ball card from the life deck and put it into play. Remove from game after one use.
Ally Wins!	SaiyanSaga	ss229	229		R	Colorless	Non-Combat			This card does 1 life card in damage to a foe for every ally the card user has. Discard from the game after use.
Chiaotzu's Drill	SaiyanSaga	ss230	230		R	Named	Non-Combat			Allows the user to duck and miss the first stage of damage in a physical attack.
Goku's Mixing Drill	SaiyanSaga	ss231	231		R	Named	Non-Combat			Allows multiple colors of drills to be used at the same time.
Red Life Attack Drill	SaiyanSaga	ss232	232		R	Red	Non-Combat			Drill does an extra life card of damage whenever successful damage is done.
Blue Life Defense Drill	SaiyanSaga	ss233	233		R	Blue	Non-Combat			Drill prevents 1 life card of damage from being taken whenever a successful attack happens on the card owner.
Orange Focusing Drill	SaiyanSaga	ss234	234		R	Orange	Non-Combat			Prevents anything from happening to a personality's drills until he advances to his next level.
Black Shadow Drill	SaiyanSaga	ss235	235		R	Black	Non-Combat			Allows the card owner to take 2 less stages of power drain from a successful physical attack.
Saiyan Power Drill	SaiyanSaga	ss236	236		R	Saiyan	Non-Combat			In all physical attacks the card owner does an extra 2 stages of power draining damage.
Goku's Capturing Drill	SaiyanSaga	ss237	237		R	Named	Non-Combat			Prevents any Dragon Ball from being captured from this drill user.
King Kai's Calming	SaiyanSaga	ss238	238		R	Named	Non-Combat			Played at the end of a turn, it forces a foe back from level 3 to level 2. Limit 1 per deck.
Roshi's Calming	SaiyanSaga	ss239	239		R	Named	Non-Combat			Played at the end of a turn, it forces a foe back from level 2 to level 1. Limit 1 per deck.
Vegeta's Trick	SaiyanSaga	ss240	240		R	Named	Non-Combat			 Find the foe's first Dragon Ball in his life deck and place it at the bottom of his deck. Limit 1 per deck.
Vegeta's Dragonball Capture	SaiyanSaga	ss241	241		R	Named	Non-Combat			Capture 2 of a foe's Dragon Balls and place them at the bottom of his life deck. Limit 1 per deck.
Dream Machine Battle	SaiyanSaga	ss242	242		R	Colorless	Combat			This battle never happened. Start all over with new cards and reset all damage to beginning levels. Limit 1 per deck.
Saibaimen (Lvl 1)	SaiyanSaga	ss243	243	1	R		Villain	(1)	(10) 2,000 | (9) 1,900 | (8) 1,800 | (7) 1,700 | (6) 1,600 | (5) 1,500 | (4) 1,400 | (3) 1,300 | (2) 1,200 | (1) 1,100 | (0) 0000	Saiyan Energy Deflection forces only two discards from a successful energy attack, no matter how powerful.
Saibaimen (Lvl 2)	SaiyanSaga	ss244	244	2	R		Villain	(2)	(10) 3,800 | (9) 3,600 | (8) 3,400 | (7) 3,200 | (6) 3,000 | (5) 2,800 | (4) 2,600 | (3) 2,400 | (2) 2,200 | (1) 2,000 | (0) 0000	Saiyan Energy Deflection forces only two discards from a successful energy attack, no matter how powerful.
Saibaimen (Lvl 3)	SaiyanSaga	ss245	245	3	R		Villain	(3)	(10) 8,700 | (9) 8,200 | (8) 7,700 | (7) 7,200 | (6) 6,700 | (5) 6,200 | (4) 5,700 | (3) 5,200 | (2) 4,700 | (1) 4,200 | (0) 0000	Saiyan Energy Deflection forces only two discards from a successful energy attack, no matter how powerful.
Saibaimen (Lvl 4)	SaiyanSaga	ss246	246	4	R		Villain	(4)	(10) 18,000 | (9) 17,000 | (8) 16,000 | (7) 15,000 | (6) 14,000 | (5) 13,000 | (4) 12,000 | (3) 11,000 | (2) 10,000 | (1) 9,000 | (0) 0000	If there is more than one Saibaimen in play, this one can make a physical attack that inflicts 5 life cards damage.
Goku's Truce	SaiyanSaga	ss247	247		UR	Named	Combat			Stops a successful energy or physical attack.
Goku's Plan	SaiyanSaga	ss248	248		UR	Named	Energy Combat			Energy attack doing 5 life cards of damage for no power cost.
Medic Kit	SaiyanSaga	ss249	249		UR	Colorless	Non-Combat			Place the top 3 discard cards at the bottom of the life card deck. Limit 1 per deck.
Chiaotzu's Physical Defense	SaiyanSaga	ss250	250		UR	Named	Combat			Stops all heroes from losing 1 life card for this entire combat. Multiples of this card cannot be used together. Remove from the game after use.
Goku's Attack	BKPromo	bk1	BK1		P	Named	Physical Combat			If successful, you punch defender for 5 life cards. Remove this card from game after use.
Gohan's Anger	BKPromo	bk2	BK2		P	Named	Non-Combat			Raise your anger by 2 and reduce every villians anger by 1. Remove from the game after use.
Krillin's Trick	BKPromo	bk3	BK3		P	Named	Non-Combat			Steal a Dragon Ball of your choice. Remove this card from game after use.
Piccolo's Revenge	BKPromo	bk4	BK4		P	Named	Energy Combat			Your successful energy beam attack slashes defenderfor 6 life cards. Remove this card from game after use.
Frieza's Spirit	BKPromo	bk5	BK5		P	Named	Non-Combat			You reduce every hero's anger level to zero. Removethis card from game after use.
Super Saiyan Goku's Power	BKPromo	bk6	BK6		P	Named	Non-Combat			Intimidation removes foe's ally of your choicefrom game. Remove this card from game after use. (Limit 1 per deck.)
Vegeta's Smirk	BKPromo	bk7	BK7		P	Named	Non-Combat			Select any Dragonball in your deck and put itinto play.
Goku (Lvl 4)	SSPromo	ssp1	P1	4	P		Hero	(4)	(10) 32,000 | (9) 30,000 | (8) 28,000 | (7) 26,000 | (6) 24,000 | (5) 22,000 | (4) 20,000 | (3) 18,000 | (2) 16,000 | (1) 14,000 | (0) 0000	Spirit bomb energy attack, cost 1 stage to do.
Piccolo (Lvl 4)	SSPromo	ssp2	P2	4	P		Hero	(4)	(10) 12,500 | (9) 12,000 | (8) 11,500 | (7) 11,000 | (6) 10,500 | (5) 10,000 | (4) 9,500 | (3) 9,000 | (2) 8,500 | (1) 8,000 | (0) 0000	Use Special Beam Cannon or Multi-Form in a Combat round.
Vegeta (Lvl 4)	SSPromo	ssp3	P3	4	P		Villain	(4)	(10) 38,000 | (9) 36,000 | (8) 34,000 | (7) 32,000 | (6) 30,000 | (5) 28,000 | (4) 26,000 | (3) 24,000 | (2) 22,000 | (1) 20,000 | (0) 0000	Vegeta's laugh reduces a foe's power rating by 3 or to 0, which ever happens first.
Raditz (Lvl 4)	SSPromo	ssp4	P4	4	P		Villain	(4)	(10) 18,000 | (9) 17,000 | (8) 16,000 | (7) 15,000 | (6) 14,000 | (5) 13,000 | (4) 12,000 | (3) 11,000 | (2) 10,000 | (1) 9,000 | (0) 0000	Saiyan Throat Strike does five stages of physical damage.
Gohan (Lvl 4)	SSPromo	ssp5	P5	4	P		Hero	(4)	(10) 7,700 | (9) 7,200 | (8) 6,700 | (7) 6,200 | (6) 5,700 | (5) 5,200 | (4) 4,700 | (3) 4,200 | (2) 3,700 | (1) 3,200 | (0) 0000	Draws an extra card from the bottom of the discard pile for this combat.
Krillin (Lvl 4)	SSPromo	ssp6	P6	4	P		Hero	(4)	(10) 7,700 | (9) 7,200 | (8) 6,700 | (7) 6,200 | (6) 5,700 | (5) 5,200 | (4) 4,700 | (3) 4,200 | (2) 3,700 | (1) 3,200 | (0) 0000	Draws the bottom two cards from the discardpile to use in this combat.
Nappa (Lvl 4)	SSPromo	ssp7	P7	4	P		Villain	(4)	(10) 23,000 | (9) 22,000 | (8) 21,000 | (7) 20,000 | (6) 19,000 | (5) 18,000 | (4) 17,000 | (3) 16,000 | (2) 15,000 | (1) 14,000 | (0) 0000	Negate a foe's energy attack.
Nappa (Lvl 4) (Error Dupe)	SSPromo	ssp115	P115	4	P		Villain	(5)	(10) 38,000 | (9) 36,000 | (8) 34,000 | (7) 32,000 | (6) 30,000 | (5) 28,000 | (4) 26,000 | (3) 24,000 | (2) 22,000 | (1) 20,000 | (0) 0000	Negate a foe's energy attack.
Goku (lvl 4) (Error Dupe)	SSPromo	ssp4error	P4	4	P		Hero	(4)	(10) 12,500 | (9) 12,000 | (8) 11,500 | (7) 11,000 | (6) 10,500 | (5) 10,000 | (4) 9,500 | (3) 9,000 | (2) 8,500 | (1) 8,000 | (0) 0000	Spirit bomb energy attack costs 3 stage to do.
Orange Planet Destruction	FriezaSaga	fs001	001		C	Orange	Energy Combat			Energy attack doing 5 life cards of damage. Lower opponent's anger 1 level.
Orange Kamehameha Attack	FriezaSaga	fs002	002		C	Orange	Energy Combat			Energy attack doing 6 life cards life cards of damage. Lower opponent's anger 1 level.
Orange Taunting Attack	FriezaSaga	fs003	003		C	Orange	Energy Combat			Energy attack. Lower opponent's anger 2 levels.
Red Energy Suspension	FriezaSaga	fs004	004		C	Red	Energy Combat			Energy attack doing 5 life cards of damage.
Red Energy Disk	FriezaSaga	fs005	005		C	Red	Energy Combat			Energy attack doing 6 life cards of damage. Costs 3 stages to use. Lower opponent's anger 1 level.
Red Energy Disk Blasting	FriezaSaga	fs006	006		C	Red	Energy Combat			Energy attack doing 5 life cards of damage.
Blue Energy Flight	FriezaSaga	fs007	007		C	Blue	Energy Combat			Energy attack doing 6 life cards of damage. Raise your anger 1 level.
Recoome Boom	FriezaSaga	fs008	008		C	Named	Energy Combat			Villains, Goku, and Gohan only. Energy attack. Playing this card stops a single named opponent from making an energy attack on his next combat phase. Lower opponent's anger 2 levels.
Saiyan Rapture	FriezaSaga	fs009	009		C	Saiyan	Energy Combat			Villains, Goku, and Gohan only. Energy attack.
Saiyan Concussion Punch	FriezaSaga	fs010	010		C	Saiyan	Energy Combat			Villains, Goku, and Gohan only. Energy attack doing 5 life cards of damage. Lower opponent's anger 2 levels.
Saiyan Rapid Deflection	FriezaSaga	fs011	011		C	Saiyan	Energy Combat			Villains, Goku, and Gohan only. Energy attack doing 6 life cards of damage.
Saiyan Energy Focus	FriezaSaga	fs012	012		C	Saiyan	Non-Combat			Any one of your personalities gains 5 power stages. 
Empowerment!	FriezaSaga	fs013	013		C	Colorless	Non-Combat			Raise Hero's anger 1 level. If Piccolo or Nail is your main personality, raise anger 2 levels. Remove this card from the game after use.
Goku's Righteous Force	FriezaSaga	fs014	014		C	Named	Energy Combat			Energy attack. If successful, also draw the top 3 cards from an opponent's discard pile and remove them from the game. Remove from the game after use.
Gohan's Temper	FriezaSaga	fs015	015		C	Named	Energy Combat			Energy attack. Raise Hero's anger 1 level. If "Dragon Ball 6" is in play raise the anger 2 levels.
Tien's Jolting Aura	FriezaSaga	fs016	016		C	Named	Energy Combat			Heroes only. Energy attack. If Tien is in play anywhere, you may draw another card.
Vegeta's Jolting Slash	FriezaSaga	fs017	017		C	Named	Energy Combat			Energy attack. Stop all physical attacks performed against you for the remainder of Combat.
Saiyan Concentration	FriezaSaga	fs018	018		C	Saiyan	Non-Combat			Villains, Goku, and Gohan only. Remove opponent's drill card from the game. Lower opponent's anger 2 levels.
Powerful Followers	FriezaSaga	fs019	019		C	Colorless	Non-Combat			Stops an opponent's current or next combat. Remove this card from the game after use.
Straining Floating Attack Move	FriezaSaga	fs020	020		C	Colorless	Energy Combat			Energy attack doing 5 life cards of damage. Lower your anger 1 level.
Straining Blasting Move	FriezaSaga	fs021	021		C	Colorless	Energy Combat			Energy attack. Costs 1 power stage and if successful, remove the top card from your life deck from the game.
Straining Energy Move	FriezaSaga	fs022	022		C	Colorless	Energy Combat			Energy attack costing 1 life card to use. Combat is over after damage, if any, is taken.
Straining Defense Move	FriezaSaga	fs023	023		C	Colorless	Combat			For every 2 life cards that you now remove from the game, you may remove from the game 1 opponent drill of your choice.
Straining Blocking Move	FriezaSaga	fs024	024		C	Colorless	Energy Combat			Energy attack costing 1-7 life cards to perform. If successful, defender discards that many life cards in damage.
Straining Focusing Move	FriezaSaga	fs025	025		C	Colorless	Energy Combat			Stops all energy attacks for the rest of this combat. Costs 2 life cards to use.
A Hospital Stay	FriezaSaga	fs026	026		C	Colorless	Non-Combat			Power up your main personality to its highest stage. Raise your anger 1 level. Remove from the game after use. Limit 1 per deck.
Orange Thumbs Up	FriezaSaga	fs027	027		C	Orange	Energy Combat			Stops an opponent's energy attack. Lower opponent's anger 1 level. If "Blue Life Defense Drill" is in play lower opponent's anger 2 levels.
Orange Fist Detonation	FriezaSaga	fs028	028		C	Orange	Energy Combat			Stops an opponent's physical attack. Lower opponent's anger 1 level.
Goku's Sudden Outburst	FriezaSaga	fs029	029		C	Named	Energy Combat			Energy attack doing 5 life cards of damage.
Time is a Warrior's Tool	FriezaSaga	fs030	030		C	Named	Combat			Stops all attacks from an opponent in this combat. Limit 1 per deck.
Dodoria's Energy Attack	FriezaSaga	fs031	031		C	Named	Energy Combat			Energy attack doing 5 life cards of damage.
Dodoria Flames of Fury	FriezaSaga	fs032	032		C	Named	Energy Combat			Energy attack. If successful, it does 3 power stages of damage.
Jeice Flash Attack	FriezaSaga	fs033	033		C	Named	Energy Combat			Energy attack. If successful it also stops opponents from making energy attacks for the rest of this combat.
Saiyan Planet Explosion	FriezaSaga	fs034	034		C	Saiyan	Energy Combat			Villains, Goku, and Gohan only. Stops an energy attack and stops all energy attacks for the rest of this combat.
Saiyan Focusing Power	FriezaSaga	fs035	035		C	Saiyan	Combat			Saiyan Heritage Only. Power up your main personality 5 power stages. Remove from the game after use.
Alien Anger!	FriezaSaga	fs036	036		C	Colorless	Non-Combat			Villains only. Raise your anger 1 level. Power up 3 stages. Remove from the game after use.
Jeice (Lvl 1)	FriezaSaga	fs037	037	1	U		Villain	(1)	(10) 50,000 | (9) 48,000 | (8) 46,000 | (7) 44,000 | (6) 42,000 | (5) 40,000 | (4) 38,000 | (3) 36,000 | (2) 34,000 | (1) 32,000 | (0) 0000	Energy attack doing 5 life cards of damage, if stopped it still does 2 life cards of damage. 
Dodoria (Lvl 1)	FriezaSaga	fs038	038	1	U		Villain	(1)	(10) 80,000 | (9) 77,000 | (8) 74,000 | (7) 71,000 | (6) 68,000 | (5) 65,000 | (4) 61,000 | (3) 58,000 | (2) 55,000 | (1) 52,000 | (0) 0000	Physical attack.
Tien (Lvl 3)	FriezaSaga	fs039	039	3	U		Hero	(3)	(10) 32,000 | (9) 30,000 | (8) 28,000 | (7) 26,000 | (6) 24,000 | (5) 22,000 | (4) 20,000 | (3) 18,000 | (2) 16,000 | (1) 14,000 | (0) 0000	Energy attack. If successful, Tien also takes the top 2 discarded cards and places them at the bottom of his life deck. 
Yamcha (Lvl 3)	FriezaSaga	fs040	040	3	U		Hero	(3)	(10) 32,000 | (9) 30,000 | (8) 28,000 | (7) 26,000 | (6) 24,000 | (5) 22,000 | (4) 20,000 | (3) 18,000 | (2) 16,000 | (1) 14,000 | (0) 0000	Physical attack. If successful, Yamcha also takes the top 2 discarded cards and places them at the bottom of his life deck.
Chi-Chi (Lvl 2)	FriezaSaga	fs041	041	2	U		Hero	(2)	(10) 1,400 | (9) 1,300 | (8) 1,200 | (7) 1,100 | (6) 1,000 | (5) 900 | (4) 800 | (3) 700 | (2) 600 | (1) 500 | (0) 0000	Physical attack. If successful it does +4 power stages of damage if Goku is present.
Bulma (Lvl 2)	FriezaSaga	fs042	042	2	U		Hero	(2)	(10) 1,400 | (9) 1,300 | (8) 1,200 | (7) 1,100 | (6) 1,000 | (5) 900 | (4) 800 | (3) 700 | (2) 600 | (1) 500 | (0) 0000	Bulma may capture a dragon ball from her opponent if she does damage in an energy attack.
Chiaotzu (Lvl 3)	FriezaSaga	fs043	043	3	U		Hero	(3)	(10) 32,000 | (9) 30,000 | (8) 28,000 | (7) 26,000 | (6) 24,000 | (5) 22,000 | (4) 20,000 | (3) 18,000 | (2) 16,000 | (1) 14,000 | (0) 0000	Energy attack. If successful Chiaotzu stops all other opponent's physical attacks in this combat.
Yajirobe the Hero (Lvl 3)	FriezaSaga	fs044	044	3	U		Hero	(2)	(10) 7,700 | (9) 7,200 | (8) 6,700 | (7) 6,200 | (6) 5,700 | (5) 5,200 | (4) 4,700 | (3) 4,200 | (2) 3,700 | (1) 3,200 | (0) 0000	Physical attack. If successful Yajirobe also does +3 life cards of damage.
Guldo (Lvl 1)	FriezaSaga	fs045	045	1	U		Villain	(1)	(10) 50,000 | (9) 48,000 | (8) 46,000 | (7) 44,000 | (6) 42,000 | (5) 40,000 | (4) 38,000 | (3) 36,000 | (2) 34,000 | (1) 32,000 | (0) 0000	Physical Attack. If successful, you also may take the 2 bottom cards from your discard pile into your hand.
Guldo (Lvl 2)	FriezaSaga	fs046	046	2	U		Villain	(1)	(10) 80,000 | (9) 77,000 | (8) 74,000 | (7) 71,000 | (6) 68,000 | (5) 65,000 | (4) 61,000 | (3) 58,000 | (2) 55,000 | (1) 52,000 | (0) 0000	Energy attack. This attack cannot be stopped by using combat card defenses.
Guldo (Lvl 3)	FriezaSaga	fs047	047	3	U		Villain	(2)	(10) 125,000 | (9) 120,000 | (8) 115,000 | (7) 110,000 | (6) 105,000 | (5) 100,000 | (4) 95,000 | (3) 90,000 | (2) 85,000 | (1) 80,000 | (0) 0000	Physical attack. This attack cannot be stopped by using combat card defenses.
Dende the Unlikely Hero (Lvl 1)	FriezaSaga	fs048	048	1	U		Hero	(2)	(10) 1,400 | (9) 1,300 | (8) 1,200 | (7) 1,100 | (6) 1,000 | (5) 900 | (4) 800 | (3) 700 | (2) 600 | (1) 500 | (0) 0000	If your Main Personality reaches 0 or 1 above 0 at any time during combat, put any single ally from your discard pile into play, at 4 stages above zero.
Frieza Smiles	FriezaSaga	fs049	049		U	Named	Combat			Stops all energy attacks or physical attacks in this combat, if played as this personality's first card in combat.
Captain Ginyu Realization	FriezaSaga	fs050	050		U	Named	Non-Combat			All opponents & their allies lose 3 power stages. Remove from the game after use. Limit 1 per deck.
Jeice Shouts	FriezaSaga	fs051	051		U	Named	Non-Combat			All opponents & their allies lose 2 power stages. Remove from the game after use.
Jeice Comet Attack	FriezaSaga	fs052	052		U	Named	Energy Combat			Energy attack doing 5 life cards of damage. Costs 3 power stages to use.
Dodoria Boom	FriezaSaga	fs053	053		U	Named	Energy Combat			Energy attack doing 5 life cards of damage. Costs 3 power stages to use.
Goku's Energy Absorbtion	FriezaSaga	fs054	054		U	Named	Energy Combat			Stops an energy attack. Take two cards from your discard pile and put them at the bottom of your life deck. Limit 1 per deck. Remove from the game after use.
Guldo's Time Freeze Drill	FriezaSaga	fs055	055		U	Named	Non-Combat			Villains only. All attacks performed against you do 1 less power stage or life card of damage than normal.
Gohan's Anger Blast	FriezaSaga	fs056	056		U	Named	Energy Combat			Energy attack doing 6 life cards of damage. Costs 4 power stages to use. Remove from the game after use.
Krillin's Anger Blast	FriezaSaga	fs057	057		U	Named	Energy Combat			Energy attack doing 5 life cards of damage and costing 3 power stages to use.
Tien's Power Burst	FriezaSaga	fs058	058		U	Named	Energy Combat			Energy attack. If successful it stops the opponent from playing any other energy attack cards in this combat.
Yamcha's Skillful Defense	FriezaSaga	fs059	059		U	Named	Energy Combat			Stops a physical or energy attack. Remove from the game after use.
Vegeta's Gallic Gun	FriezaSaga	fs060	060		U	Named	Energy Combat			Energy attack. If successful, also lower all opponents' anger 1 level. Remove from the game after use.
Vegeta's Powering Up	FriezaSaga	fs061	061		U	Named	Energy Combat			Energy attack costing 1 power stage to use. Remove from the game after use.
Captain Ginyu's Visionary Attack	FriezaSaga	fs062	062		U	Named	Energy Combat			Energy attack costing 1 power stage to use.
Yajirobe's Gifting Drill	FriezaSaga	fs063	063		U	Named	Non-Combat			All attacks performed against you do 1 less power stage or 1 less life card of damge.
Chiaotzu's Glaring Power	FriezaSaga	fs064	064		U	Named	Energy Combat			Energy attack doing 6 life cards of damage. Remove from the game after use.
Red Energy Defense Drill	FriezaSaga	fs065	065		U	Red	Non-Combat			All energy attacks performed against you, do 1 less life card of damage, to a minimum of 0.
Blue Mental Drill	FriezaSaga	fs066	066		U	Blue	Non-Combat			Forces opponents to constantly show the cards in their hands face up on the table.
Orange Destruction Drill	FriezaSaga	fs067	067		U	Orange	Non-Combat			At the beginning of every turn, discard 1 opponent's non-combat-non-dragon ball card in play. Limit 1 per deck.
Black Zarbon Transformation Drill	FriezaSaga	fs068	068		U	Black	Non-Combat			Increases your power up rating by 1.
Red Phasing Drill	FriezaSaga	fs069	069		U	Red	Non-Combat			All of your energy attacks performed against a villian do +3 life cards of damage.
Blue Allies Drill	FriezaSaga	fs070	070		U	Blue	Non-Combat			Search your life deck for 1 level-one ally and place it in your hand after every successful physical attack against an opponent you make.
Orange Leg Drill	FriezaSaga	fs071	071		U	Orange	Non-Combat			All physical attacks performed against you do 2 less power stages of damage, to a minimum of 0.. Limit 1 per deck.
Black Energy Stamina Drill	FriezaSaga	fs072	072		U	Black	Non-Combat			Costs 1 power stage for you to make any energy attack.
Red Implosion Drill	FriezaSaga	fs073	073		U	Red	Non-Combat			Do +2 life cards of damage with each successful energy attack.
Captain Ginyu Reversal Drill	FriezaSaga	fs074	074		U	Named	Non-Combat			Villains only. For every 3 power stages of damage you recieve, per attack, your opponent loses 1 power stage of damage. Limit 1 per deck.
Jeice's Style Drill	FriezaSaga	fs075	075		U	Named	Non-Combat			Stops the first energy attack made against you in a combat. Limit 1 per deck.
Vegeta's Getting Bashed Drill	FriezaSaga	fs076	076		U	Named	Non-Combat			Vegeta, Goku, Gohan, Nappa, and Raditz only. Do +1 life cards of damage with each successful energy attack.
Dende Healing Drill	FriezaSaga	fs077	077		U	Named	Non-Combat			Increases your power up rating (PUR) by 3 when Dende is anywhere in play.
Gohan's Anger Drill	FriezaSaga	fs078	078		U	Named	Non-Combat			Raise your anger 1 level when you successfully do a physical and energy attack in the same combat. Once per combat.
Frieza's Influencing Drill	FriezaSaga	fs079	079		U	Named	Non-Combat			Lower your opponent's anger 1 level after every successful energy attack against your opponent.
Black Erasing Drill	FriezaSaga	fs080	080		U	Black	Non-Combat			After making a successful energy attack, remove from the game an opponent's non-combat/non-dragon ball card in play. Limit one per deck.
Krillin's Power Block	FriezaSaga	fs081	081		U	Named	Physical Combat			Physical attack. If successful it also stops your opponent from making any more physical attacks in this combat. Remove from the game after use.
Black Standing Position	FriezaSaga	fs082	082		U	Black	Physical Combat			Physical attack. Also, if successful, no other physical combat cards can be played for the rest of this combat.
Black Right Cross	FriezaSaga	fs083	083		U	Black	Physical Combat			Physical attack doing 3 power stages of damage. [Do not consult the Physical Attack Table.]
Black Driving Leg Thrust	FriezaSaga	fs084	084		U	Black	Physical Combat			Physical attack doing 4 power stages of damage. [Do not consult the Physical Attack Table.]
Straining Outburst	FriezaSaga	fs085	085		U	Colorless	Physical Combat			Physical attack doing 5 life cards of damage. Cost 3 power stages to use.
Straining Neck Move	FriezaSaga	fs086	086		U	Colorless	Physical Combat			Physical attack costing 1 life card to use. If successful also discard all of the opponent's drill cards on the table.
Krillin's Concentration	FriezaSaga	fs087	087		U	Named	Non-Combat			Search your life deck for 1 combat card and put it into your hand.
Hero Enraged!	FriezaSaga	fs088	088		U	Colorless	Non-Combat			Heroes only. Raise your anger 2 levels. Take any 2 cards from your discard pile and place them at the bottom of your life deck. Remove from the game after use. Limit 1 per deck.
Vegeta on Namek (Lvl 4)	FriezaSaga	fs089	089	4	R		Villain	(3)	(10) 350,000 | (9) 325,000 | (8) 300,000 | (7) 275,000( | (6) 250,000 | (5) 225,000 | (4) 200,000 | (3) 175,000 | (2) 150,000 | (1) 125,000 | (0) 0000	Physical attack doing 6 power stages of damage.
Krillin on Namek (Lvl 4)	FriezaSaga	fs090	090	4	R		Hero	(4)	(10) 140,000 | (9) 135,000 | (8) 130,000 | (7) 125,000 | (6) 120,000 | (5) 115,000 | (4) 110,000 | (3) 105,000 | (2) 100,000 | (1) 95,000 | (0) 0000	Energy attack. If successful it also does 3 power stages of damage.
Nappa Restored (Lvl 4)	FriezaSaga	fs091	091	4	R		Villain	(3)	(10) 50,000 | (9) 48,000 | (8) 46,000 | (7) 44,000 | (6) 42,000 | (5) 40,000 | (4) 38,000 | (3) 36,000 | (2) 34,000 | (1) 32,000 | (0) 0000	Energy Attack. If successful, also steal a dragon ball from your opponent.
Raditz Restored (Lvl 4)	FriezaSaga	fs092	092	4	R		Villain	(3)	(10) 38,000 | (9) 36,000 | (8) 34,000 | (7) 32,000 | (6) 30,000 | (5) 28,000 | (4) 26,000 | (3) 24,000 | (2) 22,000 | (1) 20,000 | (0) 0000	Stop a physical attack. After that physical attack, raise Raditz's anger 1 level.
Goku on Namek (Lvl 4)	FriezaSaga	fs093	093	4	R		Hero	(4)	(10) 750,000 | (9) 720,000 | (8) 690,000 | (7) 660,000 | (6) 630,000 | (5) 600,000 | (4) 570,000 | (3) 540,000 | (2) 510,000 | (1) 480,000 | (0) 0000	Stops an energy attack in a combat. Also discard an opponent's drill card in play.
Piccolo (lvl 4 FS)	FriezaSaga	fs094	094	4	R		Hero	(4)	(10) 300,000 | (9) 280,000 | (8) 260,000 | (7) 240,000 | (6) 220,000 | (5) 200,000 | (4) 180,000 | (3) 160,000 | (2) 140,000 | (1) 120,000 | (0) 0000	Energy attack doing 6 life cards of damage.
Gohan (Lvl 4 FS)	FriezaSaga	fs095	095	4	R		Hero	(4)	(10) 200,000 | (9) 190,000 | (8) 180,000 | (7) 170,000 | (6) 160,000 | (5) 150,000 | (4) 140,000 | (3) 130,000 | (2) 120,000 | (1) 110,000 | (0) 0000	Physical attack. If successful it does +4 power stages of damage.
Nail the Namekian (Lvl 1)	FriezaSaga	fs096	096		R		Hero	(2)	(10) 75,000 | (9) 72,000 | (8) 69,000 | (7) 66,000 | (6) 63,000 | (5) 60,000 | (4) 57,000 | (3) 54,000 | (2) 51,000 | (1) 48,000 | (0) 0000	Energy Attack doing 5 life cards of damage, if stopped it still does 3 life cards of damage.
Straining Force Positioning Move	FriezaSaga	fs097	097		R	Colorless	Energy Combat			Energy attack. If successful, this card also causes all allies to lose 2 power stages, but no additional life damage is taken. Limit 1 per deck.
Blue Stance	FriezaSaga	fs098	098		R	Blue	Energy Combat			Energy attack doing 5 life cards of damage. Raise your anger 2 levels. Lower opponent's anger 1 level.
Blue Energy Outburst	FriezaSaga	fs099	099		R	Blue	Energy Combat			Energy attack doing 5 life cards of damage. Raise your anger 1 level. Lower opponent's anger 2 levels.
Kami as Your Ally	FriezaSaga	fs100	100		R	Colorless	Non-Combat			Search all life decks and discard piles for "Kami Fades" and remove this card from the game.
Hero Teamwork Drill	FriezaSaga	fs101	101		R	Colorless	Non-Combat			Heroes only. Opponents can only play 1 dragon ball on their turn.
Villain's Teamwork Drill	FriezaSaga	fs102	102		R	Colorless	Non-Combat			Villains only. Opponents can only play 1 dragon ball on their turn. Also if Saibaimen are in play anywhere, heroes must play with their cards face up during combat.
Human Technology	FriezaSaga	fs103	103		R	Colorless	Non-Combat			Heroes only. This card stops the combat at any time. Remove from the game after use.
Power	FriezaSaga	fs104	104		R	Colorless	Non-Combat			Villains only. The villain inflicts 4 life cards of damage to any hero. Remove from the game after use. Limit 1 per deck.
Dende's Help	FriezaSaga	fs105	105		R	Named	Non-Combat			Heroes only. Select any 3 discarded cards and place them at the bottom of your life deck. Remove from the game after use. Limit 1 per deck.
Goku's Super Saiyan Blast!	FriezaSaga	fs106	106		R	Named	Energy Combat			Stops an opponent's physical or energy attack. Remove from the game after use. If "Goku's Mixing Drill" is in play, this card can be used as an energy attack instead. 
Piccolo's Wisdom	FriezaSaga	fs107	107		R	Named	Non-Combat			Piccolo only. Select a dragon ball card from your life deck matching Piccolo's current personality level and play it. Remove from the game after use.
Yamcha's Good Wishes	FriezaSaga	fs108	108		R	Named	Non-Combat			Stops a physical attack and all stops all physical attacks for the remainder of Combat. Remove from the game after use. 
Captain Ginyu's Sacrifice	FriezaSaga	fs109	109		R	Named	Combat			Villains only. To end the combat, remove an ally from. If "Saiyan Power Drill" is in play, this card instead can be used as an energy attack.
Nail the Namekian Hero (Lvl 3)	FriezaSaga	fs110	110	3	R		Hero	(4)	(10) 150,000 | (9) 140,000 | (8) 130,000 | (7) 120,000 | (6) 110,000 | (5) 100,000 | (4) 90,000 | (3) 80,000 | (2) 70,000 | (1) 60,000 | (0) 0000	Stops a physical attack and in the process, causes 1 life card of damage to your opponent.
Krillin's Power Tap	FriezaSaga	fs111	111		R	Named	Non-Combat			Use when needed, You may use the power of any drill in play, during Combat. If "Black Shadow Drill" is in play, your opponent places all of his allies in play at the bottom of his life deck.
Black Swift Elbow Strike	FriezaSaga	fs112	112		R	Black	Physical Combat			Physical attack. If successful this card also stops all energy attacks for the rest of this combat.
Kami Fades	FriezaSaga	fs113	113		R	Colorless	Non Combat			Remove from all Earth Dragonballs in play and in all life decks from the game.
Gohan's Stomp	FriezaSaga	fs114	114		R	Named	Energy Combat			Heroes only. Energy attack doing 5 life cards in damage that can't be defended by main personality powers.
Piccolo's Stomp	FriezaSaga	fs115	115		R	Named	Energy Combat			Heroes only. Energy attack. Does 5 life cards in damage that can't be defended by main personality powers. If "Piccolo's Flight" is in play it does 7 life cards instead of 5.
Goku's Quickness	FriezaSaga	fs116	116		R	named	Non-Combat			Heroes only. Stops the first physical attack in the next combat. Remove from the game after use. If "Chiaotzus Drill" is in play this card can be used as an energy attack instead.
Nail Inspired (Lvl 2)	FriezaSaga	fs117	117	2	R		Hero	(3)	(10) 100,000 | (9) 95,000 | (8) 90,000 | (7) 85,000 | (6) 80,000 | (5) 75,000 | (4) 70,000 | (3) 65,000 | (2) 60,000 | (1) 55,000 | (0) 0000	Take your top two discards and place them at the bottom of your life deck.
The Plan	FriezaSaga	fs118	118		R	Colorless	Non-Combat			All opponents must discard their allies in play. Remove from the game after use.
Mommy's Coming Dear	FriezaSaga	fs119	119		R	Colorless	Non-Combat			Heroes only. Stops all attacks for the remainder of Combat. Remove from the game after use. Limit 1 per deck. If "Earth Dragon Ball 7" is in play, discard this card, instead of removing from the game.
Bulma's Scouter	FriezaSaga	fs120	120		R	Named	Non-Combat			Heroes only. Pick a dragon ball from your life deck and play it. Remove from the game after use. Limit 1 per deck.
This Too Shall Pass	FriezaSaga	fs121	121		R	Colorless	Non-Combat			Stop the effect of any non-dragon ball card and remove the card from the game. You may use this at any time. This card does not affect personalities.
Focusing Is Everything	FriezaSaga	fs122	122		R	Colorless	Non-Combat			Heroes only. Remove an opponent's non-combat/non-dragon ball card in play from the game. Remove from the game after use.
Red Foot Jolt	FriezaSaga	fs123	123		R	Red	Physical Combat			Physical attack. If successful it does no damage, forcing the defender to discard all drill cards in play. Limit 1 per deck.
Frieza the Master (Lvl 1)	FriezaSaga	fs124	124	1	UR		Villain	(1)	(10) 150,000 | (9) 149,999 | (8) 149,998 | (7) 149,997 | (6) 149,996 | (5) 149,995 | (4) 149,994 | (3) 149,993 | (2) 149,992 | (1) 149,991 | (0) 0000	Energy attack doing 6 life cards of damage.
Super Saiyan Goku (Lvl 4)	FriezaSaga	fs125	125	4	UR		Hero	(4)	(10) 900,000 | (9) 850,000 | (8) 800,000 | (7) 750,000 | (6) 700,000 | (5) 650,000 | (4) 600,000 | (3) 550,000 | (2) 500,000 | (1) 450,000 | (0) 0000	Stops an energy attack and in the process causes 3 stages of damage to your opponent.
The Talking Ends Here	FriezaSaga	fspreview001	Preview 1		C	Colorless	Non-Combat			This card stops an opponent from winning until the end of your next turn. Remove from the game after use.
Just Kidding	FriezaSaga	fspreview002	Preview 2		C	Colorless	Energy Combat			Energy Attack. If succesful also remove an oopponent's drill of your choice from the game. Remove from the game after use.
No, Really Drill?	FriezaSaga	fspreview003	Preview 3		U	Colorless	Non-Combat			As long as this card is in play all dragon balls in play or brought into play lose their powers for the rest of the game, even if they lose their powers.
Good Advice	FriezaSaga	fspreview004	Preview 4		U	Colorless	Energy Combat			Energy Attck doing 8 life cards of damage. Lowers opponent's anger 3 levels. Remove from the game after use. Limit 1 per deck.
The Luck of Trunks	FriezaSaga	fspreview005	Preview 5		R	Colorless	Energy Combat			Energy attack doing 6 life cards of damage. Lower opponent's anger 2 levels. Limit 1 per deck. Remove from the game after use.
Trunks Makes Himself Clear	FriezaSaga	fspreview006	Preview 6		R	Named	Energy Combat			Energy attack. Raise your anger 2 levels. Lower opponent's anger 2 levels. Limit 1 per deck. Remove from the game after use.
It's Just Not Worth It!	FSPromo	fsp1	P1		P	Colorless	Non-Combat			When Played, this stops a dragonball or main personality victory for the next 2 turns of the person trying to win that way. Limit 1 per deck. Remove from game after use.
Captain Ginyu Transformed	FSPromo	fsp2	P2		P	Named	Physical Combat			Physical attack costing 1 life card to use. Reduce opponent's anger to 0. Limit 1 per deck.
Calming Sanctuary	FSPromo	fsp3	P3		P	Colorless	Non-Combat			For every anger you reduce on your Warrior Sword, reduce all opponent's anger that many as well.
Dragon's Glare	FSPromo	fsp4	P4		P	Colorless	Non-Combat			All player's anger is set to 3.
Frieza's Force Bubble	FSPromo	fsp5	P5		P	Named	Energy Combat			Stop all energy attacks in this combat.
The Last Wish	FSPromo	fsp6	P6		P	Colorless	Non-Combat			Search your discard pile and if an ally is there put it into play.
Friends Help Friends	FSPromo	fsp7	P7		P	Colorless	Non-Combat			Take the top 3 discard cards and place them at the bottom of the life deck. Limit 1 per deck.
Goku's Good Swift Kick	FSPromo	fsp8	P8		P	Named	Physical Combat			Physical attack doing 5 stages of damage [do not consult physical attack table.]
Red Blocking Hand	FSPromo	fsp9	P9		P	Red	Physical Combat			Stops a physical attack. Raise your anger and power stages by 2. 
Orange Forceful Kick	FSPromo	fsp10	P10		P	Orange	Physical Combat			Physical attack. If successful it also does 3 life cards of damage.
Vegeta's Lunge	FSPromo	fsp11	P11		P	Named	Combat			Select, unseen, a card from your opponent's hand and discard it.
Frieza (lvl 1)	FSPromo	tsp12	P12	HT-1	P		Villian	(1)	(10) 350,000 | (9) 325,000 | (8) 300,000 | (7) 275,000 | (6) 250,000 | (5) 225,000 | (4) 200,000 | (3) 175,000 | (2) 150,000 | (1) 125,000 | (0) 0000	(Constant Combat Power) After performing a successful energy attack, doing 6 or more life cards of damage, you may capture 2 Dragonballs instead of 1.
Garlic Jr. (lvl 1)	FSPromo	tsp13	P13	HT-1	P		Villian	(1)	(10) 300,000 | (9) 280,000 | (8) 260,000 | (7) 240,000 | (6) 220,000 | (5) 200,000 | (4) 180,000 | (3) 160,000 | (2) 140,000 | (1) 120,000 | (0) 0000	(Constant Combat Power) All successful physical attacks against Garlic Jr. do 3 less power stages of damage, to a minimum of 0.
Trunks (lvl 1)	FSPromo	tsp14	P14	HT-1	P		Hero	(1)	(10) 800,000 | (9) 775,000 | (8) 750,000 | (7) 725,000 | (6) 700,000 | (5) 675,000 | (4) 650,000 | (3) 625,000 | (2) 600,000 | (1) 575,000 | (0) 0000	(Constant Combat Power) All successful energy attacks against Trunks do a maximum of 2 life cards of damage.
Captain Ginyu (lvl 1)	FSPromo	tsp15	P15	1	P		Villian	(1)	(10) 100,000 | (9) 98,000 | (8) 96,000 | (7) 94,000 | (6) 92,000 | (5) 90,000 | (4) 88,000 | (3) 86,000 | (2) 84,000 | (1) 82,000 | (0) 0000	Physical attack doing 6 life cards of damage.
Spice (lvl 1)	FSPromo	tsp16	P16	HT-1	P		Villian	(1)	(10) 200,000 | (9) 180,000 | (8) 160,000 | (7) 140,000 | (6) 120,000 | (5) 100,000 | (4) 80,000 | (3) 60,000 | (2) 40,000 | (1) 20,000 | (0) 0000	Draw a card.
Vinegar (lvl 1)	FSPromo	tsp17	P17	HT-1	P		Villian	(1)	(10) 150,000 | (9) 140,000 | (8) 130,000 | (7) 120,000 | (6) 110,000 | (5) 100,000 | (4) 90,000 | (3) 80,000 | (2) 70,000 | (1) 60,000 | (0) 0000	Energy attack. This attack cannot be stopped.
Orange Energy Blast	TrunksSaga	ts001	001		C	Orange	Energy Combat			Energy attack doing 5 life cards of damage.
Red Kienzan Discs	TrunksSaga	ts002	002		C	Red	Energy Combat			Energy attack. If "Earth Dragon Ball 3" is in play this attack cannot be stopped.
Namek Dragon Ball 2	TrunksSaga	ts003	003		C		Dragon Ball			Choose an opponent and reduce his Main Personality 1 personality level if possible.
Captain Ginyu Frog	TrunksSaga	ts004	004		C	Named	Combat			Reduce a villain 1 personality level if possible. Limit 1 per deck. Remove from the game after use.
Krillin's Kamehameha Outburst	Trunkssaga	ts005	005		C	Named	Energy Combat			Energy attack doing 5 life cards of damage. Lower opponent's anger 2 levels.
Straining Outburst Move	TrunksSaga	ts006	006		C	Colorless	Physical Combat			Physical attack doing 5 life cards of damage. Costs 2 power stages to perform.
Namekian Glare Attack	TrunksSaga	ts007	007		C	Namekian	Energy Combat			Heroes only. Energy attack. Lower your opponent's anger 2 levels.
Namekian Braced Attack	TrunksSaga	ts008	008		C	Namekian	Physical Combat			Piccolo and Nail only. You may have up to 8 copies of this card in your Life Deck.Physical attack. If successful, gain 4 power stages.
Namekian Thrust	TrunksSaga	ts009	009		C	Namekian	Physical Combat			Piccolo and Nail only.You may have up to 8 copies of this card in your Life Deck. Physical attack doing +2 power stages of damage.
Namekian Blocking Defense	TrunksSaga	ts010	010		C	Namekian	Physical Combat			Piccolo and Nail. You may have up to 8 copies of this card in your Life Deck. Stops a physical attack.
Red Implosion Lunge	TrunksSaga	ts011	011		C	Red	Physical Combat			Physical attack doing +3 life cards of damage.
Blue Stomach Eruption	TrunksSaga	ts012	012		C	Blue	Physical Combat			Physical attack. If successful, also stop all opponent's physical attacks for the remainder of Combat. Lower your opponent's anger 1 level. Remove from the game after use.
Orange Power Shifting Drill	TrunksSaga	ts013	013		C	Orange	Non-Combat			When you perform an energy attack, you may choose for it to do the same amount of power stages of damage to any personality, instead of dealing life cards of damage.
Orange Surprise Blast	TrunksSaga	ts014	014		C	Orange	Energy Combat			Energy attack. If successful, you may remove one of the defender's Drills in play from the game. Remove from the game after use.
Orange Dashing Gut Punch	TrunksSaga	ts015	015		C	Orange	Physical Combat			Physical attack. Your main personality gains 3 power stages. Remove the top card of your opponents discard pile from the game.
Orange Straight Jab	TrunksSaga	ts016	016		C	Orange	Physical Combat			Physical Attack doing +4 power stages of damage. Costs 1 power stage to perform.
Black Defensive Aura	TrunksSaga	ts017	017		C	Black	Combat			Stops an opponent's physical or energy attack. Costs 1 power stage to perform.
Black Flying Kick	TrunksSaga	ts018	018		C	Black	Physical Combat			Physical attack doing +2 power stages of damage. Remove the top 3 cards in your opponents discard pile from the game.
Black Finger Block	TrunksSaga	ts019	019		C	Black	Physical Combat			Stops an opponent's physical attack. Your Main Personality gains 3 power stages.
Black Defensive Burst	TrunksSaga	ts020	020		C	Black	Physical Combat			Physical attack doing 3 life cards of damage. If successful, your opponent can not perform physical attacks for the remainder of combat.
Black Overpowering Attack	TrunksSaga	ts021	021		C	Black	Physical Combat			Physical attack doing +6  power stages of damage. You may not perform any physical attacks for the remainder of combat.
Red Blazing Aura	TrunksSaga	ts022	022		C	Red	Combat			All attacks performed against you for the remainder of combat do 2 less power stages of damage or 2 less life cards of damage. Raise your anger 1 level.
Red Gravity Drill	TrunksSaga	ts023	023		C	Red	Non-Combat			Discard your hand to stop a physical or energy attack. You must have at least one card in your hand to use this Drill.
Red Energy Shield	TrunksSaga	ts024	024		C	Red	Energy Combat			Stops an energy attack. Raise any personality to their highest power stage. Remove from the game after use. 
Namek Dragon Ball 1	Trunkssaga	ts025	025		C		Dragon Ball			Draw cards until you have 3 in your hand. Place the top 2 cards in your discard pile at the bottom of your life deck. This card is not considered a Namekian fighting style card.
Spice and His Friends	TrunksSaga	ts026	026		C	Named	Non-Combat			Choose an ally from your discard pile and put it into play at 2 power stages above 0.
Spice Prepares an Energy Blast	TrunksSaga	ts027	027		C	Named	Energy Combat			Energy attack doing 7 life cards of damage. If successful, also raise your anger 1 level and you may not perform any more energy attacks for the remainder of combat.
Vinegar has Plans	TrunksSaga	ts028	028		C	Named	Combat			Place an opponents ally at the bottom of their life deck. If "Earth Dragon Ball 4" is in play. You may place 2 allies instead of 1.
Vinegar's Revenge	TrunksSaga	ts029	029		C	Named	Combat			Choose one opponent. That opponent cannot gain power stages until the beginning of your next turn. Remove from the game after use.
Black Water Confusion Drill	TrunksSaga	ts030	030		C	Colorless	Non-Combat			No dragon balls may be played while this drill is in play. Limit 1 per deck. This card is not considered a black fighting style card.
Garlic Jr's Kyokaika Technique	TrunksSaga	ts031	031		C	Named	Physical Combat			Physical attack doing 7 power stages of damage. Remove from the game after use. Unless your Main Personality is Garlic Jr., limit 1 per deck.
Garlic Jr's Energy Attack	TrunksSaga	ts032	032		C	Named	Energy Combat			Energy attack. If successful also lower an opponents anger 2 levels. If "Earth Dragon Ball 5" is in play, this attack cannot be stopped.
Garlic Jr's Black Water Mist	TrunksSaga	ts033	033		C	Named	Combat			Choose on of your opponents allies and remove it from the game. If that ally is removed from the game, raise your anger 2 levels. This card is not considered a black fighting style.
Krillin Lashes Out	TrunksSaga	ts034	034		C	Named	Combat			To lower an opponents anger 3 levels, Choose one of your opponents allies in play and place it on the bottom of their life deck.
Krillin Takes a Shot	TrunksSaga	ts035	035		C	Named	Physical Combat			Physical attack doing 5 stages of damage. If Gohan is in play, it does 6 stages instead.
Frieza's Finger Tip Energy Blast	TrunksSaga	ts036	036		C	Named	Energy Combat			Energy attack. If successful, it also lowers an opponent's anger to 0. Remove from the game after use.
King Cold Smiles	TrunksSaga	ts037	037		C	Named	Non-Combat			When your opponents anger level reaches 5 or more, they reduce their anger level to 3 instead of gaining a personality level. Use when needed. Remove from the game after use.
King Cold's End	TrunksSaga	ts038	038		C	Named	Non-Combat			Villains only. When you have 10 or less life cards in your Life Deck, shuffle up to 7 cards from the top of your discard pile back into your Life Deck. Limit one per deck. Remove from the game after use.
Goku's Ready	TrunksSaga	ts039	039		C	Named	Non-Combat			Search your life deck for 1 card, set it aside face down and place it in your hand at the beginning of your opponents next turn. Limit 1 per deck.
Tien's Ready	TrunksSaga	ts040	040		C	Named	Combat			Raise any ally to it's highest power stage. Remove from game after use.
Blue Driving Face Off	TrunksSaga	ts041	041		U	Blue	Physical Combat			Physical attack doing +3 power stages of damage. Lower your opponent's anger 1 level.
Breakthrough Drill	TrunksSaga	ts042	042		U	Colorless	Non-Combat			Cards that end combat may not be played or used while this drill is in play.
Blue Thrusting Fist Strike	TrunksSaga	ts043	043		U	Blue	Physical Combat			Physical attack.  If successful, Combat ends after damage is dealt.  Remove from the game after use.  If Saibaimen are anywhere in play, discard this card instead of removing it from the game.
Chiaotzu's Physical Halt	TrunksSaga	ts044	044		U	Named	Physical Combat			Your opponent may only defend for the remainder of combat.  Remove from the game after use.
Black Head Strike	TrunksSaga	ts045	045		U	Black	Physical Combat			Physical attack doing +2 life cards of damage.  If Chiaotzu is anywhere in play, it does +3 life cards of damage instead.
Black Hug Maneuver	TrunksSaga	ts046	046		U	Black	Physical Combat			Physical attack. Raise your anger 2 levels. If "Earth Dragon Ball 6"; is in play raise your anger 3 levels instead.
Black Driving Palm Strike	TrunksSaga	ts047	047		U	Black	Physical Combat			Physical attack doing 2 power stages of damage. Raise your anger 1 level. Lower your opponent's anger 1 level.
Dodoria's Waiting Game	TrunksSaga	ts048	048		U	Named	Physical Combat			Physical attack doing +2 life cards of damage. If "Dragonball 7" is in play, it does +4 life cards of damage instead.
Frieza's Aura Shot	TrunksSaga	ts049	049		U	Named	Energy Combat			Energy attack doing 6 life cards of damage. If "Vegeta's Quickness Drill" is anywhere in play the attack does 7 life cards of damage instead.
Saiyan Knee Strike	TrunksSaga	ts050	050		U	Saiyan	Physical Combat			Saiyan Heritage only. Physical attack. If successful, your opponent discards a card at random from his hand.
Frieza's Powering Rage	TrunksSaga	ts051	051		U	Named	Non-Combat			Villains only. Any villain personality gains 5 power stages.
Namekian Fighting	TrunksSaga	ts052	052		U	Namekian	Non-Combat			Piccolo or Nail only. Remove one of your allies from the game to raise your anger 2 levels. Remove from the game after use.
Captain Ginyu Moves to Attack!	TrunksSaga	ts053	053		U	Named	Physical Combat			Physical attack doing +3 life cards of damage. Raise your anger 1 level. Remove from the game after use.
Captain Ginyu's Energy Attack	TrunksSaga	ts054	054		U	Named	Energy Combat			Energy attack. Costs 3 power stages to perform. Raise your anger 2 levels. Remove from the game after use.
Namekian Attack Drill	TrunksSaga	ts055	055		U	Namekian	Non- Combat			Piccolo and Nail only. You may do +2 power stages of damage with all physical attacks.
Frieza's Tail Hold	TrunksSaga	ts056	056		U	Named	Physical Combat			Physical attack. If successful, also remove an ally of your choice from the game. Remove from the game after use.
Frieza's Irritation Grows	TrunksSaga	ts057	057		U	Named	Physical Combat			Physical attack. If successful, also raise your anger 1 level for every "Frieza's Irritation Grows" in your discard pile.
Scorning Aura Shot	TrunksSaga	ts058	058		U	Colorless	Energy Combat			Energy attack. Lower your opponent anger 1 level. If  "Saiyan Power Drill" is anywhere in play, lower it by 2 levels instead.
Frieza Is Ready	TrunksSaga	ts059	059		U	Named	Non-Combat			Villains only. When your main personality takes life cards of damage, his attacker takes twice as many life cards in damage as well. Limit 1 per deck. Use when needed.
Namekian Physical Drill	TrunksSaga	ts060	060		U	Namekian	Non-Combat			Raise your main personality's power up rating by 1 while this drill is in play. Do +1 power stage of damage with every physical attack.
Namekian Energy Drill	TrunksSaga	ts061	061		U	Namekian	Non-Combat			After every successful energy attack you perform, choose a card from your hand and put it at the bottom of your Life Deck in order to draw a card.
Burter's Power Stance	TrunksSaga	ts062	062		U	Named	Non-Combat			Raise any villain Main Personality to its highest power stage. Set all of his allies to five power stages above 0. Remove from the game after use.
Red Shattering Leap	TrunksSaga	ts063	063		U	Red	Physical Combat			Physical attack doing +4 power stages of damage. This card stays in play to be used 1 more time during this combat. Remove from the game after use.
Gohan's Quest	TrunksSaga	ts064	064		U	Named	Non-Combat			Choose "Namek Dragon Ball 1" or "Namek Dragon Ball 2" from your Life Deck and put it into play. This Dragon Ball loses its power for the remainder of the game.
Krillin's Quest	TrunksSaga	ts065	065		U	Named	Non-Combat			Choose "Namek Dragon Ball 2" or "Namek Dragon Ball 3" from your Life Deck and put it into play. This Dragon Ball loses its power for the remainder of the game.
Namekian Head Strike	TrunksSaga	ts066	066		U	Namekian	Physical Combat			Heroes only. Physical attack. If successful, also capture a Dragon Ball from your opponent. Lower your opponent's anger 2 levels. Remove from the game after use.
Red Knee Eruption	TrunksSaga	ts067	067		U	Red	Physical Combat			Physical attack. If successful, also remove 1 of the opponent's Drills in play from the game.
Red Face Upheaval	TrunksSaga	ts068	068		U	Red	Physical Combat			Physical attack. If successful, also choose and remove one Non-Combat/non-Dragon Ball card in play from the game. Raise your anger 1 level.
Orange Special Beam Cannon	TrunksSaga	ts069	069		U	Orange	Energy Combat			Energy attack doing 1 life card of damage for each of the attacking personality's power stages above 0. Costs 3 power stages to perform.
Orange Resistance	TrunksSaga	ts070	070		U	Orange	Physical Combat			Stops an energy attack. During your next attack phase, either pass or this card allows your Main Personality to perform an energy attack.
Orange Special Beam Cannon Drill	TrunksSaga	ts071	071		U	Orange	Non-Combat			Once per Combat, when a successful energy attack is performed against you, you may perform the same energy attack during your next attack phase.
Black Energy Web	TrunksSaga	ts072	072		U	Black	Energy Combat			Energy attack doing 6 life cards of damage. If successful, also stops an opponent from performing any energy attacks for the remainder of Combat.
Black Energy Blast	TrunksSaga	ts073	073		U	Black	Energy Combat			Energy attack doing 4 power stages of damage. Costs 2 power stages to perform. If successful, also gain 4 power stages.
Black Energy Deflection Drill	TrunksSaga	ts074	074		U	Black	Non-Combat			You may play an energy attack from your hand and pay its costs in order to stop an energy attack. Your opponent takes 1 life card of damage.
Red Power Rush	TrunksSaga	ts075	075		U	Red	Physical Combat			Physical attack doing +3 power stages of damage. This attack cannot be stopped or prevented by Physical Combat cards. Raise your anger 1 level. Remove from the game after use.
Red Lightning Slash	TrunksSaga	ts076	076		U	Red	Physical Combat			Physical attack. If successful, you may discard all of the defender's allies or Drills in play instead of dealing damage. Raise your anger 1 level.
Red Energy Blast	TrunksSaga	ts077	077		U	Red	Energy Combat			Energy attack. Remove one of the defender's allies or Drills in play from the game. Raise your anger 1 level.
Red Eye Laser Assault	TrunksSaga	ts078	078		U	Red	Physical Combat			Physical attack doing +3 power stages of damage. Costs 4 power stages to perform. Raise your anger 2 levels.
Namek Dragon Ball 3	TrunksSaga	ts079	079		U		Dragon Ball			Draw up to 3 cards from the bottom of your discard pile into your hand.
Namek Dragon Ball 4	TrunksSaga	ts080	080		U		Dragon Ball			Discard all opponents noncombat-nondragonball cards in play.
Trunks Slash	TrunksSaga	ts081	081		U	Named	Physical Combat			Physical attack. If successful, also lower your opponents anger 3 levels.
Trunks High Strike	TrunksSaga	ts082	082		U	Named	Physical Combat			Physical attack. If successful, also gain 5 power stages.
Trunks Cuts Down	TrunksSaga	ts083	083		U	Named	Physical Combat			Physical attack doing 5 life cards of damage. If successful, also remove any opponent's ally in play from the game. Limit 1 per deck. Remove from the game after use.
Trunks Energy Sphere	TrunksSaga	ts084	084		U	Named	Combat			Stops the effects of any combat card. Use when needed.
Trunks Effortless Drill	TrunksSaga	ts085	085		U	Named	Non-Combat			Straining move cards cannot be stopped or prevented.
Trunks Planning Drill	TrunksSaga	ts086	086		U	Named	Non-Combat			When entering Combat as the defender, your Main Personality gains 2 power stages.
Trunks Sword Position 1	TrunksSaga	ts087	087		U	Named	Physical Combat			Physical attack. Raise your anger 1 level. Lower your opponent's anger 1 level.
Trunks Sword Position 2	TrunksSaga	ts088	088		U	Named	Physical Combat			Physical attack. If successful, also remove the top 2 cards in your opponents discard pile from the game.
Trunks Sword Position 3	TrunksSaga	ts089	089		U	Named	Energy Combat			Energy attack. If successful, also choose a card from your discard pile and place it on the top of your Life Deck.
Trunks Sword Position 4	TrunksSaga	ts090	090		U	Named	Physical Combat			Physical attack doing +4 power stages of damage.
Expectant Trunks	TrunksSaga	ts091	091		U	Colorless	Non-Combat			Use when entering combat. Search your discard for any one combat, physical combat, or energy combat card, show your opponent and place it in your hand.
Trunks Draws Steel	TrunksSaga	ts092	092		U	Named	Physical Combat			Physical attack or stop a physical attack.
Trunks Stands Ready	TrunksSaga	ts093	093		U	Named	Non-Combat			Stops all "Constant Combat Powers" from working for the remainder of this combat.  Remove from the game after use.
Double Saiyans	TrunksSaga	ts094	094		U	Colorless	Combat			Raise your main personality to its highest power stage. Raise your opponents main personality to its highest power stages.
Blue Softening Stance	TrunksSaga	ts095	095		U	Blue	Combat			Lower an opponents anger 2 levels and reduce their power stages by 2.
Blue Awakening	TrunksSaga	ts096	096		U	Blue	Combat			Lower an opponents anger 2 levels and place the top 3 cards of your discard pile on the bottom of your life deck.
Blue Leaving	TrunksSaga	ts097	097		U	Blue	Combat			This card ends combat and both players skip the discard step at the end of this turn. Remove from the game after use.
Trunks Strikes	TrunksSaga	ts098	098		U	Named	Physical Combat			Physical attack doing 5 power stages of damage or 3 life cards of damage.
Trunks Swiftly Moving	TrunksSaga	ts099	099		U	Named	Physical Combat			Stops a Physical Attack. In your next attack phase, perform the exact same attack that this card stopped.
Frieza the Revived (Lvl 4)	TrunksSaga	ts100	100	4	U		Villian	(3)	(10) 1,300,000 | (9) 1,250,000 | (8) 1,200,000 | (7) 1,150,000 | (6) 1,100,000 | (5) 1,050,000 | (4) 1,000,000 | (3) 950,000 | (2) 900,000 | (1) 850,000 | (0) 0000	(Constant Combat Power) When defending in combat, after taking life cards of damage from an energy attack, place the top card in your discard pile on the bottom of your life deck.
Garlic Jr. the Void Master (Lvl 4)	TrunksSaga	ts101	101	4	U		Villain	(3)	(10) 600,000 | (9) 575,000 | (8) 550,000 | (7) 525,000 | (6) 500,000 | (5) 475,000 | (4) 450,000 | (3) 425,000 | (2) 400,000 | (1) 375,000 | (0) 0000	(Constant Combat Power) Allies physical attacks and personality powers have no affect on Garlic Jr. in combat.
Spice, the Punisher (Lvl 4)	TrunksSaga	ts102	102	4	U		Villain	(3)	(10) 500,000 | (9) 480,000 | (8) 460,000 | (7) 440,000 | (6) 420,000 | (5) 400,000 | (4) 380,000 | (3) 360,000 | (2) 340,000 | (1) 320,000 | (0) 0000	(Constant Combat Power) Do +1 life card of damage with every successful physical attack.
Vinegar, the Attacker (Lvl 4)	TrunksSaga	ts103	103	4	U		Villain	(3)	(10) 400,000 | (9) 390,000 | (8) 380,000 | (7) 370,000 | (6) 360,000 | (5) 350,000 | (4) 340,000 | (3) 330,000 | (2) 320,000 | (1) 310,000 | (0) 0000	(Constant Combat Power) After every successful energy attack performed, put the bottom card of your discard pile on the bottom of your life deck.
Jeice with Style (Lvl 2)	TrunksSaga	ts104	104	2	U		Villain	(1)	(10) 125,000 | (9) 120,000 | (8) 115,000 | (7) 110,000 | (6) 105,000 | (5) 100,000 | (4) 95,000 | (3) 90,000 | (2) 85,000 | (1) 80,000 | (0) 0000	(Constant Combat Power) If Jeice makes 2 successful energy attacks in a single combat, at the end of combat you may search your life deck for any single ally and put it into play at 3 power stages above 0.
Jeice Attacks (Lvl 3)	TrunksSaga	ts105	105	3	U		Villain	(2)	(10) 150,000 | (9) 143,000 | (8) 135,000 | (7) 129,000 | (6) 122,000 | (5) 115,000 | (4) 108,000 | (3) 101,000 | (2) 94,000 | (1) 87,000 | (0) 0000	(Constant Combat Power) After Jeice performs a successful physical attack, Jeice does not have to be at 0 power stages or 1 stage above 0 to have an ally use it's power.
Captain Ginyu (Lvl 1)	TrunksSaga	ts106	106	1	U		Villain	(1)	(10) 100,000 | (9) 98,000 | (8) 96,000 | (7) 94,000 | (6) 92,000 | (5) 90,000 | (4) 88,000 | (3) 86,000 | (2) 84,000 | (1) 82,000 | (0) 0000	Defensive Shield. Stops the first unstopped energy attack in combat.
Captain Ginyu the Leader (Lvl 2)	TrunksSaga	ts107	107	2	U		Villain	(1)	(10) 150,000 | (9) 143,000 | (8) 135,000 | (7) 129,000 | (6) 122,000 | (5) 115,000 | (4) 108,000 | (3) 101,000 | (2) 94,000 | (1) 87,000 | (0) 0000	(Constant Combat Power) When defending against a physical attack, choose any personality in play and use their power stage to determine damage.
Captain Ginyu Changes (Lvl 3)	TrunksSaga	ts108	108	3	U		Villain	(2)	(10) 180,000 | (9) 170,000 | (8) 160,000 | (7) 150,000 | (6) 140,000 | (5) 130,000 | (4) 120,000 | (3) 110,000 | (2) 100,000 | (1) 90,000 | (0) 0000	Physical attack. If successful, also stop all opponents physical attacks for the remainder of combat.
Dodoria (lvl 1)	TrunksSaga	ts109	109	1	U		Villain	(1)	(10) 125,000 | (9) 120,000 | (8) 115,000 | (7) 110,000 | (6) 105,000 | (5) 100,000 | (4) 95,000 | (3) 90,000 | (2) 85,000 | (1) 80,000 | (0) 0000	Physical attack. If successful, also stop all your opponent's energy attacks for the remainder of Combat.
Dodoria In Flight (Lvl 2)	TrunksSaga	ts110	110	2	U		Villain	(1)	(10) 180,000 | (9) 170,000 | (8) 160,000 | (7) 150,000 | (6) 140,000 | (5) 130,000 | (4) 120,000 | (3) 110,000 | (2) 100,000 | (1) 90,000 | (0) 0000	Energy attack. Does 1 life card of damage if it is stopped.
Dodoria the Mocking (Lvl 3)	TrunksSaga	ts111	111	3	U		Villain	(2)	(10) 250,000 | (9) 225,000 | (8) 200,000 | (7) 175,000 | (6) 150,000 | (5) 125,000 | (4) 100,000 | (3) 75,000 | (2) 50,000 | (1) 25,000 | (0) 0000	(Constant Combat Power) Do +1 power stage of damage and +2 life cards of damage with every successful attack.
Guru as Your Ally	TrunksSaga	ts112	112		R	Colorless	Non-Combat			Remove all copies of "Guru Fades" in all players life decks and discard piles from the game.
Namek Dragon Ball 6	TrunksSaga	ts113	113		R		Dragon Ball			Raise your anger 2 levels, or lower an opponents anger 2 levels.
Namek Dragon Ball 7	TrunksSaga	ts114	114		R		Dragon Ball			Capture any other Dragon Ball.
Namek Dragon Ball Combat	TrunksSaga	ts115	115		R	Colorless	Physical Combat			Physical attack. If successful, also capture any Namek dragon ball from your opponent. Limit 2 per deck. Remove game after use.
Guru Fades	TrunksSaga	ts116	116		R	Colorless	Non-Combat			Remove all Namek dragon balls from play, and from all players life decks.
Frieza's Featherlight Touch	TrunksSaga	ts117	117		R	Named	Non-Combat			Villains only. Capture an opponents Dragon Ball. Remove from game after use. Limit 1 per deck.
What Was I Thinking	TrunksSaga	ts118	118		R	Colorless	Non-Combat			When entering combat as a defender, search your life deck for an ally and put it into play at it's highest power and stage. This ally takes control of this combat.
Hero's Lucky Break	TrunksSaga	ts119	119		R	Colorless	Non-Combat			Name a noncombat-nondragonball card. Search your life deck for a copy of that card and put it directly into play. Limit 1 per deck.
Thought Comes Before Action	TrunksSaga	ts120	120		R	Colorless	Non-Combat			Choose an opponents Dragon Ball in play and shuffle it back into his life deck. Remove from game after use.
A Hero's Heart is Strong	TrunksSaga	ts121	121		R	Colorless	Non-Combat			All players remove all discard piles from the game. Remove from the game after use.
An Amusing Trick	TrunksSaga	ts122	122		R	Colorless	Non-Combat			Villains Only. Place all opponents allies at the bottom of their life decks. Raise any personality to its highest power stage.
Drills are for the Weak	TrunksSaga	ts123	123		R	Colorless	Non-Combat			Discard all opponents drills in play. Remove from the game after use. Limit 1 per deck.
Hero's Way	TrunksSaga	ts124	124		R	Colorless	Non-Combat			At the beginning of each players next turn, that player searches his discard pile for all allies and puts them into his hand.
Don't You Just Hate That	TrunksSaga	ts125	125		R	Colorless	Non-Combat			Remove all of your opponents non-combat-non-dragonball cards in play from the game. Remove from game after use. Limit 1 per deck.
Vegeta Scans the City	TrunksSaga	ts126	126		R	Named	Non-Combat			Lower an opponents personality that is level 2 or higher by 1 level. This can be used to stop a Most Powerful Personality victory. Remove from the game after use. Limit 1 per deck.
Goku's Battle Ready	TrunksSaga	ts127	127		R	Named	Physical Combat			Physical attack doing 7 power stages of damage. Your opponent can not take life cards of damage from this attack. Lower opponents anger to 0.
Gohan Spots the Imposter Drill	TrunksSaga	ts128	128		R	Named	Non-Combat			Choose an opponent, that opponent can not play any allies while this drill is in play. Limit 1 per deck.
Piccolo and Heroes Gather	TrunksSaga	ts129	129		R	Named	Non-Combat			Discard 2 cards. Search your life deck for 2 combat cards, show them to your opponent and put them in your hand.
Krillin's Heat Seeking Blast	TrunksSaga	ts130	130		R	Named	Energy Combat			Energy attack. This attack cannot be stopped or prevented. Remove from the game after use.
Chi-Chi Searches	TrunksSaga	ts131	131		R	Named	Physical Combat			Physical Attack. If successful, also search your discard pile and life deck for an ally and put it into play at 6 power stages above 0.
Nail Takes Extra Effort	TrunksSaga	ts132	132		R	Named	Non-Combat			Use at the beginning of he combat step. For the remainder of combat, all of your physical attacks do +1 power stage of damage for every Namek Dragon Ball in play. Remove from the game after use.
Roshi's Thoughts	TrunksSaga	ts133	133		R	Named	Non-Combat			Put the top 2 cards from your discard pile onto the bottom of your life deck. Take the top 2 cards from your opponents discard pile and remove them from the game.
King Kai's Thoughts	TrunksSaga	ts134	134		R	Named	Non-Combat			Hero's only. For the remainder of combat, all successful physical attacks performed by your main personality do +3 power stages of damage. Remove from the game after use.
Namek Dragon Ball Wish	TrunksSaga	ts135	135		R	Colorless	Non-Combat			Ends a combat. Choose any 3 cards in your discard pile and shuffle them back into your life deck. Remove from the game after use. Limit 1 per deck.
Namek Dragon Ball 5	TrunksSaga	ts136	136		R		Dragon Ball			Raise your main personality to it's highest power stage. Raise your anger level 1. Place the top 2 cards from your discard pile on the bottom of your life deck.
Nail Combat Drill	TrunksSaga	ts137	137		R	Named	Non-Combat			Piccolo and Nail only. After receiving damage from a successful attack against you, your main personality gains 1 power stage for every life card of damage you received.
Orange Energy Dan Drill	TrunksSaga	ts138	138		R	Orange	Non-Combat			Once per combat, after you have performed a successful energy attack, search through defenders life deck for any card and discard it.
Orange Junction Energy Blast	TrunksSaga	ts139	139		R	Orange	Energy Combat			Energy Attack. This attack does +1 life card of damage for each ally that you have in play.
Black Smoothness Drill	TrunksSaga	ts140	140		R	Black	Non-Combat			You may now keep up to 2 cards in your hand at the end of each turn.
Black Physical Focus	TrunksSaga	ts141	141		R	Black	Physical Combat			Physical attack. When you perform this attack, you may pay any amount of power stages from your main personality. For each power stage paid, do +1 power stages of damage.
Red Evasion Drill	TrunksSaga	ts142	142		R	Red	Non-Combat			When this drill comes into play, When this drill is in play, all energy attacks cost +1 power stage for this opponent to perform.
Red King Cold Observation	TrunksSaga	ts143	143		R	Red	Combat			Your main personality pays 5 power stages to discard all allies and noncombat-nondragon ball cards from play. Lower your main personality's power stage to 0. Raise your anger 1 level. limit 1 per deck.
Red Style Mastery	TrunksSaga	ts144	144		R	Red	Mastery			Once per combat, you may remove the top card in your discard pile from the game to raise your anger 1 level. If it is a red style card, raise your anger 2 levels instead of 1.
Black Style Mastery	TrunksSaga	ts145	145		R	Black	Mastery			All of your successful attacks do +1 power stage and +1 life card damage. Black style cards do +2 life cards and +2 power stages damage instead.
Orange Style Mastery	TrunksSaga	ts146	146		R	Orange	Mastery			All energy attacks performed by your main personality do +1 life card damage if successful or cost 1 less power stage to perform to a minimum of 1. Orange style energy attacks do +1 life card damage if successful and cost 1 less power stage to perform to a minimum of 1, instead.
Namekian Style Mastery	TrunksSaga	ts147	147		R	Namekian	Mastery			When entering any combat, you may draw the bottom card of your discar pile into your hand, if that card is a Namekian style card, raise your main personality to it's highest power stage.
Saiyan Style Mastery	TrunksSaga	ts148	148		R	Saiyan	Mastery			Draw a card when entering any combat. If that card is a Saiyan Style card, you may show it to your opponent and they lose 4 power stages to a minimum of 0.
Blue Style Mastery	TrunksSaga	ts149	149		R	Blue	Mastery			Your opponent must now reach 6 anger to gain a personality level. All successful blue style attacks also lower your opponents anger by 1 level.
Trunks, the Hero (Lvl 4)	TrunksSaga	ts150	150	4	R		Hero	(4)	(10) 1,550,000 | (9) 1,450,000 | (8) 1,350,000 | (7) 1,250,000 | (6) 1,150,000 | (5) 1,050,000 | (4) 950,000 | (3) 850,000 | (2) 750,000 | (1) 650,000 | (0) 0000	(Constant Combat Power) During your opponents turn, all damage from physical attacks performed against you is reduced to 1 power stage of damage.
Vegeta, Saiyan Prince (Lvl 4)	TrunksSaga	ts151	151	4	R		Hero	(4)	(10) 1,100,000 | (9) 1,00,000 | (8) 900,000 | (7) 800,000 | (6) 700,000 | (5) 600,000 | (4) 500,000 | (3) 400,000 | (2) 300,000 | (1) 200,000 | (0) 0000	(Constant Combat Power) During your opponents turn, all damage from physical attacks performed against you is reduced to 1 power stage of damage.
Gohan, Empowered (Lvl 4)	TrunksSaga	ts152	152	4	R		Hero	(5)	(10) 550,000 | (9) 525,000 | (8) 500,000 | (7) 475,000 | (6) 450,000 | (5) 425,000 | (4) 400,000 | (3) 375,000 | (2) 350,000 | (1) 325,000 | (0) 0000	When defending in combat, you may also draw the bottom card of your discard pile into your hand.
Piccolo, Enraged (Lvl 4)	TrunksSaga	ts153	153	4	R		Hero	(5)	(10) 650,000 | (9) 625,000 | (8) 600,000 | (7) 575,000 | (6) 550,000 | (5) 525,000 | (4) 500,000 | (3) 475,000 | (2) 450,000 | (1) 425,000 | (0) 0000	(Constant Combat Power) When Nail or Dende are anywhere in in play, all of your physical attacks do +1 power stage of damage.
Krillin (TS-Lvl 1)	TrunksSaga	ts154	154	1	R		Hero	(3)	(10) 100,000 | (9) 95,000 | (8) 90,000 | (7) 85,000 | (6) 80,000 | (5) 75,000 | (4) 70,000 | (3) 60,000 | (2) 55,000 | (1) 50,000 | (0) 0000	Energy attack, Lower your opponents anger by 1 level. Raise your anger by 1 level.
Krillin Enraged (Lvl 2)	TrunksSaga	ts155	155	2	R		Hero	(4)	(10) 250,000 | (9) 225,000 | (8) 200,000 | (7) 175,000 | (6) 150,000 | (5) 125,000 | (4) 100,000 | (3) 75,000 | (2) 50,000 | (1) 25,000 | (0) 0000	Destructo Disk energy attack doing 5 life cards of damage.
Krillin, The Warrior (Lvl 3)	TrunksSaga	ts156	156	3	R		Hero	(5)	(10) 350,000 | (9) 325,000 | (8) 300,000 | (7) 275,000 | (6) 250,000 | (5) 225,000 | (4) 200,000 | (3) 175,000 | (2) 150,000 | (1) 125,000 | (0) 0000	Physical attack, when determining damage from this attack, treat Krillin as if he were at 350,000.
Where There's Life There's Hope	TrunksSaga	ts157	157		UR	Colorless	Non-Combat			Use this card right as an opponent wins by any means. The victory is postponed until the start of his next turn. Check for victory conditions at that time. Limit 1 per deck. Remove from game after use.
Villain's True Power	TrunksSaga	ts158	158		UR	Colorless	Energy Combat			Villains only. Play this as your first attack card in combat. Energy attack doing 10 life cards of damage.
Goku, the Unbeatable (Lvl 4)	TrunksSaga	ts159	159	4	UR		Hero	(3)	(10) 1,600,000 | (9) 1,500,000 | (8) 1,400,000 | (7) 1,300,000 | (6) 1,200,000 | (5) 1,100,000 | (4) 1,00,000 | (3) 900,000 | (2) 800,000 | (1) 700,000 | (0) 0000	(Constant Combat Power) All of your energy attacks do 2 life cards of damage when they are stopped.
King Cold, The All Powerful (Lvl 4)	TrunksSaga	ts160	160	4	UR		Villain	(3)	(10) 1,400,000 | (9) 1,250,000 | (8) 1,100,000 | (7) 950,000 | (6) 800,000 | (5) 650,000 | (4) 500,000 | (3) 350,000 | (2) 200,000 | (1) 50,000 | (0) 0000	Energy Attack. If successful, also lower your opponents anger 2 levels and raise your anger 1 level.
Frieza the Monster (Lvl 1)	TrunksSaga	ts161	161	1	SDP		Villain	(1)	(10) 350,000 | (9) 325,000 | (8) 300,000 | (7) 275,000 | (6) 250,000 | (5) 225,000 | (4) 200,000 | (3) 175,000 | (2) 150,000 | (1) 125,000 | (0) 0000	(Constant Combat Power) Frieza does +1 power stage and +1 life card of damage with every energy attack.
Frieza, The Conqueror (Lvl 2)	TrunksSaga	ts162	162	2	SDP		Villain	(2)	(10) 900,000 | (9) 850,000 | (8) 800,000 | (7) 750,000 | (6) 700,000 | (5) 650,000 | (4) 600,000 | (3) 550,000 | (2) 500,000 | (1) 450,000 | (0) 0000	(Constant Combat Power) Frieza does +2 power stages of damage with every physical attack and +2 life cards with every energy attack.
Frieza, The Cyborg (Lvl 3)	TrunksSaga	ts163	163	3	SDP		Villain	(3)	(10) 1,200,000 | (9) 1,100,000 | (8) 1,000,000 | (7) 900,000 | (6) 800,000 | (5) 700,000 | (4) 600,000 | (3) 500,000 | (2) 400,000 | (1) 300,000 | (0) 0000	(Constant Combat Power) Frieza does +2 power stages and +2 life cards with every attack.
Goku, the Leader (Lvl 1)	TrunksSaga	ts164	164	1	SDP		Hero	(1)	(10) 1,000,000 | (9) 950,000 | (8) 900,000 | (7) 850,000 | (6) 800,000 | (5) 750,000 | (4) 700,000 | (3) 650,000 | (2) 600,000 | (1) 550,000 | (0) 0000	After defending in combat, if your opponent has not dealt you any damage in combat, you may search your life deck for an ally and put it into play at 3 stages of power above 0.
Goku, The Defender (Lvl 2)	TrunksSaga	ts165	165	2	SDP		Hero	(2)	(10) 1,200,000 | (9) 1,100,000 | (8) 1,000,000 | (7) 900,000 | (6) 800,000 | (5) 700,000 | (4) 600,000 | (3) 500,000 | (2) 400,000 | (1) 300,000 | (0) 0000	Raise your anger 2 levels at the end of any combat where Goku has suffered 5 or more life cards of damage.
Goku, the Protector (Lvl 3)	TrunksSaga	ts166	166	3	SDP		Hero	(3)	(10) 1,500,000 | (9) 1,400,000 | (8) 1,300,000 | (7) 1,200,000 | (6) 1,100,000 | (5) 1,00,000 | (4) 900,000 | (3) 800,000 | (2) 700,000 | (1) 600,000 | (0) 0000	(Constant Combat Power) Defense shield: stop the first unstopped energy attack in combat. You cannot have your anger lowered by more than 1 level by any card.
Piccolo, The Avenger (Lvl 1)	TrunksSaga	ts167	167	1	SDP		Hero	(2)	(10) 300,000 | (9) 280,000 | (8) 260,000 | (7) 240,000 | (6) 220,000 | (5) 200,000 | (4) 180,000 | (3) 160,000 | (2) 140,000 | (1) 120,000 | (0) 0000	Energy attack doing 6 life cards of damage.
Piccolo, The Revived (Lvl 2)	TrunksSaga	ts168	168	2	SDP		Hero	(3)	(10) 400,000 | (9) 375,000 | (8) 350,000 | (7) 325,000 | (6) 300,000 | (5) 275,000 | (4) 250,000 | (3) 225,000 | (2) 200,000 | (1) 175,000 | (0) 0000	Physical attack. If successful, also capture a dragon ball.
Piccolo, The Hero (Lvl 3)	TrunksSaga	ts169	169	3	SDP		Hero	(4)	(10) 600,000 | (9) 550,000 | (8) 500,000 | (7) 450,000 | (6) 400,000 | (5) 350,000 | (4) 300,000 | (3) 250,000 | (2) 200,000 | (1) 150,000 | (0) 0000	(Constant Combat Power) Your opponent loses 2 power stages whenever your opponent stops a physical attack you perform.
Gohan, The Furious (Lvl 1)	TrunksSaga	ts170	170	1	SDP		Hero	(2)	(10) 200,000 | (9) 180,000 | (8) 160,000 | (7) 140,000 | (6) 120,000 | (5) 100,000 | (4) 80,000 | (3) 60,000 | (2) 40,000 | (1) 20,000 | (0) 0000	Physical attack doing +4 stages of damage.
Gohan, The Fighter (Lvl 2)	TrunksSaga	ts171	171	2	SDP		Hero	(3)	(10) 300,000 | (9) 280,000 | (8) 260,000 | (7) 240,000 | (6) 220,000 | (5) 200,000 | (4) 180,000 | (3) 160,000 | (2) 140,000 | (1) 120,000 | (0) 0000	(Constant Combat Power) Defense shield: stop the first unstopped energy attack in combat. You cannot have your anger lowered by more than 1 level by any card.
Gohan, The Warrior (Lvl 3)	TrunksSaga	ts172	172	3	SDP		Hero	(4)	(10) 500,000 | (9) 450,000 | (8) 400,000 | (7) 350,000 | (6) 300,000 | (5) 250,000 | (4) 200,000 | (3) 150,000 | (2) 100,000 | (1) 50,000 | (0) 0000	(Constant Combat Power) When defending in combat, raise your anger 1 level after Gohan receives damage from an energy attack.
Vegeta, the Determined (Lvl 1)	TrunksSaga	ts173	173	1	SDP		Hero	(2)	(10) 500,000 | (9) 475,000 | (8) 450,000 | (7) 425,000 | (6) 400,000 | (5) 375,000 | (4) 350,000 | (3) 325,000 | (2) 300,000 | (1) 275,000 | (0) 0000	(Constant Combat Power) When defending in combat, raise your anger 1 level after Vegeta receives damage from an physical attack performed against him.
Vegeta, the Powerful(Lvl 2)	TrunksSaga	ts174	174	2	SDP		Hero	(3)	(10) 800,000 | (9) 750,000 | (8) 700,000 | (7) 650,000 | (6) 600,000 | (5) 550,000 | (4) 500,000 | (3) 450,000 | (2) 400,000 | (1) 350,000 | (0) 0000	Physical attack doing 8 power stages of damage.
Vegeta, in Training (Lvl 3)	TrunksSaga	ts175	175	3	SDP		Hero	(3)	(10) 975,000 | (9) 950,000 | (8) 925,000 | (7) 900,000 | (6) 875,000 | (5) 850,000 | (4) 825,000 | (3) 800,000 | (2) 775,000 | (1) 750,000 | (0) 0000	Energy attack doing 7 life cards of damage and costs no power stages to perform.
Garlic Jr. (Lvl 1)	TrunksSaga	ts176	176	1	SDP		Villain	(2)	(10) 300,000 | (9) 280,000 | (8) 260,000 | (7) 240,000 | (6) 220,000 | (5) 200,000 | (4) 180,000 | (3) 160,000 | (2) 140,000 | (1) 120,000 | (0) 0000	(Constant Combat Power) All energy attacks performed against Garlic Jr. do 2 less life cards of damage to a minimum of 0.
Garlic Jr., The Master (Lvl 2)	TrunksSaga	ts177	177	2	SDP		Villain	(2)	(10) 400,000 | (9) 380,000 | (8) 360,000 | (7) 340,000 | (6) 320,000 | (5) 300,000 | (4) 280,000 | (3) 260,000 | (2) 240,000 | (1) 220,000 | (0) 0000	(Constant Combat Power) All energy attacks performed against Garlic Jr. do 3 less life cards of damage to a minimum of 0.
Garlic Jr., the Monster (Lvl 3)	TrunksSaga	ts178	178	3	SDP		Villain	(2)	(10) 500,000 | (9) 475,000 | (8) 450,000 | (7) 425,000 | (6) 400,000 | (5) 375,000 | (4) 350,000 | (3) 325,000 | (2) 300,000 | (1) 275,000 | (0) 0000	(Constant Combat Power) All energy attacks performed against Garlic Jr. do only 1 life card of damage.
Spice (Lvl 1)	TrunksSaga	ts179	179	1	SDP		Villain	(2)	(10) 200,000 | (9) 180,000 | (8) 160,000 | (7) 140,000 | (6) 120,000 | (5) 100,000 | (4) 80,000 | (3) 60,000 | (2) 40,000 | (1) 20,000 | (0) 0000	(Constant Combat Power) When defending in combat, your opponent must play with his hand face up on the table.
Spice, the Leader (Lvl 2)	TrunksSaga	ts180	180	2	SDP		Villain	(3)	(10) 300,000 | (9) 290,000 | (8) 280,000 | (7) 270,000 | (6) 260,000 | (5) 250,000 | (4) 240,000 | (3) 230,000 | (2) 220,000 | (1) 210,000 | (0) 0000	Kamino Bashi Waza physical attack. If successful, also stop all opponents physical attacks for the remainder of combat.
Spice, the Warrior (Lvl 3)	TrunksSaga	ts181	181	3	SDP		Villain	(4)	(10) 400,000 | (9) 380,000 | (8) 360,000 | (7) 340,000 | (6) 320,000 | (5) 300,000 | (4) 280,000 | (3) 260,000 | (2) 240,000 | (1) 220,000 | (0) 0000	Energy attack doing 8 life cards of damage.
Vinegar (Lvl 1)	TrunksSaga	ts182	182	1	SDP		Villain	(2)	(10) 150,000 | (9) 140,000 | (8) 130,000 | (7) 120,000 | (6) 110,000 | (5) 100,000 | (4) 90,000 | (3) 80,000 | (2) 70,000 | (1) 60,000 | (0) 0000	Stops a physical attack.
Vinegar (Lvl 2)	TrunksSaga	ts183	183	2	SDP		Villain	(3)	(10) 200,000 | (9) 195,000 | (8) 190,000 | (7) 185,000 | (6) 180,000 | (5) 175,000 | (4) 170,000 | (3) 165,000 | (2) 160,000 | (1) 155,000 | (0) 0000	(Constant Combat Power) When receiving damage from a successful energy attack, gain 2 power stages.
Vinegar, the Henchman (Lvl 3)	TrunksSaga	ts184	184	3	SDP		Villain	(3)	(10) 300,000 | (9) 290,000 | (8) 280,000 | (7) 270,000 | (6) 260,000 | (5) 250,000 | (4) 240,000 | (3) 230,000 | (2) 220,000 | (1) 210,000 | (0) 0000	Gain 1 power stage after every successful energy attack you perform.
Trunks (Lvl 1)	TrunksSaga	ts185	185	1	SDP		Hero	(2)	(10) 800,000 | (9) 775,000 | (8) 750,000 | (7) 725,000 | (6) 700,000 | (5) 675,000 | (4) 650,000 | (3) 625,000 | (2) 600,000 | (1) 575,000 | (0) 0000	(Constant Combat Power) When taking damage from a successful physical attack, do not add any pluses from the attacking card or Drills.
Trunk the Swordsman (Lvl 2)	TrunksSaga	ts186	186	2	SDP		Hero	(2)	(10) 1,150,000 | (9) 1,100,000 | (8) 1,050,000 | (7) 1,000,000 | (6) 950,000 | (5) 900,000 | (4) 850,000 | (3) 800,000 | (2) 750,000 | (1) 700,000 | (0) 0000	Physical attack that may only be performed at the beginning of your Combat step. To stop this attack, your opponent must play 2 cards that stop physical attacks.
Super Saiyan Trunks (Lvl 3)	TrunksSaga	ts187	187	3	SDP		Hero	(3)	(10) 1,400,000 | (9) 1,300,000 | (8) 1,200,000 | (7) 1,100,000 | (6) 1,000,000 | (5) 900,000 | (4) 800,000 | (3) 700,000 | (2) 600,000 | (1) 500,000 | (0) 0000	When entering combat as a defender, choose and discard a card at random from your opponents hand.
King Cold (Lvl 1)	TrunksSaga	ts188	188	1	SDP		Villain	(1)	(10) 900,000 | (9) 825,000 | (8) 750,000 | (7) 675,000 | (6) 600,000 | (5) 525,000 | (4) 450,000 | (3) 375,000 | (2) 300,000 | (1) 225,000 | (0) 0000	Immediately, after your opponent declares combat, choose 1 card at random from his hand and place it on top of his life deck.
King Cold, the Destroyer (Lvl 2)	TrunksSaga	ts189	189	2	SDP		Villain	(2)	(10) 1,00,000 | (9) 900,000 | (8) 800,000 | (7) 700,000 | (6) 600,000 | (5) 500,000 | (4) 400,000 | (3) 300,000 | (2) 200,000 | (1) 100,000 | (0) 0000	(Constant Combat Power) Choose any personality in play. You may use that personality's power stage for determining damage.
King Cold, the Ruler (Lvl 3)	TrunksSaga	ts190	190	3	SDP		Villain	(2)	(10) 1,400,000 | (9) 1,275,000 | (8) 1,150,000 | (7) 1,025,000 | (6) 900,000 | (5) 775,000 | (4) 650,000 | (3) 525,000 | (2) 400,000 | (1) 275,000 | (0) 0000	After receiving damage from an energy attack, you may draw the bottom card on your discard pile and place it in your hand.
Frieza, The Master (Lvl 2)	TrunksSaga	ts191	191	HT-2	SDP		Villain	(2)	(10) 900,000 | (9) 850,000 | (8) 800,000 | (7) 750,000 | (6) 700,000 | (5) 650,000 | (4) 600,000 | (3) 550,000 | (2) 500,000 | (1) 450,000 | (0) 0000	(Constant Combat Power) Each successful physical attack forces your opponent to remove the top card of their discard pile from the game.
Goku (TS-Lvl 2)	TrunksSaga	ts192	192	HT-2	SDP		Hero	(2)	(10) 1,200,000 | (9) 1,100,000 | (8) 1,000,000 | (7) 900,000 | (6) 800,000 | (5) 700,000 | (4) 600,000 | (3) 500,000 | (2) 400,000 | (1) 300,000 | (0) 0000	If Goku takes no damage while defending in combat, you may raise him to his highest power stage at the end of combat.
Piccolo (TS-Lvl 2)	TrunksSaga	ts193	193	HT-2	SDP		Hero	(3)	(10) 400,000 | (9) 375,000 | (8) 350,000 | (7) 325,000 | (6) 300,000 | (5) 275,000 | (4) 250,000 | (3) 225,000 | (2) 200,000 | (1) 175,000 | (0) 0000	Physical attack doing 6 life cards of damage.
Gohan (TS-Lvl 2)	TrunksSaga	ts194	194	HT-2	SDP		Hero	(3)	(10) 300,000 | (9) 280,000 | (8) 260,000 | (7) 240,000 | (6) 220,000 | (5) 200,000 | (4) 180,000 | (3) 160,000 | (2) 140,000 | (1) 120,000 | (0) 0000	Do +2 life cards damage with every successful energy attack.
Vegeta (TS-Lvl 2)	TrunksSaga	ts195	195	HT-2	SDP		Hero	(3)	(10) 800,000 | (9) 750,000 | (8) 700,000 | (7) 650,000 | (6) 600,000 | (5) 550,000 | (4) 500,000 | (3) 450,000 | (2) 400,000 | (1) 350,000 | (0) 0000	(Constant Combat Power) Each successful physical attack you perform allows you to place the top card in your discard pile on the bottom of your life deck.
Garlic Jr. (Lvl 2)	TrunksSaga	ts196	196	HT-2	SDP		Villain	(2)	(10) 400,000 | (9) 380,000 | (8) 360,000 | (7) 340,000 | (6) 320,000 | (5) 300,000 | (4) 280,000 | (3) 260,000 | (2) 240,000 | (1) 220,000 | (0) 0000	When entering combat as a defender, you may also draw the bottom card of your discard pile into your hand.
Spice, the enchanter (Lvl 2)	TrunksSaga	ts197	197	HT-2	SDP		Villain	(3)	(10) 300,000 | (9) 290,000 | (8) 280,000 | (7) 270,000 | (6) 260,000 | (5) 250,000 | (4) 240,000 | (3) 230,000 | (2) 220,000 | (1) 210,000 | (0) 0000	Energy attack doing 6 life cards of damage and costs no power stages to perform.
Vinegar, The Battler (Lvl 2)	TrunksSaga	ts198	198	HT-2	SDP		Villain	(3)	(10) 200,000 | (9) 195,000 | (8) 190,000 | (7) 185,000 | (6) 180,000 | (5) 175,000 | (4) 170,000 | (3) 165,000 | (2) 160,000 | (1) 155,000 | (0) 0000	(Constant Combat Power) Do +1 power stage of damage with every successful energy attack.
Trunks the Saiyan (Lvl 2)	TrunksSaga	ts199	199	HT-2	SDP		Hero	(2)	(10) 1,150,000 | (9) 1,100,000 | (8) 1,050,000 | (7) 1,000,000 | (6) 950,000 | (5) 900,000 | (4) 850,000 | (3) 800,000 | (2) 750,000 | (1) 700,000 | (0) 0000	(Constant Combat Power) Reduce your opponents anger by 1 level for every successful energy attack he performs against you.
King Cold, Galactic Ruler (Lvl 2)	TrunksSaga	ts200	200	HT-2	SDP		Villain	(2)	(10) 1,00,000 | (9) 900,000 | (8) 800,000 | (7) 700,000 | (6) 600,000 | (5) 500,000 | (4) 400,000 | (3) 300,000 | (2) 200,000 | (1) 100,000 | (0) 0000	(Constant Combat Power) Your anger cannot be reduced.
Android 20 Absorbing Drill	TrunksSaga	tspreview1	Preview 1		C	Named	Non-Combat			Discard 2 life cards to stop an energy attack.
Android 20 Powers Up	TrunksSaga	tspreview2	Preview 2		C	Named	Non-Combat			After a successful energy attack is performed against you, raise any one of your personalities to its highest power stage.
Android Efect	TrunksSaga	tspreview3	Preview 3		U	Colorless	Physical Combat			Physical attack. If successful, also gain 4 power stages.
Super Saiyan Effect	TrunksSaga	tspreview4	Preview 4		U	Colorless	Combat			Your opponent may not perform physical attack cards for the remainder of Combat.
Too Late	TrunksSaga	tspreview5	Preview 5		R	Colorless	Non-Combat			Allies cannot be used for the remainder of Combat.
Trunks Finds the Answer	TrunksSaga	tspreview6	Preview 6		R	Named	Non- Combat			Search your Life Deck for up to 2 Trunks Named cards and put them in your hand. Remove from the game after use.
Trunks' Defensive Crouch	TSPromo	tsp1	P1		P	Named	Physical Combat			Stops the first 3 power stages or life cards of damage from any physical attack.
Confrontation	TSPromo	tsp2	P2		P	Colorless	Combat			Heroes only.  Look at your opponents hand, choose 1 card and shuffle that card back into their Life Deck.
Concentration Drill	TSPromo	tsp3	P3		P	Colorless	Non-Combat			Whenever you put cards on the bottom of your life deck, you may shuffle them into your life deck instead.
Blue Battle Drill	TSPromo	tsp4	P4		P	Blue	Non-Combat			Cards that end combat may not be played or used while this Drill is in play.
Tien Stands Ready	TSPromo	tsp5	P5		P	Named	Physical Combat			Physical attack doing +5 power stages of damage. Remove from the game after use.
King Cold's Sword Trick	TSPromo	tsp6	P6		P	Named	Physical Combat			Physical attack. If successful, remove any Drill in play from the game.
Garlic Jr.'s Revenge	TSPromo	tsp7	P7		P	Named	Non-Combat			Discard an opponent's ally of your choice.
Trunks Power Strike	TSPromo	tsp8	P8		P	Named	Physical Combat			Physical attack doing 4 life cards of damage. If this attack is stopped, your opponent discards 1 life card.
Surprise!	TSPromo	tsp9	P9		P	Colorless	Non-Combat			Villains only. Look at the top 5 cards of you opponent's Life Deck and put them back in any order.
Showdown	TSPromo	tsp10	P10		P	Colorless	Non-Combat			Use when entering any Combat. Drills, allies, and personality powers may not be used this Combat.
Android 17's Neckhold	AndroidsSaga	as001	001		C	Named	Physical Combat			Physical attack. If successful, lower your opponent's anger 3 levels.
Android 18's Low Blow	AndroidsSaga	as002	002		C	Named	Physical Combat			Villains only. Physical attack. If this attack is stopped, your opponent's Main Personality loses 2 power stages to a minimum of 0.
Android 19's Body Slam	AndroidsSaga	as003	003		C	Named	Physical Combat			Physical attack doing +4 power stages of damage.
Android 19's Energy Burst	AndroidsSaga	as004	004		C	Named	Energy Combat			Villains only. Energy attack. Remove an opponent's Drill in play from the game.
Android 20 Is Caught Off Guard	AndroidsSaga	as005	005		C	Named	Non-Combat			Villians only. Place the bottom 4 cards from your discard pile at the bottom of your Life Deck.
Android 20's Energy Burst	AndroidsSaga	as006	006		C	Named	Energy Combat			Villains only. Energy attack doing +3 power stages of damage. If your opponent's Main Personality is a hero, this attack does +5 power stages of damage instead.
Blasted Land	AndroidsSaga	as007	007		C	Colorless	Battleground			At the beginning of each player's turn, that player discards the top card from his Life Deck.
Gravity Chamber	AndroidsSaga	as008	008		C	Colorless	Battleground			All physical attacks cost +2 Power stages to perform.
Black Confusion Drill	AndroidsSaga	as009	009		C	Black	Non-Combat			Whenever you perform a successful attack, choose 1 card at random from your opponent's hand and shuffle it into his Life Deck, then your opponent draws 1 card.
Black Draining Aura	AndroidsSaga	as010	010		C	Black	Physical Combat			Physical attack doing 3 power stages of damage. If you declared Tokus-Waza, raise your Main Personality 5 power stages.
Black Jump Kick	AndroidsSaga	as011	011		C	Black	Physical Combat			Physical attack doing 1 life card of damage and 1 power stage of damage. If successful and you declared Toku-Waza, remove the bottom 6 cards of your opponent's disard pile from the game.
Black Taunting Attack	AndroidsSaga	as012	012		C	Black	Combat			Your opponent discards 2 cards from the top of his Life Deck for each anger level he is at above 0. If you declared Toku-Waza, you may have your opponent shuffle his hand into his Life Deck, and then draw the same number of card. Remove from the game after use.
Blue Defensive Flight	AndroidsSaga	as013	013		C	Blue	Physical Combat			Stops a physical attack. You may choose to have your Main Personality lose any number of power stages, to a minimum of 0. For every power stages you lose in this way, lower your opponent's anger 1 level.
Blue Foot Smash	AndroidsSaga	as014	014		C	Blue	Physical Combat			Physical attack doint +2 power stages of damage. If you declared Toku-Waza, lower your opponent's anger to 0.
Blue Glare Attack	AndroidsSaga	as015	015		C	Blue	Energy Combat			Energy attack. If you declared Toku-waza, lower your opponent's anger 3 levels.
Blue Idea	AndroidsSaga	as016	016		C	Blue	Non-Combat			Discard 1 of your opponent's Drills ins play.
Blue Sidestep	AndroidsSaga	as017	017		C	Blue	Physical Combat			Stops an energy attack. If you declared Toku-Waza, lower your opponent's anger 2 levels.
Gohan's Ready	AndroidsSaga	as018	018		C	Named	Physical Combat			Physical attack. Raise your anger 1 level. Lower you opponent's anger 3 levels.
Goku's Conquering stance	AndroidsSaga	as019	019		C	Named	Physical Combat			Physical attack. If successful lower all players anger to 0.
Goku's Right Knee Smash	AndroidsSaga	as020	020		C	Named	Physical Combat			Physical attack doing +2 life cards of damage.
Namekian Blocking Stance	AndroidsSaga	as021	021		C	Namekian	Non-Combat			Piccolo and Nail only. Choose 1 of your opponent's Drills in play. Your opponent cannot use the power of that Drill for the remainder of the game. You may have up to 8 copies of this card in you Life Deck. Remove from the game after use.
Namekian Defensive stance	AndroidsSaga	as022	022		C	Namekian	Physical Combat			Piccolo and Nail only. Stops an energy attack. You may have up to 8 copies of this card in your Life Deck.
Namekian Determination	AndroidsSaga	as023	023		C	Namekian	Combat			Piccolo and Nail only. Choose 1 Namekian style card in your discard pile and shuffle it into your Life Deck. You may have up to 8 copies of this card in your Life Deck.
Namekian Dodging Technique	AndroidsSaga	as024	024		C	Namekian	Combat			Piccolo and Nail only. Your opponent's Main Personality cannot use its personality power until it performs an energy attack. You may have up to 8 copies of this card in your Life Deck.
Namekian Energy Absorption	AndroidsSaga	as025	025		C	Namekian	Energy Combat			Piccolo and Nail only. Pervent all but 2 life cards of damage from an energy attack. For every life card of Base Damage that attack would have dealt, your Main Personality gains 1 power stage.
Namekian Wrist Grab	AndroidsSaga	as026	026		C	Namekian	Physical Combat			Piccolo and Nail only. Physical attack doing 6 life cards of damage. Cost 2 power stages to perform.
Orange Fist Catch	AndroidsSaga	as027	027		C	Orange	Physical Combat			Stops a physical attack. If you declared Toku-Waza, this card remains in play to be used 1 more time this Combat. Remove from the game after use.
Orange Palm Blast	AndroidsSaga	as028	028		C	Orange	Energy Combat			Energy attack doing 5 life cards of damage. Raise your anger 1 level.
Piccolo's Stance	AndroidsSaga	as029	029		C	Named	Non-Combat			Search you opponent's Life Deck and remove 1 non-Dragon Ball card from the game. Your opponent searches you Life Deck and removes 1 non-Dragon Ball card from the game.
Red Burning Stance	AndroidsSaga	as030	030		C	Red	Combat			Every successful physical attack performed against you for the remainder of Combat raises your anger 1 level.
Red Energy Charge	AndroidsSaga	as031	031		C	Red	Energy Combat			Energy attack doing 3 life cards of damage. Cost 1 power stage to perform. Raise your anger 1 level.
Red Power Drain	AndroidsSaga	as032	032		C	Red	Combat			All physical attacks performed against you for the remainder of the Combat cost 2 power stages to perform.
Red Power Lift	AndroidsSaga	as033	033		C	Red	Physical Combat			Physical attack doing +3 power stages of damage. Stops the next physical attack performed against you this Combat.
Blue Battle Readiness	AndroidsSaga	as034	034		C	Blue	Non-Combat			Search your Life Deck for 1 Ally and place it in play at 3 power stages above 0 If you declared Toku-Waza, search you discard pile for 1 ally and place it in play at 3 power stages above 0. Remove from the game after use.
Saiyan Glare	AndroidsSaga	as035	035		C	Saiyan	Energy Combat			Energy attack. If you declared Toku-Waza, lower your opponent's anger 2 levels.
Saiyan Inspection	AndroidsSaga	as036	036		C	Saiyan	Non-Combat			Attach this card to your opponent's Main Personality. Your opponent may not use his Main Personality's personality power while this card is attacked. Discard this card when your opponent places a Dragon Ball in play.
Android 17's Back Bash	AndroidsSaga	as037	037		U	Named	Physical Combat			Physical attack doing 5 power stages of damage. If this attack is performed by Android 17, your opponent must skip his next attack phase.
Android 17's Heymaker	AndroidsSaga	as038	038		U	Named	Physical Combat			Physical attack doing 7 power stages of damage. If this attack is performed by Android 17, this attack does 7 power stages of damage instead. Remove from the game after use.
Android 20's Energy Dive	AndroidsSaga	as039	039		U	Named	Energy Combat			Villans only. Energy attack doing +3 power stages of damage. Cost 1 power stage to perform.
Android 20's Enraged	AndroidsSaga	as040	040		U	Named	Energy Combat			Villans only. Energy attack doing 7 life cards of damage. Cost 3 power stage to perform.
Android 20's Search Pattern	AndroidsSaga	as041	041		U	Named	Non-Combat			Choose a card from your discard pile and place it on top of your Life Deck. Name a non-Dragon Ball card and search your opponent's Life Deck for 1 copy of that card and remove it from the game. Remove from the game after use.
Android Attack Drill	AndroidsSaga	as042	042		U	Colorless	Non-Combat			All attacks you perform do +1 Life card of damage. If that attack is performed by a personality with "Android" in the card tital, then the attack does +2 life cards of damage instead.
Hyperbolic Time Chamber	AndroidsSaga	as043	043		U	Colorless	Battleground			All Physical attacks do +1 power stage of damage. All energy attacks do +1 life card of damage.
Master Roshi's Island	AndroidsSaga	as044	044		U	Named	Battleground			All named cards cost +2 life cards to play.
Black Anger Stance	AndroidsSaga	as045	045		U	Black	Physical Combat			Physical attack doing X power stages of damage. X is equal to the total anger of all players.
Black Energy Assault	AndroidsSaga	as046	046		U	Black	Energy Combat			Energy attack. Costs 3 power stages to perform. If successful, you may discard a card from your hand. If you do, your opponent must choose to either discard a card at random from his hand of lose 4 power stages.
Black Gut Wrench	AndroidsSaga	as047	047		U	Black	Physical Combat			Physical attack doing +4 power stages of damage. If you declared Toku-Waza, choose a card at random from your opponent's hand. Your opponent shuffles that card into his Life Deck and draws a card.
Black Off-Balancing Punch	AndroidsSaga	as048	048		U	Black	Physical Combat			Physical attack. If successful, stops the next attack your opponent performs against you this Combat.
Gohan's Peaceful Stance	AndroidsSaga	as049	049		U	Named	Non-Combat			Raise all personalities in play to their highest power stage. Choose 3 cards from your discard pile, and put them on the bottom of your Life Deck. Remove from the game after use.
Black Power Up	AndroidsSaga	as050	050		U	Black	Non-Combat			Raise any personality to its highest power stage. If you declared Toku-Waza, you may also end Combat.
Black Searching Technique	AndroidsSaga	as051	051		U	Black	Non-Combat			If you declared Toku-Waza, search your opponent's Life Deck for 2 Non-Dragon Ball cards and remove them from the game. Remove from the gave after use.
Black Side Thrust	AndroidsSaga	as052	052		U	Black	Physical Combat			Physical attack doing +3 power stages of damage. If you declared Toku-Waza, name a non_Dragon Ball card. Search your opponent's Life Deck for 1 Copy of that card and discard it.
Black Studying Drill	AndroidsSaga	as053	053		U	Black	Non-Combat			When entering Combat, draw a card. Then choose a card from your hand and place it on top of your Life Deck.
Blue Betrayal	AndroidsSaga	as054	054		U	Blue	Physical Combat			Physical attack. If you declared Toku-Waza, remove an opponent's Non-Combat card or Ally in play from the game.
Blue Holding Drill	AndroidsSaga	as055	055		U	Blue	Non-Combat			Your opponents may only place 1 Non-Combat card in play during their turn.
Blue Right Cross	AndroidsSaga	as056	056		U	Blue	Physical Combat			Physical attack doing +1 power stage of damage. If you declared Toku-Waza, you may do 6 life cards of damage instead. Lower your opponent's anger 1 level.
Blue Rush	AndroidsSaga	as057	057		U	Blue	Physical Combat			Physical attack. Combat ends after damage, if any, is dealt. If you declared Toku-Waza, this attack does 5 power stages of damage instead.
Blue Smirk	AndroidsSaga	as058	058		U	Blue	Physical Combat			Physical attack doing +4 power stages of damage. If you declared Toku-Waza, lower your opponent's anger 2 levels.
Bulma's Lookin Good	AndroidsSaga	as059	059		U	Named	Non-Combat			Use when entering Combat. Your opponent discards a card at random from his hand.
Goku's Training	AndroidsSaga	as060	060		U	Named	Physical Combat			Physical attack doing +2 power stages of damage. If successful, draw the bottom card from your discard pile. Remove from the gave after use.
Namekian Elbow Smash	AndroidsSaga	as061	061		U	Namekian	Physical Combat			Physical attack doing +4 power stages of damage. If you declared Toku-Waza, raise your Main Personality to his highest power stage.
Namekian Finishing Effort	AndroidsSaga	as062	062		U	Namekian	Non-Combat			Play this card immediately after taking damage from an attack. Your opponent discards the top 3 cards from his Life Deck.
Namekian Focusing Effort	AndroidsSaga	as063	063		U	Namekian	Non-Combat			Piccolo and Nail only. Raise your Main Personality to its highest power stage. Choose up to 3 cards in your discard pile and shuffle them into your Life Deck.
Namekian Forarm Smash	AndroidsSaga	as064	064		U	Namekian	Physical Combat			Physical attack doing 6 life cards of damage. Cost 3 power stages to perform. If you declared Toku-Waza, place the top card from your discard pile at the bottom of your Life Deck.
Orange Aura Drill	AndroidsSaga	as065	065		U	Orange	Non-Combat			All of your energy attacks do +1 life card of damage. If you declared Toku-Waza, all of your energy attacks do +2 life cards of damage instead.
Orange Energy Glare	AndroidsSaga	as066	066		U	Orange	Energy Combat			Energy attack. If you declared Toku-Waza, this attack does +X life cards of damage. X is equal to the number of Dragon Balls in play.
Orange Energy Phasing Drill	AndroidsSaga	as067	067		U	Orange	Non-Combat			Whenever you perform a successful energy attack, you may do +2 life cards of damage to remove 1 of your oponent's Non-Cmobat cards in play from the game.
Orange Power Ball	AndroidsSaga	as068	068		U	Orange	Energy Combat			Energy attack. If you declared Toku-Waza, this attack does +X life cards of damage. X is equal to the current personality level of the personality that performed this attack.
Orange Power Beam	AndroidsSaga	as069	069		U	Orange	Energy Combat			Energy attack. If successful and you declared Toku-Waza, your opponent must pass in his next attack phase. Remove from the game after use.
Orange Stare Down	AndroidsSaga	as070	070		U	Orange	Energy Combat			Energy attack. If you declared Toku-Waza, remove an opponent's Non-Combat card or Ally in play from the game.
Orange Sword Slash	AndroidsSaga	as071	071		U	Orange	Physical Combat			Physical attack. If successful and you declared Toku-Waza, your opponent must discard all of his Drill in play.
Orange Uppercut	AndroidsSaga	as072	072		U	Orange	Physical Combat			Physical attack doing 4+ power stages of damage. If you declared Toku-Waza, you may pay 2 power stages to search your Life Deck for an Energy Combat card, show it to your opponent, and place it in your hand. Remove from the game after use.
Red Dueling Drill	AndroidsSaga	as073	073		U	Red	Non-Combat			Your opponents may not use their Allies during Combat while this Drill is in play.
Red Hunting Drill	AndroidsSaga	as074	074		U	Red	Non-Combat			Once per Combat, after performing a successful physical attack, you may choose 1 card in your discard pile and shuffle it into your Life Deck.
Red Knee Bash	AndroidsSaga	as075	075		U	Red	Physical Combat			Physical attack doing 4+ power stages of damage. If you declared Toku-Waza, raise your anger 1 level.
Saiyan Flying Tackle	AndroidsSaga	as076	076		U	Saiyan	Physical Combat			Physical attack doing 3+ power stages of damage. If you declared Toku-Waza, you may discard the top card from your Life Deck when this card is played to do +6 power stages of damage instead.
Saiyan Focus	AndroidsSaga	as077	077		U	Saiyan	Energy Combat			Stops an energy attack. If the bottom card of your discard pile is a Saiyan Style card, your opponent's Main Personality loses 4 power stages, to a minimum of 0.
Saiyan Heads Up	AndroidsSaga	as078	078		U	Saiyan	Physical Combat			Physical attack. If successful and you declared Toku-Waza, discard up to 2 of your opponent's Non-Combat cards or Allies in play.
Saiyan Left Kick	AndroidsSaga	as079	079		U	Saiyan	Physical Combat			Physical attack. If successful and you declared Toku-Waza, this attack does +4 life cards of damage and raises your anger 1 level.
Saiyan Wrist Block	AndroidsSaga	as080	080		U	Saiyan	Physical Combat			Stops a phisical attack. If you declared Toku-Waza, your opponent's Main Personality loses 3 power stages.
Saiyan Destiny	AndroidsSaga	as081	081		U	Saiyan	Physical Combat			Physical attack. If you declared Tokui-Waza, this attack does +3 power stages of davage and remains in play to be used 1 more time this Combat. Remove from the game after use.
Sensu Effect	AndroidsSaga	as082	082		U	Colorless	Non-Combat			Raise your Main Personality and all of your Allies to their highest power stage. Use when needed. Limit 1 per deck. Remove from the game after use.
Staining Energy Blast Move	AndroidsSaga	as083	083		U	Colorless	Energy Combat			Energy attack doing 5 life cards of damage. Your opponent draws a card.
Straining Jump Kick Move	AndroidsSaga	as084	084		U	Colorless	Physical Combat			Physical attack doing 7 life cards of damage. Cost 2 power stages to perform. If successful, raise your opponent's anger 6 levels.
Red Lifting Kick	AndroidsSaga	as085	085		U	Red	Physical Combat			Physical attack doing +6 power stages of damage. Lower your anger 1 level.
Tien's Mental Condition	AndroidsSaga	as086	086		U	Named	Non-Combat			Use when entering Combat. Raise your anger 1 level. Raise your Main Personality to his highest power stage. Draw the bottom card from your discard pile. Remove from the game after use.
Tien's Solar Flare	AndroidsSaga	as087	087		U	Named	Energy Combat			Energy attack. If successful, end Combat.
Unexpected Company	AndroidsSaga	as088	088		U	Colorless	Non-Combat			Search your Life Deck for 2 Allies and place them in play at 5 power stages above 0.
Android 17 Smirks	AndroidsSaga	as089	089		R	Named	Combat			Villans only. Choose 1 opponent and remove all of his Drills in play from the game. Limit 1 per deck. Remove from the game after use.
Android 18's Stare Down	AndroidsSaga	as090	090		R	Named	Combat			Villains Only. Look at your opponent's hand and choose a card. Your opponent discards that card.
Android 19's Distress	AndroidsSaga	as091	091		R	Named	Non-Combat			Villans only. Raise you Main Pwersonality to its highest power stage. Place the bottom 4 cards from your discard pile at the bottom of your Life Deck. Remove from the game after use.
City In Turmoil	AndroidsSaga	as092	092		R	Colorless	Battleground			Non-Combat cards may not be used.
Winter Countryside	AndroidsSaga	as093	093		R	Colorless	Battleground			Any cards or effects that raise a Main Personality's anger more than 1 anger level only raises his anger 1 level.
Kami's Floating Island	AndroidsSaga	as094	094		R	Colorless	Battleground			When entering Combat, draw a card.
Defenceless Beach	AndroidsSaga	as095	095		R	Colorless	Battleground			Each player has his Main Personality's PUR reduced by 1.
Dying Planet	AndroidsSaga	as096	096		R	Colorless	Battleground			Whenever a non-Dragon Ball card goes to its owner's discard pile. It is removed from the game instead.
Black Mischievous Drill	AndroidsSaga	as097	097		R	Black	Non-Combat			If you declared Toku-Waza, whenever your opponent places in play a Non-Combat card, you may discar the top 5 cards from your Life Deck to remove that Non-Combat card from the game. Your opponent may not use that Non-Combat card. Limit 1 per deck.
Black Scout Maneuver	AndroidsSaga	as098	098		R	Black	Combat			Name any Combat, Physical Combat, or Energy Combat card. All of your opponents must search their Life Decks for all copies of that card and remove them from the game. Remove from the game after use.
Blue Terror	AndroidsSaga	as099	099		R	Blue	Energy Combat			Energy attack doing 3 life cards of damage. If you declared Toku-Waza, search your Life Deck for any 1 card and place it in your hand. Remove from the game after use.
Goku's Heart Disease	AndroidsSaga	as100	100		R	Named	Non-Combat			Place this card on your opponen'ts Main Personality. Your opponent lowers his anger to 0 and he may not raise his anger level until he places an Ally in play. Discard this card when your opponent places an ally in play. Limit 1 per deck. Remove from the game after use.
Knockout Drill	AndroidsSaga	as101	101		R	Colorless	Non-Combat			Players may not use Non-Combat/Non-Drill cards unless they have performed an attack from their hand this Combat.
Namekian Frendship	AndroidsSaga	as102	102		R	Namekian	Combat			You must have an Ally in play to use this card. Discard all of your opponents' Non-Combat cards in play. Limit 1 per deck. Remove from the game after use.
Namekian Teamwork	AndroidsSaga	as103	103		R	Namekian	Non-Combat			Raise all of your Allies to their highest power stage. You may use all of their personality powers this Combat even if your Main Personality is at 2 power stages above 0 or higher. Discard 1 card from the top of your Life Deck for each Ally you have.
Orange Eye Beam	AndroidsSaga	as104	104		R	Orange	Energy Combat			Energy attack doing 5 life cards of damage. Cost 3 power stages to perform. If you declared Toku-Waza, this attack does 7 life cards of damage instead.
Orange Rage	AndroidsSaga	as105	105		R	Orange	Energy Combat			Energy attack doing 5 life cards of damage. If you declared Toku-Waza, raise your anger 2 levels.
Orange Searching Maneuver	AndroidsSaga	as106	106		R	Orange	Physical Combat			Physical attack. You may search your Life Deck for any colorless Drill and place it in play at the end of Combat. If you declared Toku-Waza, you may search your Life Deck for any Orange Drill card and place it in play at the end of Combat.
Rebellion	AndroidsSaga	as107	107		R	Colorless	Physical Combat			Villans only. Play this as your first card in Combat. Physical attack doing +8 power stages of damage. Remove from the game after use.
Red Counter Strike	AndroidsSaga	as108	108		R	Red	Physical Combat			Stops a physical attack. Your opponent discards the top 3 cards from his Life Deck. Remove from the game after use.
Red Tactical Drill	AndroidsSaga	as109	109		R	Red	Non-Combat			Your anger may not be lowered while this Drill is in play.
Saiyan Face Stomp	AndroidsSaga	as110	110		R	Saiyan	Physical Combat			Physical attack doing +4 power stages of damage. If you declared Toku-Waza, you may discard the top card from your Life Deck to do an additional +3 life cards of damage.
Saiyan Lightning Dodge	AndroidsSaga	as111	111		R	Saiyan	Physical Combat			Stops a physical attack. Your opponent loses 4 power stages, to a minimum of 0.
Severe Bruises	AndroidsSaga	as112	112		R	Colorless	Non-Combat			Place this card on your opponent's Main Personality. Your opponent lowers his anger to 0 and he may not raise his anger level until he places a Drill in play. Discard this card when your opponent places a Drill into play. Limit 1 per deck. Remove from the game after use.
Tien's Flight	AndroidsSaga	as113	113		R	Named	Physical Combat			Physical attack doing 1 life cards of damage. This attack also does +1 life card of damage for every card in your discard pile with "Tien" in the title. Remove from the game after use.
Android 16 (lvl 1)	AndroidsSaga	as114	114	1	R		Villain	(1)	(10) 1,699,000 | (9) 1,599,000 | (8) 1,499,000 | (7) 1,399,000 | (6) 1,299,000 | (5) 1,199,000 | (4) 999,000 | (3) 699,000 | (2) 399,000 | (1) 299,000 | (0) 0000	(Constant Combat Power) Every successful energy attack performed against Android 16 lowers your opponent's anger 1 level.
Android 17 (lvl 1)	AndroidsSaga	as115	115	1	R		Villain	(2)	(10) 1,500,000 | (9) 1,425,000 | (8) 1,350,000 | (7) 1,275,000 | (6) 1,200,000 | (5) 1,000,000 | (4) 899,000 | (3) 699,000 | (2) 399,000 | (1) 299,000 | (0) 0000	(Constant Combat Power) Your anger level cannot be lowered.
Android 18 (lvl 1)	AndroidsSaga	as116	116	1	R		Villain	(1)	(10) 1,499,000 | (9) 1,399,000 | (8) 1,299,000 | (7) 1,199,000 | (6) 999,000 | (5) 899,000 | (4) 799,000 | (3) 699,000 | (2) 399,000 | (1) 299,000 | (0) 0000	Defense Shield: Stops the first unstopped attack performed against you this Combat.
Android 19 (lvl 1)	AndroidsSaga	as117	117	1	R		Villain	(1)	(10) 1,299,000 | (9) 1,199,000 | (8) 999,000 | (7) 899,000 | (6) 799,000 | (5) 699,000 | (4) 599,000 | (3) 499,000 | (2) 399,000 | (1) 299,000 | (0) 0000	Any 1 of your Allies loses any number of power stages you chose to a minimum of 0. Raise Android 19's power stages by that same number.
Android 20 (lvl 1)	AndroidsSaga	as118	118	1	R		Villain	(1)	(10) 1,099,000 | (9) 999,000 | (8) 899,000 | (7) 799,000 | (6) 699,000 | (5) 599,000 | (4) 499,000 | (3) 399,000 | (2) 299,000 | (1) 199,000 | (0) 0000	Lower your Main Personality 5 power stages to search your Life Deck or discard pile for any 1 personality with "Android" in the card title Place the chosen personality card in play at 5 power stages above 0.
Piccolo The Trained (lvl 1)	AndroidsSaga	as119	119	1	R		Hero	(2)	(10) 450,000 | (9) 430,000 | (8) 410,000 | (7) 380,000 | (6) 360,000 | (5) 340,000 | (4) 320,000 | (3) 300,000 | (2) 280,000 | (1) 260,000 | (0) 0000	(Constant Combat Power) Your opponent may not use any personality card powers.
Tien The Watcher (lvl 4)	AndroidsSaga	as120	120	4	R		Hero	(3)	(10) 500,000 | (9) 450,000 | (8) 400,000 | (7) 350,000 | (6) 300,000 | (5) 250,000 | (4) 200,000 | (3) 150,000 | (2) 100,000 | (1) 50,000 | (0) 0000	When entering Combat, you may use 1 of your Non-Combat card already in play.
Vegeta The Ready (lvl 1)	AndroidsSaga	as121	121	1	R		Hero	(2)	(10) 850,000 | (9) 830,000 | (8) 810,000 | (7) 790,000 | (6) 770,000 | (5) 750,000 | (4) 730,000 | (3) 710,000 | (2) 690,000 | (1) 670,000 | (0) 0000	(Constant Combat Power) Physical attacks performed by Vegeta do +1 power stages of damage for every ally your opponent has in play.
Yajirobe (lvl 4)	AndroidsSaga	as122	122	4	R		Hero	(2)	(10) 100,000 | (9) 90,000 | (8) 80,000 | (7) 70,000 | (6) 60,000 | (5) 50,000 | (4) 40,000 | (3) 30,000 | (2) 20,000 | (1) 10,000 | (0) 0000	Energy attack. Cost 0 power stages to perform.
Yamcha (lvl 4)	AndroidsSaga	as123	123	4	R		Hero	(3)	(10) 500,000 | (9) 450,000 | (8) 400,000 | (7) 350,000 | (6) 300,000 | (5) 250,000 | (4) 200,000 | (3) 150,000 | (2) 100,000 | (1) 50,000 | (0) 0000	Physical attack. If successful, also capture an opponent's Dragon Ball.
The Hero Is Down	AndroidsSaga	as124	124		UR	Colorless	Non-Combat			Villains only. Use at the end of Combat. Reduce all of your opponent's personalities to 0 power stages. Limit 1 per deck. Remove from the game after use.
Trunks Guardian Drill	AndroidsSaga	as125	125		UR	Named	Non-Combat			Heroes only. Once per combat, in place of an attack, you may place in play a Non-Combat card from your hand.
Cell Smiles	AndroidsSaga	c1	C1		C	Named	Non-Combat			Choose 1 card from your opponent's hand. Your opponent shuffles that card into his Life Deck.
Cell's Dark Attack	AndroidsSaga	c2	C2		C	Named	Energy Combat			Villains only. Energy attack doing 6 life cards of damage.
Cell's Energy Blast	AndroidsSaga	c3	C3		U	Named	Energy Combat			Villains only. Energy attack doing 7 life cards of damage. You may not perform energy attacks for the remainder of Combat. Remove from the game after use.
Cell's Defense	AndroidsSaga	c4	C4		U	Named	Combat			Villains only. Stops all physical or all energy attacks for the remainder of Combat. Remove from the game after use. Limit 1 per deck.
Awful Abrasions	AndroidsSaga	c5	C5		R	Colorless	Non-Combat			Place this card on your opponent's Main Personality. Your opponent lowers his anger to 0 and he may not raise his anger level until he places a Dragon Ball card in play. Discard this card when your opponent places a Dragon Ball card in play.
Cell's Threatening Position	AndroidsSaga	c6	C6		R	Named	Combat			Villains only. Reduce your opponent's Main Personality to its level 1 personality card. Limit 1 per deck. Remove from the game after use.
The Eyes Have It	ASPromo	asp1	P1		P	Colorless	Non-Combat			Search any opponent's Life Deck for all copies of all Dragon Balls and set them aside. Shuffle that opponent's Life Deck and place those Dragon Balls at the bottom of his Life Deck in any order.
Foreboding Evidence	ASPromo	asp2	P2		P	Colorless	Non-Combat			If your Main Personality is a hero, choose up to 3 Non-Combat cards in your discard pile and place them on top of your Life Deck. If your Main Personality is a villain, shuffle all Combat cards in your discard pile into your Life Deck. Limit 1 per deck.
A Burst of Energy	ASPromo	asp3	P3		P	Colorless	Non-Combat			Use when needed. Raise all of your personalities to their highest power stage. Remove from the game after use.
Krillin's Search	ASPromo	asp4	P4		P	Named	Combat			Draw a card. If that card is a named card, show it to your opponent and draw another card. Remove from the game after use.
Android 19 is Stoic	ASPromo	asp5	P5		P	Named	Combat			Stops a physical or energy attack. You may choose to discard a card from your hand. If you do, your opponent's Main Personality loses 2 power stages. Remove from the game after use.
Krillin's Ready	ASPromo	asp6	P6		P	Named	Energy-Combat			Stops an Energy attack. Your opponent discards the top 3 cards from his Life Deck. You may only defend for the remainder of Combat.
Android 16 Smiles	ASPromo	asp7	P7		P	Named	Non-Combat			Stops physical attack. If the defending personality has "Android" in the card title, search your discard pile for 1 card with "Android" in the card title and place it in your hand. Remove from the game after use.
Yamcha's Right Cross	ASPromo	asp8	P8		P	Named	Physical-Combat			Physical attack. Lower your opponent's anger to 0 at the end of this Combat. Remove from the game after use.
Goku's Hesitation	ASPromo	asp9	P9		P	Named	Combat			Lower your opponent's anger to 0. You must pass in your next attack phase.
Planet Vegeta	ASPromo	asp10	P10		P	Colorless	Location			Each player has his Main Personality's PUR increased by 1.
Goku's Dashing Punch	ASPromo	asp11	P11		P	Named	Physical Combat			Physical attack doing 8 power stages of damage. Lower your opponent's anger to 0. Limit 1 per deck.
Android 18 (lvl 1 - Alt.Picture)	AndroidsSaga	as116b	116b	1	R		Villain	(1)	(10) 1,499,000 | (9) 1,399,000 | (8) 1,299,000 | (7) 1,199,000 | (6) 999,000 | (5) 899,000 | (4) 799,000 | (3) 699,000 | (2) 399,000 | (1) 299,000 | (0) 0000	Defense Shield: Stops the first unstopped attack performed against you this Combat. 
Blue Sliding Dodge	CellSaga	cs001	001		C	Blue	Energy Combat			Stops an energy attack. Lower your opponent's anger 1 level.
Red Side Step	CellSaga	cs002	002		C	Red	Physical Combat			Stops a physical attack. Raise your anger 1 level.
Blue Fist Strike	CellSaga	cs003	003		C	Blue	Physical Combat			Physical attack doing +3 power stages of damage. Lower your opponent's anger 2 levels.
Orange Focused Blast	CellSaga	cs004	004		C	Orange	Energy Combat			Energy attack doing 6 life cards of damage.
Orange Blast	CellSaga	cs005	005		C	Orange	Energy Combat			Energy attack. Raise your anger 1 level.
Saiyan Right Cross	CellSaga	cs006	006		C	Saiyan	Physical Combat			Physical attack doing +3 power stages of damage.
Namekian Energy Ray	CellSaga	cs007	007		C	Namekian	Energy Combat			Energy attack. Lower your opponent's anger 1 level.
Black Fatality	CellSaga	cs008	008		C	Black	Energy Combat			Energy attack doing 5 life cards of damage. Raise your anger 1 level.
Blue Flight	CellSaga	cs009	009		C	Blue	Physical Combat			Physical attack doing +4 power stages of damage. Lower your opponent's anger 1 level.
Saiyan Defensive Stance	CellSaga	cs010	010		C	Saiyan	Energy Combat			Stops an energy attack.
Namekian Backflip	CellSaga	cs011	011		C	Namekian	Physical Combat			Namekian Heritage only. Stops a physical attack. You may have up to 8 copies of this card in your Life Deck.
Namekian Physical Stance	CellSaga	cs012	012		C	Namekian	Physical Combat			Stops a physical attack. Lower your opponent's anger 1 level.
Namekian Destruction Blast	CellSaga	cs013	013		C	Namekian	Energy Combat			Energy attack doing 7 life cards of damage. Costs 4 power stages to perform.
Saiyan Energy Orb	CellSaga	cs014	014		C	Saiyan	Energy Combat			Energy attack doing 5 life cards of damage.
Saiyan Counterstrike	CellSaga	cs015	015		C	Saiyan	Physical Combat			Stops a physical attack.
Saiyan Energy Attack	CellSaga	cs016	016		C	Saiyan	Energy Combat			Saiyan Heritage only. Energy attack doing 6 life cards of damage.
Blue Backflip	CellSaga	cs017	017		C	Blue	Physical Combat			Stops a physical attack. Lower your opponent's anger 1 level.
Saiyan Left Hook	CellSaga	cs018	018		C	Saiyan	Physical Combat			Saiyan Heritage only. Physical attack doing +3 life cards of damage.
Black Power Punch	CellSaga	cs019	019		C	Black	Physical Combat			Physical attack doing 4 power stages of damage
Black Quick Blast	CellSaga	cs020	020		C	Black	Energy Combat			Energy attack. Raise your anger 1 level.
Orange Sidestep	CellSaga	cs021	021		C	Orange	Physical Combat			Stops a physical attack. Raise your anger 1 level.
Namekian Headbutt	CellSaga	cs022	022		C	Namekian	Physical Combat			Namekian Heritage only. Physical attack doing 3 life cards of damage. You may have up to 8 copies of this card in your Life Deck.
Black Twin Blast	CellSaga	cs023	023		C	Black	Energy Combat			Energy attack. Lower your opponent's anger 1 level.
Saiyan Palm Blast	CellSaga	cs024	024		C	Saiyan	Energy Combat			Saiyan Heritage only. Energy attack. If successful, also raise your anger 1 level.
Blue Swift Dodge	CellSaga	cs025	025		C	Blue	Physical Combat			Stops a physical attack. Lower your opponent's anger 1 level.
Black Forearm Block	CellSaga	cs026	026		C	Black	Physical Combat			Stops a physical attack. Raise your anger 1 level.
Red Flight	CellSaga	cs027	027		C	Red	Physical Combat			Physical attack doing +3 power stages of damage. Raise your anger 1 level.
Red Defensive Jump	CellSaga	cs028	028		C	Red	Physical Combat			Stops a physical attack. Raise your anger 1 level.
Orange Strike	CellSaga	cs029	029		C	Orange	Energy Combat			Energy attack doing 5 cards of damage. Raise your anger 1 level.
Black Strike	CellSaga	cs030	030		C	Black	Energy Combat			Energy attack doing 2 life cards and 2 power stages of damage.
Orange Energy Deflection	CellSaga	cs031	031		C	Orange	Energy Combat			Stops an energy attack. Raise your anger 1 level.
Red Power Strike	CellSaga	cs032	032		C	Red	Physical Combat			Physical attack doing +3 power stages of damage. Raise your anger 1 level.
Red Face Strike	CellSaga	cs033	033		C	Red	Physical Combat			Physical attack doing +2 power stages of damage. Raise your anger 1 level.
Namekian Power Kick	CellSaga	cs034	034		C	Namekian	Physical Combat			Physical attack doing +3 power stages of damage.
Orange Left Kick	CellSaga	cs035	035		C	Orange	Physical Combat			Stops a physical attack. Raise your anger 1 level.
Red Driving Jab	CellSaga	cs036	036		C	Red	Physical Combat			Physical attack donig +4 power stages of damage.
Red Crush	CellSaga	cs037	037		C	Red	Physical Combat			Physical attack. Raise your anger 1 level.
Black Neck Break	CellSaga	cs038	038		C	Black	Physical Combat			Physical attack doing 3 life cards of damage. Raise your anger 1 level.
Dende Dragon Ball 1	CellSaga	cs039	039		C		Dragon Ball			Raise your Main Personality to its highest power stage. Lower your opponent's anger 3 levels.
Dende Dragon Ball 2	CellSaga	cs040	040		C		Dragon Ball			Raise your Main Personality to its highest power stage. You may shuffle a Dragon Ball in play back into the owner's Life Deck.
Saiyan Triple Kick	CellSaga	cs041	041		U	Saiyan	Physical Combat			Saiyan Heritage only. Physical attack doing +5 power stages of damage.
Namekian Fist Block	CellSaga	cs042	042		U	Namekian	Physical Combat			Stops a physical attack. Gain 3 power stages.
Namekian Special Beam Cannon	CellSaga	cs043	043		U	Namekian	Combat			Energy attack doing 3 life cards of damage. If successful, gain 2 power stages.
Namekian Bash	CellSaga	cs044	044		U	Namekian	Physical Combat			Physical attack doing +4 power stages of damage.
Namekian Energy Catch	CellSaga	cs045	045		U	Namekian	Energy Combat			Stops an energy attack. Gain 3 power stages.
Red Offensive Stance	CellSaga	cs046	046		U	Red	Physical Combat			Stops a physical attack. Gain 5 power stages. Raise your anger 1 level.
Blue Evasion	CellSaga	cs047	047		U	Blue	Physical Combat			Stops a physical attack. Lower your opponent's anger 1 level. Raise your anger 1 level.
Orange Energy Focus	CellSaga	cs048	048		U	Orange	Energy Combat			Energy attack doing 5 power stages of damage. Gosts 1 power stage to perform.
Namekian Upward Dash	CellSaga	cs049	049		U	Namekian	Physical Combat			Physical attack. Place the bottom 2 cards from your discard pile at the bottom of your Life Deck.
Saiyan Left Punch	CellSaga	cs050	050		U	Saiyan	Physical Combat			Saiyan Heritage only. Physical attack doing +4 power stages of damage.
Black Dodge	CellSaga	cs051	051		U	Black	Physical Combat			Stops an energy attack. Raise your anger 1 level.
Orange Energy Discharge	CellSaga	cs052	052		U	Orange	Energy Combat			Energy attack doing 6 life cards of damage. Your opponent may not use Energy Combat cards to stop this attack.
Saiyan Power Kick	CellSaga	cs053	053		U	Saiyan	Physical Combat			Physical attack doing +4 power stages of damage. you may discard a cards from your hand when performing this attack to do +8 power stages of damage instead.
Saiyan Strike	CellSaga	cs054	054		U	Saiyan	Physical Combat			Physical attack doing 5 power stages of damage.
Orange Power Blast	CellSaga	cs055	055		U	Orange	Energy Combat			Energy attack doing 3 life cards of damage. Costs 0 power stages to perform.
Blue Palm Shot	CellSaga	cs056	056		U	Blue	Physical Combat			Stops a physical attack. Lower your opponent's anger 2 levels.
Red Jump	CellSaga	cs057	057		U	Red	Physical Combat			Stops a physical attack. Lower your opponent's anger 1 level. Raise your anger 1 level.
Namekian Rock Crush	CellSaga	cs058	058		U	Namekian	Physical Combat			Physical attack doing 6 life cards of damage. Costs 3 power stages to perform.
Saiyan High Jump Kick	CellSaga	cs059	059		U	Saiyan	Physical Combat			Physical attack doing 3 life cards of damage.
Saiyan Flying Kick	CellSaga	cs060	060		U	Saiyan	Physical Combat			Saiyan Heritage only. Physical attack doing +5 power stages of damage. If successful, your opponent discards the top 2 cards from his Life Deck.
Orange Solar Flare	CellSaga	cs061	061		U	Orange	Energy Combat			Energy attack doing +3 power stages of damage. Costs 3 power stages to perform.
Red Dodge	CellSaga	cs062	062		U	Red	Physical Combat			Stops a physical attack. Remove the top 10 cards from your opponent's discard pile from the game. Raise your anger 1 level.
Orange Side Shot	CellSaga	cs063	063		U	Orange	Energy Combat			Energy attack doing +2 power stages of damage.
Black Side Block	CellSaga	cs064	064		U	Black	Physical Combat			Stops a physical attack. Raise your anger 1 level.
Blue Flip	CellSaga	cs065	065		U	Blue	Physical Combat			Stops a physical attack. Place the bottom card of your discard pile on the bottom of your Life Deck. Lower your opponent's anger 1 level.
Blue Wrist Block	CellSaga	cs066	066		U	Blue	Physical Combat			Stops a physical attack. Discard one of your opponent's Non-Combat cards.
Orange Ally Drill	CellSaga	cs067	067		U	Orange	Non-Combat			After you receive damage from a successful energy attack, search your Life Deck for an Ally and place it into play at 4 power stages above 0.
Heroes' Discovery	CellSaga	cs068	068		U	Colorless	Non-Combat			Look at your opponent's hand. If your opponent's Main Personality has "Android" in the card title, choose and discard a card from his hand.
Piccolo's Determination	CellSaga	cs069	069		U	Named	Non-Combat			Draw a card. Raise your anger 1 level.
The Car	CellSaga	cs070	070		U	Colorless	Non-Combat			Remove an Ally in play from the game. If your Main Personality is Android 17 or Android 18, remove 2 allies from the game instead.
Krillin's Thoughts	CellSaga	cs071	071		U	Named	Non-Combat			Look at the top 6 cards of your opponent's Life Deck and put them back on top in any order.
Capsule Corp. Ship	CellSaga	cs072	072		U	Colorless	Non-Combat			Heroes only. Raise any personality in play to its highest power stage.
Dende Dragon Ball 3	CellSaga	cs073	073		U		Dragon Ball			Raise your Main Personality to its highest power stage. Draw the top 3 cards from your discard pile.
Dende Dragon Ball 4	CellSaga	cs074	074		U		Dragon Ball			Raise your Main Personality to its highest power stage. Discard up to 3 Allies in play.
Dende Dragon Ball 5	CellSaga	cs075	075		U		Dragon Ball			Raise your Main Personality to its highest power stage. Pick up to 5 cards from your discard pile and shuffle them back into your Life Deck.
Exhaustion	CellSaga	cs076	076		U	Colorless	Combat			Your opponent loses 4 power stages, to a minimum of 0.
Trunks Prepares	CellSaga	cs077	077		U	Named	Non-Combat			When defending in Combat, you may draw the bottom 3 cards from your discard pile instead of drawing 3 cards from your Life Deck.
Smokescreen	CellSaga	cs078	078		U	Colorless	Combat			Stops a physical or energy attack. Remove from the game after use.
Time Chamber Training	CellSaga	cs079	079		U	Colorless	Non-Combat			Until the end of the game, all of your successful attacks do +1 power stage of damage. Remove from the game after use.
Gohan's Stance	CellSaga	cs080	080		U	Named	Physical Combat			The next physical attack you perform this Combat does +4 life cards of damage.
Grappling Stance	CellSaga	cs081	081		U	Colorless	Combat			All of your physical attacks do +2 power stages of damage for the remainder of Combat.
Cell's Android Absorbtion	CellSaga	cs082	082		U	Named	Non-Combat			Cell only. If Android 17 or Android 18 is in play and they are not a Main Personality, remove one of them from the game. Raise Cell to his highest power stage.
Ally Rescue	CellSaga	cs083	083		U	Colorless	Non-Combat			Search your discard pile for an Ally and place it in play at 2 power stages above 0.
Yamcha, the Friend(Lvl 1)	CellSaga	cs084	084	1	U		Hero	(1)	(10) 300,000 | (9) 275,000 | (8) 250,000 | (7) 225,000 | (6) 200,000 | (5) 175,000 | (4) 150,000 | (3) 125,000 | (2) 100,000 | (1) 75,000 | (0) 0000	Energy attack. If successful, lower your opponent's anger 1 level.
Yamcha, the Battler (Lvl 2)	CellSaga	cs085	085	2	U		Hero	(2)	(10) 325,000 | (9) 300,000 | (8) 275,000 | (7) 250,000 | (6) 225,000 | (5) 200,000 | (4) 175,000 | (3) 150,000 | (2) 125,000 | (1) 100,000 | (0) 0000	(Constant Combat Power) All energy attacks performed by Yamcha do +2 power stages of damage.
Tien, the Swift(Lvl 1)	CellSaga	cs086	086	1	U		Hero	(1)	(10) 400,000 | (9) 360,000 | (8) 320,000 | (7) 280,000 | (6) 240,000 | (5) 200,000 | (4) 160,000 | (3) 120,000 | (2) 80,000 | (1) 40,000 | (0) 0000	Energy attack. Costs 1 power stage to perform.
Tien, the Leader (Lvl 3)	CellSaga	cs087	087	3	U		Hero	(4)	(10) 500,000 | (9) 460,000 | (8) 420,000 | (7) 380,000 | (6) 340,000 | (5) 300,000 | (4) 260,000 | (3) 220,000 | (2) 180,000 | (1) 140,000 | (0) 0000	Physical attack. If successful, raise or lower your opponent's anger 3 levels.
Yamcha, the Powerful (Lvl 3)	CellSaga	cs088	088	3	U		Hero	(3)	(10) 350,000 | (9) 325,000 | (8) 300,000 | (7) 275,000 | (6) 250,000 | (5) 225,000 | (4) 200,000 | (3) 175,000 | (2) 150,000 | (1) 125,000 | (0) 0000	Physical attack. If successful, lower your opponent's anger to 0.
Krillin, the Friend  (Lvl 1)	CellSaga	cs089	089	1	U		Hero	(2)	(10) 500,000 | (9) 475,000 | (8) 450,000 | (7) 425,000 | (6) 400,000 | (5) 375,000 | (4) 350,000 | (3) 325,000 | (2) 300,000 | (1) 275,000 | (0) 0000	Energy attack. Costs 0 power stages to perform. If you declared a Blue Tokui-Waza, lower your opponent's anger 2 levels.
Android 19 (Lvl 1)	CellSaga	cs090	090	1	U		Villain	(2)	(12) 1,200,000 | (11) 1,100,000 | (10) 1,000,000 | (9) 900,000 | (8) 800,000 | (7) 700,000 | (6) 600,000 | (5) 500,000 | (4) 400,000 | (3) 300,000 | (2) 200,000 | (1) 100,000 | (0) 0000	Stops an energy attack. If you declared an Orange Tokui-Waza, gain 3 power stages.
Tien's Tri-Beam	CellSaga	cs091	091		U	Named	Energy Combat			Energy attack doing 2 life cards of damage. Stays in play to be used 2 more times this Combat. Remove from the game after use.
Orange Deflection	CellSaga	cs092	092		U	Orange	Physical Combat			Stops a physical attack. If you declared Tokui-Waza, stop your opponent's next physical attack in his next "Attacker Attacks!" phase.
Krillin's Solar Flare	CellSaga	cs093	093		U	Named	Energy Combat			Energy attack. If successful, your opponent may not play Physical Combat cards for the remainder of Combat.
Namekian Side Kick	CellSaga	cs094	094		U	Namekian	Physical Combat			Physical attack doing +2 life cards of damage. If successful, draw the top card from your discard pile. Lower your opponent's anger 2 levels. Remove from the game after use.
Android 19, Recalled  (Lvl 2)	CellSaga	cs095	095	2	U		Villain	(1)	(12) 1,250,000 | (11) 1,150,000 | (10) 1,050,000 | (9) 950,000 | (8) 850,000 | (7) 750,000 | (6) 650,000 | (5) 550,000 | (4) 450,000 | (3) 350,000 | (2) 250,000 | (1) 150,000 | (0) 0000	(Constant Combat Power) Defense Shield: Stops the first unstopped physical attack performed against you. When entering Combat, if you declared an Orange Tokui-Waza gain 5 power stages.
Namekian Energy Deflection	CellSaga	cs096	096		U	Namekian	Energy Combat			Namekian Heritage only. Stops an energy attack. Shuffle the top and bottom cards from your discard pile into your Life Deck.
Krillin, the Champion  (Lvl 3)	CellSaga	cs097	097	3	U		Hero	(3)	(10) 700,000 | (9) 650,000 | (8) 600,000 | (7) 550,000 | (6) 500,000 | (5) 450,000 | (4) 400,000 | (3) 350,000 | (2) 300,000 | (1) 250,000 | (0) 0000	At the end of Combat, you may search your Life Deck for a Non-Combat card and place it in play. If you declared a Blue Tokui-Waza, lower your opponent's anger 2 levels.
Android 19, Recharged  (Lvl 3)	CellSaga	cs098	098	3	U		Villain	(2)	(12) 1,300,000 | (11) 1,200,000 | (10) 1,100,000 | (9) 1,000,000 | (8) 900,000 | (7) 800,000 | (6) 700,000 | (5) 600,000 | (4) 500,000 | (3) 400,000 | (2) 300,000 | (1) 200,000 | (0) 0000	Energy attack. Costs 0 power stages to perform. Draw a card. If you declared an Orange Tokui-Waza, draw another card.
Krillin, the Hero (Lvl 2)	CellSaga	cs099	099	2	U		Hero	(2)	(10) 600,000 | (9) 550,000 | (8) 500,000 | (7) 450,000 | (6) 400,000 | (5) 350,000 | (4) 300,000 | (3) 250,000 | (2) 200,000 | (1) 150,000 | (0) 0000	Physical attack doing 3 life cards of damage. If you declared a Blue Tokui-Waza this attack does +1 power stage of damage for each 1 of your opponent's anger levels below 5.
Speaking with the King Drill	CellSaga	cs100	100		U	Colorless	Non-Combat			Once per turn, look at the top 3 cards of your Life Deck, put 1 of them in your hand and remove the other 2 from the game.
Orange Goku's Kamehameha	CellSaga	cs101	101		U	Orange	Energy Combat			Energy attack doing 6 life cards of damage. Raise your anger 1 level.
Straining Hand Blast Move	CellSaga	cs102	102		U	Colorless	Energy Combat			Energy attack doing 7 life cards of damage. Discard a card from your hand. If successful, remove all Non-Combat cards, Battlegrounds, and Allies from the game. Your opponent may draw up to 3 cards.
Tien, the Quick (Lvl 2)	CellSaga	cs103	103	2	U		Hero	(3)	(10) 450,000 | (9) 410,000 | (8) 370,000 | (7) 330,000 | (6) 290,000 | (5) 250,000 | (4) 210,000 | (3) 170,000 | (2) 130,000 | (1) 90,000 | (0) 0000	Energy attack. If successful, remove an opponent's Drill card in play from the game.
Blue Straight Jab	CellSaga	cs104	104		U	Blue	Physical Combat			Physical attack doing +5 power stages of damage. If successful, lower your opponent's anger 2 levels.
Namekian Power Up	CellSaga	cs105	105		U	Namekian	Physical Combat			Physical attack. If successful, also raise your Main Personality to its highest power stage. Remove from the game after use.
Android 16 Detects	CellSaga	cs106	106		U	Named	Physical Combat			Physical attack or remove all of the Combat cards in your opponent's discard pile from the game.
Orange Gaze	CellSaga	cs107	107		U	Orange	Non-Combat			Stops a physical attack. Place this card at the bottom of your Life Deck after use.
Namekian Energy Beam	CellSaga	cs108	108		U	Namekian	Energy Combat			Energy attack doing 10 life cards of damage. Costs 4 power stages to perform. If successful, remove the top 3 cards of your Life Deck from the game. If this attack is stopped, discard your hand. Remove from the game after use.
Bulma, the Expert (Lvl 3)	CellSaga	cs109	109	3	U		Hero	(1)	(10) 4,000 | (9) 3,900 | (8) 3,800 | (7) 3,700 | (6) 3,600 | (5) 3,500 | (4) 3,400 | (3) 3,300 | (2) 3,200 | (1) 2,100 | (0) 0000	Energy attack. At the end of Combat, search your Life Deck for an Ally and place it in play at 6 power stages above 0.
Krillin Asks For Help	CellSaga	cs110	110		U	Named	Combat			Krillin only. Choose up to 2 Allies from your Life Deck and place them in play at their highest power stage. Remove from the game after use.
Namekian Regeneration	CellSaga	cs111	111		U	Namekian	Combat			Namekian Heritage only. Shuffle the top or bottom 3 cards from your discard pile into your Life Deck.
Namekian Dash Attack	CellSaga	cs112	112		R	Namekian	Physical Combat			Physical attack doing 3 life cards of damage. If Piccolo and Nail are in play, this attack does 8 life cards of damage instead. Remove from the game after use.
Madness!	CellSaga	cs113	113		R	Colorless	Combat			Allies cannot attack, block, or use their powers for the remainder of combat. Damage may not be redirected for the remainder of combat.
Chi-Chi, the Wife (Lvl 3)	CellSaga	cs114	114	3	R		Hero	(1)	(10) 7,000 | (9) 6,500 | (8) 6,000 | (7) 5,500 | (6) 5,000 | (5) 4,500 | (4) 4,000 | (3) 3,500 | (2) 3,000 | (1) 2,500 | (0) 0000	When entering Combat, remove all of your opponent's Non-Combat cards in play from the game.
Focusing	CellSaga	cs115	115		R	Colorless	Non-Combat			Raise any personality in play to its highest power stage. The next energy attack that personality performs this Combat costs 0 power stages to perform.
Stunned	CellSaga	cs116	116		R	Colorless	Combat			Krillin, Piccolo, and Trunks may not attack, block, or use their powers for the remainder of Combat. Remove from the game after use.
Blue Assistance Drill	CellSaga	cs117	117		R	Blue	Non-Combat			All attacks performed by your Allies do +2 power stages of damage.
Mr. Popo's Calming	CellSaga	cs118	118		R	Named	Non-Combat			Use at the end of a turn. If your opponent's Main Personality is at level 4, lower your opponent's Main Personality one personality level. Limit 1 per deck.
Namekian Preparation Drill	CellSaga	cs119	119		R	Namekian	Non-Combat			When entering Combat as the defender, look at the top 5 cards from your Life Deck and put them back on top in any order.
Krillin Unleashed	CellSaga	cs120	120		R	Named	Energy Combat			Energy attack. If successful, draw a card.
Dende Dragon Ball 6	CellSaga	cs121	121		R		Dragon Ball			Raise your Main Personality to its highest power stage. Set all of your opponent's personalities to 4 power stages above 0.
Dende Dragon Ball 7	CellSaga	cs122	122		R		Dragon Ball			Raise your Main Personality to its highest power stage. Choose 3 cards from your discard pile and place them on top of your Life Deck.
Cell's Power Drain	CellSaga	cs123	123		R	Named	Non-Combat			Cell only. Raise your Main Personality to its highest power stage. Lower all of your opponent's Allies to 0 power stages.
Saiyan Power Blast	CellSaga	cs124	124		R	Saiyan	Energy Combat			Energy attack doing 5 life cards of damage. You may choose to have one of your Allies lose 3 power stages to do an additional +5 power stages of damage.
Run Away	CellSaga	cs125	125		R	Colorless	Combat			Remove one Battleground in play from the game. You may search your Life Deck for any Battleground and place it in play to replace it.
Blue Style Mastery (CS)	CellSaga	cs126	126		R	Blue	Mastery			Once per Combat, you may discard a card from your hand to stop a physical or energy attack. If that card is a Blue Style card, lower your opponent's anger 2 levels.
Trunks, the Powerful (Lvl 4)	CellSaga	cs127	127	4	R		Hero	(4)	(12) 4,700,000 | (11) 4,400,000 | (10) 4,100,000 | (9) 3,800,000 | (8) 3,500,000 | (7) 3,200,000 | (6) 2,900,000 | (5) 2,600,000 | (4) 2,300,000 | (3) 2,000,000 | (2) 1,700,000 | (1) 1,400,000 | (0) 0000	(Constant Combat Power) Your opponents may not perform energy attacks.
Blueprints	CellSaga	cs128	128		R	Colorless	Non-Combat			Set all personalities with the word "Android" in their card title to 0 power stages. They may not gain power stages until the beginning of your next turn.
Black Style Mastery (CS)	CellSaga	cs129	129		R	Black	Mastery			Once per Combat, in place of an attack, you may discard a card from your hand. If that card is a Black Style card, discard a card at random from your opponent's hand. If your discard is not a Black Style card, your opponent chooses and discards a card.
Saiyan Style Mastery (CS)	CellSaga	cs130	130		R	Saiyan	Mastery			When entering Combat, discard a life card. If that card is a Saiyan Style card, draw 2 cards. If that card is not a Saiyan Style card, draw 1 card.
Red Style Mastery (CS)	CellSaga	cs131	131		R	Red	Mastery			When entering Combat, you may remove the top card from your discard pile from the game to have all of your physical attacks do +1 power stage of damage for the remainder of Combat. If that card is a Red Style card, all of your physical attacks do +3, instead.
Piccolo, the Namek (Lvl 4)	CellSaga	cs132	132	4	R		Hero	(4)	(12) 3,200,000 | (11) 3,000,000 | (10) 2,750,000 | (9) 2,500,000 | (8) 2,250,000 | (7) 2,000,000 | (6) 1,750,000 | (5) 1,500,000 | (4) 1,250,000 | (3) 1,000,000 | (2) 750,000 | (1) 500,000 | (0) 0000	Physical attack. Place the bottom 3 cards of your discard pile on the bottom of your Life Deck.
Android 18 (Lvl 4)	CellSaga	cs133	133	4	R		Villian	(3)	(10) 2,200,000 | (9) 2,000,000 | (8) 1,900,000 | (7) 1,750,000 | (6) 1,300,000 | (5) 1,000,000 | (4) 700,000 | (3) 500,000 | (2) 200,000 | (1) 150,000 | (0) 0000	Physical attack doing +6 power stages of damage. Lower your opponent's anger 3 levels. If "The Car" is in play, this attack also does 5 life cards of damage.
Gohan, the Winner (Lvl 5)	CellSaga	cs134	134	5	R		Hero	(5)	(12) 5,000,000 | (11) 4,800,000 | (10) 4,600,000 | (9) 4,400,000 | (8) 4,200,000 | (7) 4,000,000 | (6) 3,800,000 | (5) 3,600,000 | (4) 3,400,000 | (3) 3,200,000 | (2) 3,000,000 | (1) 2,800,000 | (0) 0000	Physical attack doing 5 life cards of damage. This power may be used twice per Combat.
Goku (CS-Lvl 4)	CellSaga	cs135	135	4	R		Hero	(4)	(12) 3,800,000 | (11) 3,650,000 | (10) 3,500,000 | (9) 3,350,000 | (8) 3,200,000 | (7) 3,050,000 | (6) 2,900,000 | (5) 2,750,000 | (4) 2,600,000 | (3) 2,450,000 | (2) 2,300,000 | (1) 2,150,000 | (0) 0000	Physical attack doing 5 power stages and 3 life cards of damage.
Cell, the Master (Lvl 5)	CellSaga	cs136	136	5	R		Villain	(4)	(12) 4,300,000 | (11) 4,200,000 | (10) 4,100,000 | (9) 4,000,000 | (8) 3,900,000 | (7) 3,800,000 | (6) 3,700,000 | (5) 3,600,000 | (4) 3,500,000 | (3) 3,400,000 | (2) 3,300,000 | (1) 3,200,000 | (0) 0000	Energy attack doing 12 life cards of damage. Costs 0 power stages to perform.
Cell, the Destroyer (Lvl 4)	CellSaga	cs137	137	4	R		Villain	(4)	(12) 4,000,000 | (11) 3,800,000 | (10) 3,600,000 | (9) 3,400,000 | (8) 3,200,000 | (7) 3,000,000 | (6) 2,800,000 | (5) 2,600,000 | (4) 2,400,000 | (3) 2,200,000 | (2) 2,000,000 | (1) 1,800,000 | (0) 0000	Energy attack doing 9 life cards of damage.
Gohan, Ascendant (Lvl 4)	CellSaga	cs138	138	4	R		Hero	(4)	(12) 4,200,000 | (11) 4,000,000 | (10) 3,800,000 | (9) 3,600,000 | (8) 3,400,000 | (7) 3,200,000 | (6) 3,000,000 | (5) 2,800,000 | (4) 2,600,000 | (3) 2,400,000 | (2) 2,200,000 | (1) 2,000,000 | (0) 0000	Energy attack doing 4 life cards and 4 power stages of damage. Costs 0 power stags to perform.
Krillin, the Mighty (Lvl 4)	CellSaga	cs139	139	4	R		Hero	(4)	(10) 800,000 | (9) 750,000 | (8) 700,000 | (7) 650,000 | (6) 600,000 | (5) 550,000 | (4) 500,000 | (3) 450,000 | (2) 400,000 | (1) 350,000 | (0) 0000	Energy attack doing 5 life cards of damage. If successful, power Krillin up to full. If you declared a Blue Tokui-Waza, lower your opponent's anger to 0.
Orange Style Mastery (CS)	CellSaga	cs140	140		R	Orange	Mastery			All of your energy attacks do +1 life card of damage. If you perform a successful energy attack with an Orange Style card, your opponent can't play a Physical Combat card during his next "Attacker Attacks!" phase.00
Namekian Style Mastery (CS)	CellSaga	cs141	141		R	Namekian	Mastery			When entering Combat, shuffle the top card from your discard pile into your Life Deck. If that card is a Namekian Style card, draw a card.
Red Feint	CellSaga	cs142	142		R	Red	Physical Combat			Physical attack. If successful, and you declared a Tokui-Waza, remove your opponent's discard pile from the game.
Blue Elbow Drop	CellSaga	cs143	143		R	Blue	Physical Combat			Physical attack doing 1 life card of damage. If successful, and the top card of your opponent's discard pile is not a physical attack, your opponent discards the top 5 cards from his Life Deck.
Blue Diving Punch Drill	CellSaga	cs144	144		R	Blue	Non-Combat			Physical attack. Your opponent cannot take life cards or power stages of damage from this attack. You may use this Drill twice per Combat.
Blue Left Cross Punch	CellSaga	cs145	145		R	Blue	Physical Combat			Physical attack doing +2 power stages of damage. Costs 2 power stages to perform. If successful, your opponent also discards X life cards. X = 5 minus his anger level.
Orange City Destruction	CellSaga	cs146	145		R	Orange	Energy Combat			Energy attack. If successful, and you declared a Tokui-Waza, remove up to 2 of your opponent's Non-Combat cards from the game. Remove from the game after use.
Orange Haulting Drill	CellSaga	cs147	147		R	Orange	Non-Combat			All successful physical attacks performed against you do a maximum of 3 power stages of damage. Limit 1 per deck.
Saiyan Offensive Rush	CellSaga	cs148	148		R	Saiyan	Non-Combat			Your Main Personality loses 4 power stages. All attacks you perform for the remainder of Combat do +3 life cards of damage.
Namekian Fusion	CellSaga	cs149	149		R	Namekian	Non-Combat			Raise your Main Personality to its highest power stage. Draw a card and show it to your opponent. If that card is a Namekian Style card, choose 2 cards from your discard pile and place them on the bottom of your Life Deck. Remove from the game after use.
Android 16's Battle Charge	CellSaga	cs150	150		R	Named	Physical Combat			Physical attack doing +1 power stage of damage for every Ally you have in play.
Namekian Fist Smash	CellSaga	cs151	151		R	Namekian	Physical Combat			Physical attack doing +3 power stages of damage. If you declare a Tokui-Waza, for every life card of damage this attack deals, choose a card from your discard pile and place it on the bottom of your Life Deck. Remove from the game after use.
Android 16's Rage	CellSaga	cs152	152		R	Named	Physical Combat			Physical attack doing 7 power stages of damage. Discard 2 life carsd from the top of your Life Deck.
Namekian Energy Focus	CellSaga	cs153	153		R	Namekian	Combat			Draw the bottom card from your discard pile. If that card is a Namekian Style card, you may search your Life Deck for an Energy Combat card and place it in your hand. Remove from the game after use.
Vegeta, Ascendant(Lvl 4)	CellSaga	cs154	154	4	R		Hero	(4)	(12) 3,600,000 | (11) 3,475,000 | (10) 3,350,000 | (9) 3,225,000 | (8) 3,100,000 | (7) 2,975,000 | (6) 2,850,000 | (5) 2,725,000 | (4) 2,600,000 | (3) 2,475,000 | (2) 2,350,000 | (1) 2,225,000 | (0) 0000	Defense Shield: When defending in Combat, stop the first unstopped attack performed against you. When entering Combat, draw a card. 
Saiyan Rapid Fire	CellSaga	cs155	155		R	Saiyan	Energy Combat			Energy attack. If successful, deal 4 power stages of damage to every Ally your opponent has in play.
Blue Head Charge	CellSaga	cs156	156		R	Blue	Physical Combat			Physical attack doing +2 power stages of damage. Lower your opponent's anger to 0. Your opponent cannot gain any anger until the beginning of his next turn.
Z Warriors Gather	CellSaga	cs157	157		UR	Colorless	Non-Combat			Search your Life Deck for up to 7 Allies and put them into play at 3 power stages above 0. Remove from the game after use.
Cell's Presence	CellSaga	cs158	158		UR	Named	Combat			Remove all Allies in play from the game. Limit 2 per deck. Remove from the game after use.
Vegeta, the Revitalized (Lvl 5)	CellSaga	cs159	159	5	UR		Hero	(5)	(12) 4,000,000 | (11) 3,900,000 | (10) 3,800,000 | (9) 3,700,000 | (8) 3,600,000 | (7) 3,500,000 | (6) 3,400,000 | (5) 3,300,000 | (4) 3,200,000 | (3) 3,100,000 | (2) 3,000,000 | (1) 2,900,000 | (0) 0000	Physical attack doing +9 power stages of damage. 
Goku, the All Powerful(Lvl 5)	CellSaga	cs160	160	5	UR		Hero	(5)	(12) 4,500,000 | (11) 4,400,000 | (10) 4,300,000 | (9) 4,200,000 | (8) 4,100,000 | (7) 4,000,000 | (6) 3,900,000 | (5) 3,800,000 | (4) 3,700,000 | (3) 3,600,000 | (2) 3,500,000 | (1) 3,400,000 | (0) 0000	Physical attack doing +5 power stages of damage and 5 life cards of damage. 
Goku, the Hero (Lvl 1)	CellSaga	cs161	161	1	SDP		Hero	(1)	(10) 1,100,000 | (9) 1,025,000 | (8) 950,000 | (7) 875,000 | (6) 800,000 | (5) 725,000 | (4) 650,000 | (3) 575,000 | (2) 500,000 | (1) 425,000 | (0) 0000	When entering Combat, draw a card. If that card is a Goku named card, and if Chi-Chi and Gohan are in play, draw another card. 
Goku, the Saiyan (Lvl 2)	CellSaga	cs162	162	2	SDP		Hero	(2)	(11) 1,800,000 | (10) 1,650,000 | (9) 1,500,000 | (8) 1,350,000 | (7) 1,200,000 | (6) 1,050,000 | (5) 900,000 | (4) 750,000 | (3) 600,000 | (2) 450,000 | (1) 300,000 | (0) 0000	Lower your opponent's anger 1 level. Draw the bottom card from your discard pile. 
Goku, the Perfect Warrior (Lvl 3)	CellSaga	cs163	163	3	SDP		Hero	(3)	(12) 3,200,000 | (11) 3,000,000 | (10) 2,800,000 | (9) 2,600,000 | (8) 2,400,000 | (7) 2,200,000 | (6) 2,000,000 | (5) 1,800,000 | (4) 1,600,000 | (3) 1,400,000 | (2) 1,200,000 | (1) 1,000,000 | (0) 0000	Physical attack doing +3 power stages of damage and 3 life cards of damage. Lower your opponent's anger 1 level. 
Gohan, the Champion (Lvl 1)	CellSaga	cs164	164	1	SDP		Hero	(1)	(10) 1,200,000 | (9) 1,100,000 | (8) 1,000,000 | (7) 900,000 | (6) 800,000 | (5) 700,000 | (4) 600,000 | (3) 500,000 | (2) 400,000 | (1) 300,000 | (0) 0000	When defending in Combat, you may draw a card. 
Gohan, the Swift (Lvl 2)	CellSaga	cs165	165	2	SDP		Hero	(2)	(11) 2,200,000 | (10) 2,000,000 | (9) 1,800,000 | (8) 1,600,000 | (7) 1,400,000 | (6) 1,200,000 | (5) 1,000,000 | (4) 800,000 | (3) 600,000 | (2) 400,000 | (1) 200,000 | (0) 0000	When entering Combat, search your Life Deck for a Physical Combat or Energy Combat cards, show it to your opponent, and place it in your hand. 
Gohan, the Mighty (Lvl 3)	CellSaga	cs166	166	3	SDP		Hero	(3)	(11) 3,800,000 | (10) 3,600,000 | (9) 3,400,000 | (8) 3,200,000 | (7) 3,000,000 | (6) 2,800,000 | (5) 2,600,000 | (4) 2,400,000 | (3) 2,200,000 | (2) 2,000,000 | (1) 1,800,000 | (0) 0000	Physical attack doing +7 power stages of damage. 
Vegeta, the Powerful (Lvl 1)	CellSaga	cs167	167	1	SDP		Hero	(1)	(10) 900,000 | (9) 825,000 | (8) 750,000 | (7) 675,000 | (6) 600,000 | (5) 525,000 | (4) 450,000 | (3) 375,000 | (2) 300,000 | (1) 225,000 | (0) 0000	Energy attack. Costs 1 power stage to perform. 
Vegeta, the All Powerful (Lvl 2)	CellSaga	cs168	168	2	SDP		Hero	(2)	(11) 1,700,000 | (10) 1,575,000 | (9) 1,400,000 | (8) 1,275,000 | (7) 1,050,000 | (6) 925,000 | (5) 800,000 | (4) 675,000 | (3) 550,000 | (2) 425,000 | (1) 300,000 | (0) 0000	Physical attack doing +5 power stages of damage. If successful, lower your opponent's anger 2 levels. 
Vegeta, the Prince (Lvl 3)	CellSaga	cs169	169	3	SDP		Hero	(3)	(12) 3,000,000 | (11) 2,800,000 | (10) 2,600,000 | (9) 2,400,000 | (8) 2,200,000 | (7) 2,000,000 | (6) 1,800,000 | (5) 1,600,000 | (4) 1,400,000 | (3) 1,200,000 | (2) 1,000,000 | (1) 800,000 | (0) 0000	Physical attack doing +1 power stage of damage for every Vegeta named card in your discard pile. 
Piccolo, the Warrior (Lvl 1)	CellSaga	cs170	170	1	SDP		Hero	(1)	(10) 700,000 | (9) 650,000 | (8) 600,000 | (7) 550,000 | (6) 500,000 | (5) 450,000 | (4) 400,000 | (3) 350,000 | (2) 300,000 | (1) 250,000 | (0) 0000	Physical attack. Choose a ard from your discard pile and shuffle it into your Life Deck. 
Piccolo, the Champion (Lvl 2)	CellSaga	cs171	171	2	SDP		Hero	(2)	(11) 1,500,000 | (10) 1,400,000 | (9) 1,300,000 | (8) 1,200,000 | (7) 1,100,000 | (6) 1,000,000 | (5) 900,000 | (4) 800,000 | (3) 700,000 | (2) 600,000 | (1) 500,000 | (0) 0000	Energy attack. If successful, draw the bottom card from your discard pile. This must be the first attack you perform during Combat. 
Piccolo, the Destroyer (Lvl 3)	CellSaga	cs172	172	3	SDP		Hero	(3)	(12) 3,000,000 | (11) 2,800,000 | (10) 2,600,000 | (9) 2,400,000 | (8) 2,200,000 | (7) 2,000,000 | (6) 1,800,000 | (5) 1,600,000 | (4) 1,400,000 | (3) 1,200,000 | (2) 1,000,000 | (1) 800,000 | (0) 0000	Physical attack doing +6 power stages of damage. If successful, draw the bottom card of your discard pile. 
Trunks, the Swift (Lvl 1)	CellSaga	cs173	173	1	SDP		Hero	(1)	(10) 900,000 | (9) 825,000 | (8) 750,000 | (7) 675,000 | (6) 600,000 | (5) 525,000 | (4) 450,000 | (3) 375,000 | (2) 300,000 | (1) 225,000 | (0) 0000	(Constant Combat Power) Stops the first energy attack performed against you during Combat. 
Trunks, the Quick (Lvl 2)	CellSaga	cs174	174	2	SDP		Hero	(2)	(11) 1,900,000 | (10) 1,750,000 | (9) 1,600,000 | (8) 1,450,000 | (7) 1,300,000 | (6) 1,050,000 | (5) 900,000 | (4) 750,000 | (3) 600,000 | (2) 450,000 | (1) 300,000 | (0) 0000	Physical attack doing +2 power stages of damage. You may use this power twice per Combat. 
Trunks, the Mighty (Lvl 3)	CellSaga	cs175	175	3	SDP		Hero	(3)	(12) 3,500,000 | (11) 3,300,000 | (10) 3,100,000 | (9) 2,900,000 | (8) 2,700,000 | (7) 2,500,000 | (6) 2,300,000 | (5) 2,100,000 | (4) 1,900,000 | (3) 1,700,000 | (2) 1,500,000 | (1) 1,300,000 | (0) 0000	Physical attack doing +5 power stages of damage. If successful, your opponent may not perform energy attacks for the remainder of Combat. 
Android 16 (Lvl 1)	CellSaga	cs176	176	1	SDP		Villain	(1)	(10) 1,900,000 | (9) 1,875,000 | (8) 1,850,000 | (7) 1,825,000 | (6) 1,800,000 | (5) 1,775,000 | (4) 1,750,000 | (3) 1,725,000 | (2) 1,700,000 | (1) 1,675,000 | (0) 0000	When you enter Combat as the attacker, your opponent draws 1 less card. 
Android 16, the Machine (Lvl 2)	CellSaga	cs177	177	2	SDP		Villain	(1)	(10) 2,900,000 | (9) 2,875,000 | (8) 2,850,000 | (7) 2,825,000 | (6) 2,800,000 | (5) 2,775,000 | (4) 2,750,000 | (3) 2,725,000 | (2) 2,700,000 | (1) 2,675,000 | (0) 0000	(Constant Combat Power) Defense Shield: Stops the first unstopped energy attack. Gain 3 power stages after every successful attack you perform. 
Android 16, the Battler (Lvl 3)	CellSaga	cs178	178	3	SDP		Villain	(2)	(10) 3,045,000 | (9) 3,040,000 | (8) 3,035,000 | (7) 3,030,000 | (6) 3,025,000 | (5) 3,020,000 | (4) 3,015,000 | (3) 3,010,000 | (2) 3,005,000 | (1) 3,000,000 | (0) 0000	(Constant Combat Power) All successful physical attacks performed against you do a maximum of 3 power stages of damage. All successful energy attacks performed against you do a maximum of 3 life cards of damage. 
Android 17 (Lvl 1)	CellSaga	cs179	179	1	SDP		Villain	(1)	(10) 990,000 | (9) 980,000 | (8) 970,000 | (7) 960,000 | (6) 950,000 | (5) 940,000 | (4) 930,000 | (3) 920,000 | (2) 910,000 | (1) 900,000 | (0) 0000	Physical attack doing +3 power stages of damage. Search your Life Deck for a copy of "The Car" and place it in play. 
Android 17, the Leader (Lvl 2)	CellSaga	cs180	180	2	SDP		Villain	(1)	(10) 1,500,000 | (9) 1,450,000 | (8) 1,400,000 | (7) 1,350,000 | (6) 1,300,000 | (5) 1,250,000 | (4) 1,200,000 | (3) 1,150,000 | (2) 1,100,000 | (1) 1,050,000 | (0) 0000	Physical attack doing +4 power stages of damage. if "The Car" is in play, this attack does +6 power stages of damage instead. 
Android 17, the Fighter (Lvl 3)	CellSaga	cs181	181	3	SDP		Villain	(2)	(10) 2,045,000 | (9) 2,040,000 | (8) 2,035,000 | (7) 2,030,000 | (6) 2,025,000 | (5) 2,020,000 | (4) 2,015,000 | (3) 2,010,000 | (2) 2,005,000 | (1) 2,000,000 | (0) 0000	Energy attack doing 6 life cards of damage. If "The Car" is in play, this attack also does 3 power stages of damage. 
Android 18 (Lvl 1)	CellSaga	cs182	182	1	SDP		Villain	(1)	(10) 1,060,000 | (9) 1,050,000 | (8) 1,040,000 | (7) 1,030,000 | (6) 1,020,000 | (5) 1,010,000 | (4) 1,000,000 | (3) 990,000 | (2) 980,000 | (1) 970,000 | (0) 0000	Change the Future. When entering Combat, look at the top 6 cards from your Life Deck and place them back on top in any order. Draw a card. 
Android 18, the Model (Lvl 2)	CellSaga	cs183	183	2	SDP		Villain	(1)	(10) 1,170,000 | (9) 1,160,000 | (8) 1,150,000 | (7) 1,140,000 | (6) 1,130,000 | (5) 1,120,000 | (4) 1,110,000 | (3) 1,100,000 | (2) 1,090,000 | (1) 1,080,000 | (0) 0000	(Constant Combat Power) No modifiers are added to physical attacks performed against Android 18. 
Android 18, the Machine (Lvl 3)	CellSaga	cs184	184	3	SDP		Villain	(2)	(10) 1,500,000 | (9) 1,490,000 | (8) 1,480,000 | (7) 1,470,000 | (6) 1,460,000 | (5) 1,450,000 | (4) 1,440,000 | (3) 1,430,000 | (2) 1,420,000 | (1) 1,410,000 | (0) 0000	Energy attack doing 7 life cards of damage. If "The Car" is in play, this attack also does 3 power stages of damage. 
Android 20 (Lvl 1)	CellSaga	cs185	185	1	SDP		Villain	(1)	(10) 1,400,000 | (9) 1,300,000 | (8) 1,200,000 | (7) 1,100,000 | (6) 1,000,000 | (5) 850,000 | (4) 700,000 | (3) 550,000 | (2) 400,000 | (1) 200,000 | (0) 0000	Energy attack doing +1 life card of damage for every Android personality card in play. 
Android 20, the Doctor (Lvl 2)	CellSaga	cs186	186	2	SDP		Villain	(1)	(10) 1,400,000 | (9) 1,300,000 | (8) 1,200,000 | (7) 1,100,000 | (6) 1,000,000 | (5) 900,000 | (4) 750,000 | (3) 600,000 | (2) 450,000 | (1) 300,000 | (0) 0000	(Constant Combat Power) All of your attacks do +1 life card of damage for every personality in play with the word "Android" in the card title.
Android 20, the Schemer (Lvl 3)	CellSaga	cs187	187	3	SDP		Villain	(2)	(10) 1,400,000 | (9) 1,300,000 | (8) 1,200,000 | (7) 1,100,000 | (6) 1,000,000 | (5) 900,000 | (4) 800,000 | (3) 700,000 | (2) 600,000 | (1) 500,000 | (0) 0000	Physical attack doing +3 life cards of damage for every personality in play with the word "Android" in the title. This power may be used twice per Combat.
Cell, Stage One (Lvl 1)	CellSaga	cs188	188	1	SDP		Villain	(3)	(10) 600,000 | (9) 550,000 | (8) 500,000 | (7) 450,000 | (6) 400,000 | (5) 350,000 | (4) 300,000 | (3) 250,000 | (2) 200,000 | (1) 150,000 | (0) 0000	Physical attack doing +4 power stages of damage. 
Cell, Stage Two (Lvl 2)	CellSaga	cs189	189	2	SDP		Villain	(3)	(11) 2,000,000 | (10) 1,950,000 | (9) 1,900,000 | (8) 1,800,000 | (7) 1,700,000 | (6) 1,550,000 | (5) 1,400,000 | (4) 1,200,000 | (3) 1,000,000 | (2) 750,000 | (1) 500,000 | (0) 0000	When entering Combat, search your Life Deck for a Physical Combat or Energy Combat card and put it in your hand. 
Cell, Perfect (Lvl 3)	CellSaga	cs190	190	3	SDP		Villain	(3)	(12) 3,500,000 | (11) 3,300,000 | (10) 3,100,000 | (9) 2,900,000 | (8) 2,700,000 | (7) 2,500,000 | (6) 2,300,000 | (5) 2,100,000 | (4) 1,900,000 | (3) 1,700,000 | (2) 1,500,000 | (1) 1,300,000 | (0) 0000	Physical attack doing 7 life cards of damage. If Android 17 or Android 18 is in play, this attack also does 3 power stages of damage. 
Goku, Earth's Hero (Lvl 3)	CellSaga	cs191	191	3	SDP		Hero	(3)	(12) 3,200,000 | (11) 3,000,000 | (10) 2,800,000 | (9) 2,600,000 | (8) 2,400,000 | (7) 2,200,000 | (6) 2,000,000 | (5) 1,800,000 | (4) 1,600,000 | (3) 1,400,000 | (2) 1,200,000 | (1) 1,000,000 | (0) 0000	When entering Combat, draw a card and show it to your opponent. If it is a Physical or Energy Combat card, your opponent discards 3 cards from the top of his Life Deck. 
Gohan, Super Saiyan (Lvl 3)	CellSaga	cs192	192	3	SDP		Hero	(3)	(11) 3,800,000 | (10) 3,600,000 | (9) 3,400,000 | (8) 3,200,000 | (7) 3,000,000 | (6) 2,800,000 | (5) 2,600,000 | (4) 2,400,000 | (3) 2,200,000 | (2) 2,000,000 | (1) 1,800,000 | (0) 0000	Physical attack doing +5 power stages of damge you may remove a Non-Combat card in play from the game. 
Vegeta, the Last Prince (Lvl 3)	CellSaga	cs193	193	3	SDP		Hero	(3)	(12) 3,000,000 | (11) 2,800,000 | (10) 2,600,000 | (9) 2,400,000 | (8) 2,200,000 | (7) 2,000,000 | (6) 1,800,000 | (5) 1,600,000 | (4) 1,400,000 | (3) 1,200,000 | (2) 1,000,000 | (1) 800,000 | (0) 0000	When entering Combat, look at your opponent's hand, then choose and discard 1 Non-Dragon Ball card. 
Piccolo, Earth's Protector (Lvl 3)	CellSaga	cs194	194	3	SDP		Hero	(3)	(12) 3,000,000 | (11) 2,800,000 | (10) 2,600,000 | (9) 2,400,000 | (8) 2,200,000 | (7) 2,000,000 | (6) 1,800,000 | (5) 1,600,000 | (4) 1,400,000 | (3) 1,200,000 | (2) 1,000,000 | (1) 800,000 | (0) 0000	Place the top card from your discard pile at the bottom of your Life Deck. Draw a card. 
Trunks, Time's Hero (Lvl 3)	CellSaga	cs195	195	3	SDP		Hero	(3)	(12) 3,500,000 | (11) 3,300,000 | (10) 3,100,000 | (9) 2,900,000 | (8) 2,700,000 | (7) 2,500,000 | (6) 2,300,000 | (5) 2,100,000 | (4) 1,900,000 | (3) 1,700,000 | (2) 1,500,000 | (1) 1,300,000 | (0) 0000	Stops an energy attack. This power may be used twice per Combat.
Android 16, the Fighter (Lvl 3)	CellSaga	cs196	196	3	SDP		Villain	(3)	(10) 3,045,000 | (9) 3,040,000 | (8) 3,035,000 | (7) 3,030,000 | (6) 3,025,000 | (5) 3,020,000 | (4) 3,015,000 | (3) 3,010,000 | (2) 3,005,000 | (1) 3,000,000 | (0) 0000	When entering Combat as the attacker, your opponent loses 3 power stages.
Android 17, the Destroyer (Lvl 3)	CellSaga	cs197	197	3	SDP		Villain	(2)	(10) 2,045,000 | (9) 2,040,000 | (8) 2,035,000 | (7) 2,030,000 | (6) 2,025,000 | (5) 2,020,000 | (4) 2,015,000 | (3) 2,010,000 | (2) 2,005,000 | (1) 2,000,000 | (0) 0000	Draw a card. If "The Car" is in play, draw another card.
Android 18, the Smart One (Lvl 3)	CellSaga	cs198	198	3	SDP		Villain	(2)	(10) 1,500,000 | (9) 1,490,000 | (8) 1,480,000 | (7) 1,470,000 | (6) 1,460,000 | (5) 1,450,000 | (4) 1,440,000 | (3) 1,430,000 | (2) 1,420,000 | (1) 1,410,000 | (0) 0000	Energy attack doing 6 life cards of damage. If "The Car" is in play this attack also does +4 power stages of damage.
Android 20, the Destructor (Lvl 3)	CellSaga	cs199	199	3	SDP		Villain	(2)	(10) 1,400,000 | (9) 1,300,000 | (8) 1,200,000 | (7) 1,100,000 | (6) 1,000,000 | (5) 900,000 | (4) 800,000 | (3) 700,000 | (2) 600,000 | (1) 500,000 | (0) 0000	Energy attack doing 8 life cards of damage. Costs 0 power stages to perform.
Cell, the Perfect Warrior (Lvl 3)	CellSaga	cs200	200	3	SDP		Villain	(3)	(12) 3,500,000 | (11) 3,300,000 | (10) 3,100,000 | (9) 2,900,000 | (8) 2,700,000 | (7) 2,500,000 | (6) 2,300,000 | (5) 2,100,000 | (4) 1,900,000 | (3) 1,700,000 | (2) 1,500,000 | (1) 1,300,000 | (0) 0000	Physical attack doing +5 power stages of damage. If successful, raise your anger 1 level.
Cell's Draining	CellSaga	csp001	Preview 1		C	Named	Combat			Use when entering Combat, all of your opponent's personalities lose 2 power stages. Remove from the game after use.
Cell's Arena	CellSaga	csp002	Preview 2		C	Named	Battleground			All attacks cost +1 power stage to perform. All successful attacks do +2 life cards of damage.
Cell's Last Strike	CellSaga	csp003	Preview 3		U	Named	Energy Combat			Energy attack doing 5 life cards of damage. If your opponent has 10 or less life cards in his Life Deck, this attack does 10 life cards of damage instead.
They're All There	CellSaga	csp004	Preview 4		U	Colorless	Non-Combat			If Cell is anywhere in play, choose 3 Allies from your Life Deck and put them into play at 5 power stages above 0.
Heroes' Battleground	CellSaga	csp005	Preview 5		R	Colorless	Battleground			All attacks performed by Allies do +2 power stages of damage.
Cell's Style	CellSaga	csp006	Preview 6		R	Named	Combat			Cell only. For the remainder of Combat, all of your attacks do +3 life cards of damage.
Cell's Self Destruct	CSPromo	csp1	P1		P	Named	Energy Combat			Energy attack doing 12 life cards of damage. If successful, and you don't defeat your opponent, you lose the game. Remove from the game after use. Limit 1 per deck, unless your Main Personality is cell.
Cell's Domination Drill	CSPromo	csp2	P2		P	Named	Non-Combat			Whenever your opponent places a Battleground into play, he discards the top 3 cards of his Life Deck.
Kami's Idea	CSPromo	csp3	P3		P	Colorless	Non-Combat			Heroes only. If your opponent has more power stages than you, raise your Main Personality to his highest power stage and shuffle the bottom card from your discard pile into your Life Deck. Lower your opponent's anger 2 levels.
He's Safe	CSPromo	csp4	P4		P	Colorless	Combat			Gain 5 power stages. Choose 2 cards from your discard pile and shuffle them into your Life Deck.
Just Thinking	CSPromo	csp5	P5		P	Colorless	Energy Combat			Villains only. Energy attack doing 6 life cards of damage. Costs 1 power stage to perform.
Land in Pain	CSPromo	csp6	P6		P	Colorless	Combat			Discard any Battleground in play. Search all Life Decks and discard all Battlegrounds.
It's All About Time	CSPromo	csp7	P7		P	Colorless	Non-Combat			Use when needed. When your opponent reaches 5 or more anger, set his anger and power stages to 0. Limit 1 per deck.
Trunks Thinking	CSPromo	csp8	P8		P	Named	Combat			Draw a card. If that card has "Trunks" in the card title, draw another card.
Looking Good	CSPromo	csp9	P9		P	Colorless	Combat			Android 18 only. Choose 2 Allies from your Life Deck and put them into play at their highest power stage. 
Piccolo's Fist Block	CSPromo	csp10	P10		P	Named	Combat			Your opponent may not use Combat cards for the remainder of Combat.
Black Explosion	CellGamesSaga	cgs001	001		C	Black	Energy Combat			Endurance 2. Energy attack. If successful, discard one of your opponent's Allies in play.
Black Fist Lock	CellGamesSaga	cgs002	002		C	Black	Physical Combat			Endurance 3. Physical attack doing +4 power stages of damage.
Black Preparation	CellGamesSaga	cgs003	003		C	Black	Energy Combat			Focused energy attack. If successful, raise your anger 1 level.
Blue Forced Punch	CellGamesSaga	cgs004	004		C	Blue	Physical Combat			Endurance 3. Physical attack doing +3 power stages of damage. If successful, lower your opponent's anger 2 levels.
Blue Thrusted Blast	CellGamesSaga	cgs005	005		C	Blue	Energy Combat			Endurance 3. Energy attack doing 5 life cards of damage. If successful, your Main Personality's PUR is considered to be +2 until the end of your turn.
Deadly Attack	CellGamesSaga	cgs006	006		C	Colorless	Combat			Endurance 2. Stops a physical attack. For the remainder of Combat, your opponent cannot use Ally card powers, redirect damage to Allies, or have Allies take over Combat.
Flashback	CellGamesSaga	cgs007	007		C	Colorless	Combat			Endurance 3. Choose 4 cards in your opponents discard pile and shuffle them into his Life Deck. Your opponent chooses 4 cards in your discard pile and shuffles them back into your Life Deck.
Gohan's Kick	CellGamesSaga	cgs008	008		C	Named	Physical Combat			Physical attack doing +3 power stages of damage. Cards that end Combat, or cards that stops all physical attacks or energy attacks, cannot be used for the remainder of Combat
Gohan's Strike	CellGamesSaga	cgs009	009		C	Named	Physical Combat			Endurance 2. Focused physical attack doing +2 power stages of damage. Raise your anger 1 level.
Namekian Crushing Hold	CellGamesSaga	cgs010	010		C	Namekian	Physical Combat			Endurance 2. Physical attack doing +3 power stages of damage. If you declared a Tokui-Waza, shuffle the top 2 cards of your discard pile back into your Life Deck. Remove from the game after use.
Namekian Fist Dodge	CellGamesSaga	cgs011	011		C	Namekian	Physical Combat			Endurance 3. Namekian Heritage only. Physical attack, or stops a physical attack.
Namekian Flying Kick	CellGamesSaga	cgs012	012		C	Namekian	Physical Combat			Focused physical attack doing +3 power stages of damage. If successful, choose any cards in your discard pile and remove them from the game.
Namekian Foot Lunge	CellGamesSaga	cgs013	013		C	Namekian	Physical Combat			Endurance 4. Physical attack doing +2 power stages of damage. If successful, choose a card in your discard pile and shuffle it back into your Life Deck.
Orange Dragon Aid	CellGamesSaga	cgs014	014		C	Orange	Combat			Endurance 3. Take 1 or 2 of your opponent's Dragon Balls and place them at the bottom of his Life Deck.
Orange Uniting Strike	CellGamesSaga	cgs015	015		C	Orange	Energy Combat			Endurance 3. Energy attack. If Goku and Gohan are in play, this attack does 8 life cards of damage instead.
Power Boost	CellGamesSaga	cgs016	016		C	Colorless	Energy Combat			Endurance 3. Use immediately before you perform an energy attack. You do not pay any costs for the energy attack and it does +2 life cards of damage.
Red Anger Rising	CellGamesSaga	cgs017	017		C	Red	Physical Combat			Physical attack. For the remainder of Combat, all physical attacks do +1 power stages of damage for each Dragon Ball in play. Raise your anger 1 level.
Red Drop Kick	CellGamesSaga	cgs018	018		C	Red	Physical Combat			Endurance 3. Physical attack doing +3 power stages of damage. You may choose up to 5 cards in your discard pile and remove them from the game.
Red Duck	CellGamesSaga	cgs019	019		C	Red	Physical Combat			Stops a physical attack. Shuffle the top X cards in your discard pile back into your Life Deck. X = Your current anger level.
Red Fist Lunge	CellGamesSaga	cgs020	020		C	Red	Physical Combat			Endurance 2. Physical attack. If successful, raise your anger 1 level and lower your opponent's anger 2 levels.
Red Flying Attack	CellGamesSaga	cgs021	021		C	Red	Physical Combat			Physical attack. If you declared a Tokui-Waza, this attack does +5 power stages of damage.
Red Shifty Maneuver	CellGamesSaga	cgs022	022		C	Red	Physical Combat			Stops a physical attack. If you declared a Tokui-Waza, raise your anger 1 level and discard a drill in play.
Saiyan Ally Strike	CellGamesSaga	cgs023	023		C	Saiyan	Physical Combat			Endurance 3. Physical attack. If successful, search your Life Deck for any Ally whose personality level is the same as your Main Personality's, and place it in place at its highest power stage.
Saiyan Blocking Technique	CellGamesSaga	cgs024	024		C	Saiyan	Physical Combat			Stops a physical attack. All physical attacks you perform for the remainder of Combat do +2 power stages of damage.
Saiyan Energy Surprise	CellGamesSaga	cgs025	025		C	Saiyan	Energy Combat			Endurance 1. Energy attack. If you declared a Tokui-Waza, this attack does 7 life cards of damage. Remove from the game after use.
Saiyan Fist Attack	CellGamesSaga	cgs026	026		C	Saiyan	Physical Combat			Endurance 3. Physical attack doing +4 power stages of damage.
Saiyan Knee Block	CellGamesSaga	cgs027	027		C	Saiyan	Physical Combat			Endurance 2. Prevent 4 power stages of damage from a physical attack. Your opponent discards the top 2 life cards from his Life Deck.
Saiyan Power Rush	CellGamesSaga	cgs028	028		C	Saiyan	Physical Combat			Focused physical attack doing +2 power stages of damage. If successful, discard one of your opponent's Drills in play.
Saiyan Triple Blast	CellGamesSaga	cgs029	029		C	Saiyan	Energy Combat			Focused energy attack doing 3 life cards of damage. If successful, draw a card.
Strength Training	CellGamesSaga	cgs030	030		C	Colorless	Combat			If your Main Personality's power rating is greater than your opponent's, your opponent discards the top 3 cards of his Life Deck. Otherwise, raise your Main Personality to its highest power stage. Remove from the game after use.
Time to Party!	CellGamesSaga	cgs031	031		C	Colorless	Non-Combat			Endurance 2. All Main Personalities are raised to their highest power stage. Every player raises his anger 1 level. Every player may search his Life Deck for a Freestyle Drill and place it in play.
Black Anticipation Drill	CellGamesSaga	cgs032	032		U	Black	Non-Combat			Defense Shield: Stops the first unstopped energy attack performed against you during Combat.
Black Blasting Beam	CellGamesSaga	cgs033	033		U	Black	Energy Combat			Endurance 3. Energy attack. If you declared a Tokui-Waza, and the personality that performed this attack is at 0 power stages, this attack does +2 life cards and +2 power stages of damage.
Black Double Attack Drill	CellGamesSaga	cgs034	034		U	Black	Non-Combat			Endurance 2. All of your physical attacks do +2 power stages of damage and cannot be redirected to Allies.
Black Hand Energy Blast	CellGamesSaga	cgs035	035		U	Black	Energy Combat			Endurance 1. Energy attack doing 3 life cards of damage. If you declared a Tokui-Waza, the attack also does +2 power stages of damage.
Black Face Slap	CellGamesSaga	cgs036	036		U	Black	Physical Combat			Focused physical attack doing +2 power stages of damage. If successful, choose 1 card from your opponent's hand and have him discard it.
Black Recovery	CellGamesSaga	cgs037	037		U	Black	Energy Combat			Stops an energy attack. If you declared a Tokui-Waza, you may discard a card from your hand. If you do, choose 1 card at random from your opponent's hand and have him discard it.
Black Saving Drill	CellGamesSaga	cgs038	038		U	Black	Non-Combat			Endurance 2. Stops the first physical or energy attack your opponent performs in Combat if your anger level is 3 or higher.
Black Shifting Drill	CellGamesSaga	cgs039	039		U	Black	Non-Combat			Defense Shield: Stops the first unstopped physical attack performed against you during Combat.
Black Wrist Block	CellGamesSaga	cgs040	040		U	Black	Physical Combat			Stops a physical attack. If you declared a Tokui-Waza, this card stops a physical or energy attack instead.
Blue Arm Blast	CellGamesSaga	cgs041	041		U	Blue	Energy Combat			Energy attack doing 5 life cards of damage, or stops a physical attack.
Blue Defensive Effect	CellGamesSaga	cgs042	042		U	Blue	Combat			Endurance 2. Lower an opponent's anger 1 level. All effects that raise a player's anger are ignored for the remainder of Combat. Remove from the game after use.
Blue Energy Arrow	CellGamesSaga	cgs043	043		U	Blue	Energy Combat			Focused energy attack doing 3 life cards of damage. If successful, remove the top 10 cards of your opponent's discard pile from the game.
Blue Energy Blast	CellGamesSaga	cgs044	044		U	Blue	Energy Combat			Energy attack doing 6 life cards of damage. If successful, discard any cards attached to your Main Personality. Remove from the game after use.
Blue Prepared Drill	CellGamesSaga	cgs045	045		U	Blue	Non-Combat			Defense Shield: Stops the first unstopped energy attack performed against you during Combat.
Blue Recovery Drill	CellGamesSaga	cgs046	046		U	Blue	Non-Combat			Endurance 2. Once per Combat, after dealing 5 or more life cards of damage, discard 1 card from your hand to raise your Main Personality to his highest power rating.
Blue Pivot Kick	CellGamesSaga	cgs047	047		U	Blue	Physical Combat			Focused physical attack. If successful, capture an opponent's Dragon Ball.
Blue Stamina Drill	CellGamesSaga	cgs048	048		U	Blue	Non-Combat			Defense Shield: Stops the first unstopped physical attack performed against you during Combat.
Blue Total Resistance	CellGamesSaga	cgs049	049		U	Blue	Combat			Endurance 1. Choose a Drill in play and remove it from the game. Your Main Personality and your Allies gain 2 power stages. Raise your anger 1 level. Remove from the game after use.
Bracing for Impact	CellGamesSaga	cgs050	050		U	Colorless	Combat			Endurance 3. Energy attacks do a maximum of 2 life cards and 0 power stages of damage for the remainder of Combat.
Caught in the Act	CellGamesSaga	cgs051	051		U	Colorless	Combat			Use when an Ally performs an attack or uses a power. The attack or power is stopped and the Ally is discarded.
Cell's Power Burst	CellGamesSaga	cgs052	052		U	Named	Physical Combat			Physical attack. If successful, discard 2 of your opponent's Allies in play.
Cell's Instant Transmission	CellGamesSaga	cgs053	053		U	Named	Combat			Cell only. You can use this card during your Non-Combat Step. Search your Life Deck for a Battleground or Location and place it in play. You do not have to skip Combat.
Cell's Swift Strike	CellGamesSaga	cgs054	054		U	Named	Physical Combat			Endurance 2. Physical attack. Lower your opponent's anger 2 levels. Take the top 2 cards of your discard pile and place them at the bottom of your Life Deck.
Energy Rush	CellGamesSaga	cgs055	055		U	Colorless	Energy Combat			Focused energy attack. If successful, you may discard up to 4 cards from the top of your Life Deck. Your opponent must discard the same number from the top of his Life Deck.
Everyone Is Attacked!	CellGamesSaga	cgs056	056		U	Colorless	Combat			Endurance 1. Villains only. Every hero loses 3 power stages. Remove from the game after use.
Fighting in Cover	CellGamesSaga	cgs057	057		U	Colorless	Combat			Endurance 2. Choose a personality in play. For the remainder of Combat, damage from each physical attack performed by that personality is reduced by 2 power stages, and damage from each energy attack performed by that personality is reduced by 2 life cards.
Cell's Backslap	CellGamesSaga	cgs058	058		U	Named	Physical Combat			Physical attack. Draw the bottom card of your discard pile and place it in your hand. Remove from the game after use.
Namekian Restoration	CellGamesSaga	cgs059	059		U	Namekian	Combat			Endurance 10. Shuffle the top card of your discard pile back into your Life Deck. Remove from the game after use.
Namekian Dragon Blast	CellGamesSaga	cgs060	060		U	Namekian	Energy Combat			Namekian Heritage only. Energy attack doing +X life cards of damage. Choose X cards from your discard pile and place them on the bottom of your Life Deck. X = the number of Namek Dragon Balls in play.
Namekian Energy Spike	CellGamesSaga	cgs061	061		U	Namekian	Energy Combat			Namekian Heritage only. You can have up to 8 copies of this card in your deck. Energy attack doing +2 power stages of damage. Remove from the game after use.
Namekian Face Smack	CellGamesSaga	cgs062	062		U	Namekian	Physical Combat			Physical attack doing +4 power stages of damage. If you declared a Tokui-Waza, you may rearrange the top 10 or bottom 10 cards of your discard pile in any order.
Namekian Piercing Beam	CellGamesSaga	cgs063	063		U	Namekian	Energy Combat			Endurance 2. Energy attack. If succesful, discard one of your opponent's Allies in play. Lower your opponent's anger 1 level.
Namekian Power Stance Drill	CellGamesSaga	cgs064	064		U	Namekian	Non-Combat			Defense Shield: Stops the first unstopped physical attack performed against you during Combat.
Namekian Quick Blast	CellGamesSaga	cgs065	065		U	Namekian	Energy Combat			Focused energy attack doing 5 life cards of damage. If successful, choose up to 4 cards in your discard pile. Remove 2 of them from the game. Shuffle the remaining cards back into your Life Deck. If successful, remove from the game.
Namekian Ready Drill	CellGamesSaga	cgs066	066		U	Namekian	Non-Combat			Defense Shield: Stops the first unstopped energy attack performed against you during Combat.
Namekian Right Cross	CellGamesSaga	cgs067	067		U	Namekian	Physical Combat			Namekian Heritage only. You can have up to 8 copies of this card in your deck. Physical attack doing +2 power stages of damage. If you declared Tokui-Waza, you may discard any cards attached to your Main Personality.
Namekian Scouting	CellGamesSaga	cgs068	068		U	Namekian	Combat			Endurance 4. Look at the top 4 cards of your opponent's Life Deck. Remove 1 non-Dragon Ball card from the game and put the rest back in any order on top of the Life Deck.
Orange Beatdown	CellGamesSaga	cgs069	069		U	Orange	Physical Combat			Endurance 3. Physical attack. If successful, look at your opponent's hand and choose a Physical Combat card. Your opponent discards the chosen card, if any.
Orange Burning Aura Drill	CellGamesSaga	cgs070	070		U	Orange	Non-Combat			Defense Shield: Stops the first unstopped physical attack performed against you during Combat.
Orange Energy Concentration	CellGamesSaga	cgs071	071		U	Orange	Energy Combat			Endurance 2. Energy attack. Costs 3 power stages to perform. If successful, and you declared a Tokui-Waza, your opponent discards a card from his hand.
Orange Energy Setup	CellGamesSaga	cgs072	072		U	Orange	Energy Combat			Energy attack. If you declared Tokui-Waza, you may use this card to stop a physical attack instead. Remove from the game after use.
Orange Energy Shot	CellGamesSaga	cgs073	073		U	Orange	Energy Combat			Energy attack doing 6 life cards of damage. If stopped, your opponent must discard the top 2 cards of his Life Deck.
Orange Fateful Attack	CellGamesSaga	cgs074	074		U	Orange	Energy Combat			Endurance 2. Energy attack. If successful, find a Dende Dragon Ball in your Life Deck and place it in play without using its power.
Orange Aggressive Technique	CellGamesSaga	cgs075	075		U	Orange	Physical Combat			Focused physical attack doing +2 power stages of damage. If successful, all energy attacks this personality performs for the remainder of Combat do +2 life cards of damage.
Orange Steady Drill	CellGamesSaga	cgs076	076		U	Orange	Non-Combat			Defense Shield: Stops the first unstopped energy attack performed against you during Combat.
Piccolo's Fury	CellGamesSaga	cgs077	077		U	Named	Energy Combat			Energy attack. If successful, skip the next "Fight Back" phase and go to your "Attacker Attacks" phase, instead. You must play an energy attack during that "Attacker Attacks" phase or pass.
Prepared Dodge	CellGamesSaga	cgs078	078		U	Colorless	Combat			Stops a physical or energy attack. Lower your opponent's anger 1 level. Remove from the game after use.
Protective Shelter	CellGamesSaga	cgs079	079		U	Colorless	Location			When entering Combat draw the bottom card of your discard pile.
Quick Combat Drill	CellGamesSaga	cgs080	080		U	Colorless	Non-Combat			Whenever entering Combat as the defender, you may draw the bottom card of your discard pile into your hand. If you do this you draw 1 less card during your "Defender Draws 3 Cards" phase.
Red Energy Drill	CellGamesSaga	cgs081	081		U	Red	Non-Combat			Defense Shield: Stops the first unstopped energy attack performed against you during Combat.
Red Energy Surprise	CellGamesSaga	cgs082	082		U	Red	Energy Combat			Focused energy attack doing 3 life cards of damage. If successful, gain 2 anger.
Red Forward Stance Drill	CellGamesSaga	cgs083	083		U	Red	Non-Combat			Defense Shield: Stops the first unstopped physical attack performed against you during Combat.
Red Overhand Slash	CellGamesSaga	cgs084	084		U	Red	Physical Combat			Focused physical attack doing +1 power stages of damage. If successful, raise your anger 2 levels.
Red Power Punch	CellGamesSaga	cgs085	085		U	Red	Physical Combat			Endurance 2. Physical attack doing +3 power stages of damage. If successful, search your Life Deck for a Red Drill and place it into play.
Red Shielded Strike	CellGamesSaga	cgs086	086		U	Red	Physical Combat			Endurance 2. Physical attack. If successful, your opponent may not play Energy Combat cards for the remainder of Combat. Remove from the game after use.
Saiyan Energy Drill	CellGamesSaga	cgs087	087		U	Saiyan	Non-Combat			Defense Shield: Stops the first unstopped energy attack performed against you during Combat.
Saiyan Protection Drill	CellGamesSaga	cgs088	088		U	Saiyan	Non-Combat			Defense Shield: Stops the first unstopped physical attack performed against you during Combat.
Saiyan Pride	CellGamesSaga	cgs089	089		U	Saiyan	Physical Combat			Endurance 2. Physical attack. If stopped, select a Drill in play and remove it from the game. Remove from the game after use.
Senzu Drill	CellGamesSaga	cgs090	090		U	Colorless	Non-Combat			Endurance 3. Heroes only. Once per turn, in place of an attack or during your Non-Combat step, you may search your Life Deck for 1 card with "Senzu" in the title and place it into your hand.
Something Dangerous is Coming!	CellGamesSaga	cgs091	091		U	Colorless	Combat			Discard one of your opponent's Allies in play. Search your Life Deck for an Ally and place it in play at 3 power stages above 0.
Tien's Block	CellGamesSaga	cgs092	092		U	Named	Physical Combat			Stops a physical attack. Raise your anger 1 level. Search your discard pile for a Drill and place it in play.
Blue Windup Blast	CellGamesSaga	cgs093	093		R	Blue	Energy Combat			Energy attack doing 1 life card of damage for each U card in your discard pile, to a maximum of 10 life cards.
Cell Jr. 1 (lvl 1)	CellGamesSaga	cgs094	094	1	R		Villain	(2)	(10) 3,000,000 | (9) 2,900,000 | (8) 2,800,000 | (7) 2,700,000 | (6) 2,600,000 | (5) 2,500,000 | (4) 2,400,000 | (3) 2,300,000 | (2) 2,200,000 | (1) 2,100,000 | (0) 0000	Search you Life Deck or discard pile for a Cell Jr. and place it in play at 3 power stages above 0.
Injured	CellGamesSaga	cgs095	095		R	Colorless	Non-Combat			Attach to a personality after a successful physical attack. All attacks performed by this personality do -2 power stages and -2 life cards of damage. Discard this card when this personality is at its highest power stage.
Saiyan Face Smash	CellGamesSaga	cgs096	096		R	Saiyan	Physical Combat			Saiyan Heritage only. Physical attack doing +3 power stages of damage. For the remainder of Combat, whenever your opponent uses a Physical Combat card, he has to discard the top card of his Life Deck.
Surprise Hit	CellGamesSaga	cgs097	097		R	Colorless	Physical Combat			Physical attack doing +1 power stages of damage for each Non-Combat card in your discard pile.
Cell Jr. 2 (lvl 1)	CellGamesSaga	cgs098	098	1	R		Villain	(2)	(10) 3,000,000 | (9) 2,900,000 | (8) 2,800,000 | (7) 2,700,000 | (6) 2,600,000 | (5) 2,500,000 | (4) 2,400,000 | (3) 2,300,000 | (2) 2,200,000 | (1) 2,100,000 | (0) 0000	Physical attack doing +1 power stages of damage for each Cell Jr. you control in play.
Goku's Farewell	CellGamesSaga	cgs099	099		R	Named	Non-Combat			For the rest of the game nothing can keep you from gaining anger. Your anger cannot be lowered or set. Advance to your highest Main Personality level and power stage. You cannot win by the Most Powerful Personality Victory. At the beginning of each of your turns gain 1 anger. When you reach 5 anger you lose the game.
Korin's Tower	CellGamesSaga	cgs100	100		R	Named	Location			In place of an attack, you may place an Ally from your hand into play at 3 power stages above 0.
The Power of the Dragon	CellGamesSaga	cgs101	101		R	Colorless	Combat			Select an Ally from your Life Deck or discard pile and place it in play at 3 power stages above 0. Shuffle all of your opponent's Dragon Balls back into his Life Deck. Limit 1 per deck.
Megaton Bull Crusher	CellGamesSaga	cgs102	102		R	Colorless	Physical Combat			Physical attack doing +1 power stages of damage for each C card in your discard pile, to a maximum of +10 power stages.
Orange Energy Smash	CellGamesSaga	cgs103	103		R	Orange	Energy Combat			Energy attack. If you declared a Tokui-Waza, your opponent cannot perform an energy attack during his next "Attacker Attacks" phase.
Blue Fist Smash	CellGamesSaga	cgs104	104		R	Blue	Physical Combat			Focused physical attack doing +2 power stages of damage. If successful, prevent X power stages or life cards of damage from the next attack performed against this personality this combat. X = power stages of damage dealt by this attack.
Double Teaming	CellGamesSaga	cgs105	105		R	Colorless	Combat			Endurance 2. This card must be used by your Main Personality. All attacks performed by this personality for the remainder of Combat do +1 power stages of damage for each Ally in play.
Straining Rebirth Move	CellGamesSaga	cgs106	106		R	Colorless	Physical Combat			Choose 5, 9, or 1 card from your discard pile and shuffle them into your Life Deck. Your opponent shuffles twice as many cards into his Life Deck. Remove from the game after use. Limit 1 per deck.
Android 18's Effect	CellGamesSaga	cgs107	107		R	Named	Energy Combat			Energy attack. If successful, capture a Dragon Ball from your opponent.
Aura Clash	CellGamesSaga	cgs108	108		R	Colorless	Combat			Both players gain 6 anger. You cannot win by the Most Powerful Personality Victory.
Group Attack	CellGamesSaga	cgs109	109		R	Colorless	Energy Combat			Energy attack doing 5 life cards of damage. Must be performed by an Ally that has not performed this attack this Combat. This card stays on the table to be used 2 more times this Combat. Remove from the game after use.
Orange Focused Attack	CellGamesSaga	cgs110	110		R	Orange	Energy Combat			Focused energy attack doing 5 life cards of damage. If successful, prevent all damage from any physical attack during your opponent’s next "Attacker Attacks" phase.
Caught Off Guard Drill	CellGamesSaga	cgs111	111		R	Colorless	Non-Combat			Heroes only. When this Drill enters play, name a non-Dragon Ball card. That card cannot be played or used by either player while this Drill is in play. Limit 2 per deck.
Vegeta's Anger Drill	CellGamesSaga	cgs112	112		R	Named	Non-Combat			All Non-Combat cards in your Life Deck that do not have Endurance on them are considered to have Endurance 1 while this Drill is in play.
Who's da Man!	CellGamesSaga	cgs113	113		R	Colorless	Non-Combat			Endurance 3. For the remainder of Combat, play with your hand face up on the table. All of your physical attacks do +4 power stages of damage.
Dende (lvl 2)	CellGamesSaga	cgs114	114	2	R		Hero	(3)	(10) 2,400 | (9) 2,300 | (8) 2,200 | (7) 2,100 | (6) 2,000 | (5) 1,900 | (4) 1,800 | (3) 1,700 | (2) 1,600 | (1) 1,500 | (0) 0000	(Constant Combat Power) Whenever you redirect damage to one of your other Allies, prevent 3 power stages from that attack. Dende does not have to take over Combat to use this Constant Combat Power.
Cell Jr. 1 (lvl 2)	CellGamesSaga	cgs115	115	2	R		Villain	(2)	(10) 3,000,000 | (9) 2,900,000 | (8) 2,800,000 | (7) 2,700,000 | (6) 2,600,000 | (5) 2,500,000 | (4) 2,400,000 | (3) 2,300,000 | (2) 2,200,000 | (1) 2,100,000 | (0) 0000	Energy attack doing +1 life cards of damage for every Cell Jr. you control.
Goku's Dragon Ball Quest	CellGamesSaga	cgs116	116		R	Named	Combat			Search your Life Deck for a Dende Dragon Ball that is not currently in play and place it in play. Limit 1 per deck.
Chazke Village	CellGamesSaga	cgs117	117		R	Colorless	Location			When entering Combat, the attacker may search their Life Deck for an Ally and place it in play at 3 power stages above 0.
Vegeta's Surprised	CellGamesSaga	cgs118	118		R	Named	Combat			Attach this card to a Main Personality and remove it from the game when that personality performs an energy attack. This personality does a maximum of 5 power stages of damage with each physical attack. Limit 1 per deck.
Gohan's Elbow Block	CellGamesSaga	cgs119	119		R	Named	Physical Combat			Stops a physical attack. Search your discard pile for a Gohan named card and place it in your hand. Remove from the game after use.
Straining Destruction Move	CellGamesSaga	cgs120	120		R	Colorless	Combat			Set your Main Personality to 0 and remove your discard pile from the game. Your opponent discards the top 5 cards of his Life Deck. Remove from the game after use. Limit 1 per deck.
Cosmic Backlash	CellGamesSaga	cgs121	121		R	Colorless	Physical Combat			Physical attack. Your opponent draws 5 cards. If successful and you did not declare a Tokui-Waza, you win the game.
Chiaotzu (Level 2)	CellGamesSaga	cgs122	122	2	R		Hero	(2)	(10) 72,500 | (9) 70,000 | (8) 67,500 | (7) 65,000 | (6) 62,500 | (5) 60,000 | (4) 57,500 | (3) 55,000 | (2) 52,250 | (1) 50,000 | (0) 0000	Focused energy attack.
Dragon's Victory	CellGamesSaga	cgs123	123		R	Colorless	Combat			Your Warrior Sword must read 4 anger to use this card. When you play this card you may raise your opponent's anger 1 level. If your opponent's Warrior Sword reads 4 anger you win the game.
Trunks, the Battler (lvl 5)	CellGamesSaga	cgs124	124	5	UR		Hero	(5)	(12) 4,900,000 | (11) 4,800,000 | (10) 4,700,000 | (9) 4,600,000 | (8) 4,500,000 | (7) 4,400,000 | (6) 4,300,000 | (5) 4,200,000 | (4) 4,100,000 | (3) 4,000,000 | (2) 3,900,000 | (1) 3,800,000 | (0) 0000	You may draw up to 3 cards when entering Combat as the attacker.
Piccolo, the Defender (lvl 5)	CellGamesSaga	cgs125	125	5	UR		Hero	(5)	(12) 4,000,000 | (11) 3,900,000 | (10) 3,800,000 | (9) 3,700,000 | (8) 3,600,000 | (7) 3,500,000 | (6) 3,400,000 | (5) 3,300,000 | (4) 3,200,000 | (3) 3,100,000 | (2) 3,000,000 | (1) 2,900,000 | (0) 0000	(Constant Combat Power) All of your physical attacks do +5 power stages of damage.
Celestial Games Begin	CellGamesSaga	cgpreview1	Preview 1		C	Colorless	Combat			For the remainder of Combat, any successful attack performed by any player allows that player to capture a Dragon Ball.
Goku Helping Drill	CellGamesSaga	cgpreview2	Preview 2		C	Named	Non-Combat			In place of an attack, you may place an Ally from your hand into play at 3 power stages above 0.
Gohan Meditates	CellGamesSaga	cgpreview3	Preview 3		U	Named	Combat			Reduce your opponent's anger 2 levels, or discard a Non-Combat card in play.
Gathering of Warriors	CellGamesSaga	cgpreview4	Preview 4		U	Colorless	Combat			Use during any Non-Combat Step. All players may search their Life Decks for 2 Allies, show them to their opponents, and place them in their hands. Limit 1 per deck. Remove from the game after use.
Brothers in Training	CellGamesSaga	cgpreview5	Preview 5		R	Colorless	Combat			Endurance 3. Search your Life Deck for a Drill and place it in play.
Chi-Chi on the Attack!	CellGamesSaga	cgpreview6	Preview 6		R	Named	Combat			Chi-Chi only. Your opponent discards the top 3 cards of his Life Deck. Your opponent's Main Personality loses 4 power stages. Remove from the game after use. 
Cell Jr.'s Flight	CGSPromo	cgp1	P1		P	Named	Physical Combat			Physical attack doing +2 power stages of damage and +1 life card of damage for each Cell Jr. you have in play. Limit 1 per deck.
A Father Struggles	CGSPromo	cgp2	P2		P	Colorless	Combat			Non-Combat cards cannot be used for the remainder of Combat. Search your Life Deck for a Freestyle Drill and place it in play.
Vegeta is Lurking	CGSPromo	cgp3	P3		P	Named	Combat			Vegeta only. Search your Life Deck for 3 Vegeta named cards and place them in your hand. Limit 1 per deck.
Yamcha's Revenge	CGSPromo	cgp4	P4		P	Named	Physical Combat			Physical attack. If successful, shuffle all Drills in play back into their owner's Life Deck. Remove from the game after use.
Goku Charges	CGSPromo	cgp5	P5		P	Named	Physical Combat			Physical attack doing +4 power stages of damage. Raise your anger 1 level. Remove from the game after use.
Vegeta At Full Power!	CGSPromo	cgp6	P6		P	Named	Combat			Vegeta only. Raise Vegeta to his highest power stage. Raise your anger 1 level. Remove from the game after use.
Can He Do That?	CGSPromo	cgp7	P7		P	Colorless	Combat			Choose a personality or Non-Combat card in play. The chosen card's power cannot be used for the remainder of Combat. If an Ally was chosen, the personality cannot take control of Combat for the remainder of Combat.
Massive Technology	CGSPromo	cgp8	P8		P	Colorless	Combat			Endurance 2. For the remainder of Combat, all of your physical attacks do +2 power stages of damage. If used by a personality with "Android" in the card title, all of your attacks deal +2 life cards of damage instead.
A Raditz Memory	CGSPromo	cgp9	P9		P	Colorless	Combat			No player may gain anger for the remainder of Combat. Shuffle this card back into your Life Deck after use. Limit 1 per deck.
Krillin's Surprise!	CGSPromo	cgp10	P10		P	Named	Combat			If your Main Personality is Krillin and he is currently at level 1, gain 6 anger. You cannot win by the Most Powerful Personality Victory for the remainder of the game.
Black Power Hit	WorldGamesSaga	wgs001	001		C	Black	Physical Combat			Physical attack doing +3 power stages of damage or stops a focused energy attack. Remove from game after use.
Black Defensive Stance	WorldGamesSaga	wgs002	002		C	Black	Physical Combat			Stops a pysical or energy attack. If you did not declare a Tokui-Waza, the next attack you perform this combat does -2 power stages of damage.
Black Elbow Counter	WorldGamesSaga	wgs003	003		C	Black	Physical Combat			Stops a physical attack. Your opponent's Main Personality loses 1 power stage. Lower your opponent's anger 1 level.
Black Light Jab	WorldGamesSaga	wgs004	004		C	Black	Physical Combat			Physical attack doing +4 power stages of damage. If successful and you declared a Tokui-Waza, discard a Non-Combat card in play.
Black Quick Strike	WorldGamesSaga	wgs005	005		C	Black	Physical Combat			Phisycal attack doing 3 power stages and 2 life cards of damage. If used by Hercule, this attack stays on the table to be used 1 more time this Combat. Remove from the game after use.
Black Reversal Strike	WorldGamesSaga	wgs006	006		C	Black	Physical Combat			Endurance 1. Physical attack doing +5 power stages of damage. Lower your opponent's anger 1 level.
Blue Defensive Stance	WorldGamesSaga	wgs007	007		C	Blue	Physical Combat			Prevent 5 power stages of damage from a physical attack. Discard an Ally in play. Raise your anger 1 level.
Blue Fire Kick	WorldGamesSaga	wgs008	008		C	Blue	Physical Combat			Physical attack doing +5 power stages of damage. If you declared a Tokui-Waza and your Main Personality is Pikkon, you may use this card to stop a physical attack instead. Raise your anger 1 level.
Blue Flying Kick	WorldGamesSaga	wgs009	009		C	Blue	Physical Combat			Physical attack doing +3 power stages of damage. If "Red Flying Kick" is in your discard pile, gain 5 power stages. Raise your anger 1 level.
Blue Forearm Block	WorldGamesSaga	wgs010	010		C	Blue	Physical Combat			Stops a physical attack and stops a physical attack performed by your opponent during his next "Attacker Attacks" phase. Raise your anger 1 level.
Blue Right Power Strike	WorldGamesSaga	wgs011	011		C	Blue	Physical Combat			Physical attack doing +3 power stages of damage. If successful and you declared a Tokui-Waza, raise your anger 1 level. The next energy attack you perform this Combat costs 0 power stages to perform.
Blue Sneak Attack	WorldGamesSaga	wgs012	012		C	Blue	Physical Combat			Physical attack doing +5 power stages of damage. If successful and "Red Trap" is in play, discard all Non-Combat cards in play.
Blue Thunder Flash	WorldGamesSaga	wgs013	013		C	Blue	Energy Combat			Sensei Deck. Energy attack doing 5 life cards of damage. If you declared a Tokui-Waza and your opponent declared a Red Tokui-Waza, raise your anger 2 levels.
Goten's Focused Blast	WorldGamesSaga	wgs014	014		C	Named	Energy Combat			Focused energy attack doing 8 life cards of damage. You can only perform this attack if you have no cards in your discard pile.
Earth Dragon Ball 3 (WGS)	WorldGamesSaga	wgs015	015		C		Dragon Ball			Draw 3 cards. Place the top card of your discard pile at the bottom of your Life Deck.
Namekian Battle Stance	WorldGamesSaga	wgs016	016		C	Namekian	Physical Combat			Sensei Deck. Stops a physical attack. If you declared a Tokui-Waza and your opponent declared a Saiyan Tokui-Waza, draw the bottom card of your discard pile. Remove from the game after use.
Namekian Elbow Strike	WorldGamesSaga	wgs017	017		C	Namekian	Physical Combat			Physical attack doing +3 power stages of damage. If stopped, place the top card of your discard pile at the bottom of your Life Deck.
Namekian Halting Stance	WorldGamesSaga	wgs018	018		C	Namekian	Physical Combat			Stops a physical attack. If you declared a Tokui-Waza, shuffle this card back into your Life Deck.
Namekian Light Jab	WorldGamesSaga	wgs019	019		C	Namekian	Physical Combat			Physical attack doing +4 power stages of damage. If successful, and you declared a Tokui-Waza, draw the bottom card of your discard pile. Remove from the game after use.
Namekian Surprise Attack	WorldGamesSaga	wgs020	020		C	Namekian	Physical Combat			Physical attack doing +3 power stages of damage. If successful and you declared a Tokui-Waza, remove a Non-Combat card in play from the game.
Namekian Throw	WorldGamesSaga	wgs021	021		C	Namekian	Physical Combat			Physical attack. You may discard any amount of cards from your hand. For every 2 cards discarded, look at your opponent's hand and choose a card. The chosen card(s) are discarded.
Orange Flying Drop Kick	WorldGamesSaga	wgs022	022		C	Orange	Physical Combat			Physical attack doing +3 power stages of damage. If successful, raise your Main Personality to its highest power stage. Raise your anger 1 level.
Orange Gut Wrench	WorldGamesSaga	wgs023	023		C	Orange	Physical Combat			Physical attack doing +4 power stages of damage. Lower your opponent's anger 1 level.
Orange Knockout	WorldGamesSaga	wgs024	024		C	Orange	Physical Combat			Physical attack doing +4 power stages of damage. If successful, discard an opponent's Ally in play.
Orange Palm Block	WorldGamesSaga	wgs025	025		C	Orange	Physical Combat			Stops a physical attack. The next physical attack you perform this Combat does +1 power stages of damage.
Red Creative Block	WorldGamesSaga	wgs026	026		C	Red	Physical Combat			Stops a physical attack. If you declared a Tokui-Waza, your next energy attack this Combat costs -2 power stages to perform, to a minimum of 0.
Red Energy Defensive Stance	WorldGamesSaga	wgs027	027		C	Red	Physical Combat			Endurance 2. Stops an energy attack. Raise your anger 1 level.
Red Flying Kick	WorldGamesSaga	wgs028	028		C	Red	Physical Combat			Physical attack doing +3 power stages of damage. If "Blue Flying Kick" is in your discard pile, gain 5 power stages. Lower your opponent's anger 1 level.
Red Goku's Energy Blast	WorldGamesSaga	wgs029	029		C	Red	Energy Combat			Endurance 1. Energy attack. Lower your opponent's anger 1 level. If used by Goku, gain 2 power stages.
Red Kid Trunks Blast	WorldGamesSaga	wgs030	030		C	Red	Energy Combat			Energy attack doing 3 life cards of damage. Costs 1 power stage to perform. If performed by Kid Trunks, this attack does 5 life cards of damage instead. Lower your opponent's anger 2 levels.
Saiyan Abduction	WorldGamesSaga	wgs031	031		C	Saiyan	Non-Combat			Endurance 2. Discard an Ally in play. If Goten or Kid Trunks are in play, discard 2 Allies instead.
Saiyan Defensive Sphere	WorldGamesSaga	wgs032	032		C	Saiyan	Physical Combat			Stops a physical attack. Stops an energy attack performed during your opponent's next "Attacker Attacks" phase. This card can stop focused attacks.
Saiyan Energy Ball	WorldGamesSaga	wgs033	033		C	Saiyan	Energy Combat			Endurance 1. Energy attack. If successful, place this card at the bottom of your Life Deck.
Saiyan Readied Attack	WorldGamesSaga	wgs034	034		C	Saiyan	Energy Combat			Energy attack doing 5 life cards of damage. If successful, prevent 3 life cards of damage from the next attack performed against you this Combat.
Straining Cry Baby Move	WorldGamesSaga	wgs035	035		C	Colorless	Physical Combat			Physical attack doing 5 power stages of damage. Raise your opponent's anger 1 level.
Straining Diving Punch Move	WorldGamesSaga	wgs036	036		C	Colorless	Physical Combat			Physical attack doing 3 power stages of damage. If you declared a Tokui-Waza, this attack does 5 power stages of damage instead. Raise your opponent's anger 2 levels.
Straining Reversal Move	WorldGamesSaga	wgs037	037		C	Colorless	Physical Combat			Physical attack doing +5 power stages of damage. Lower your anger 2 levels.
The Middle of Nowhere	WorldGamesSaga	wgs038	038		C	Colorless	Location			All attacks with "Majin" in the title do +3 power stages of damage.
Kid Trunks' Palm Blast	WorldGamesSaga	wgs039	039		C	Named	Energy Combat			Endurance 2. Energy attack doing 6 life cards of damage. Discard the top 2 cards of your Life Deck.
Black Back Breaker	WorldGamesSaga	wgs040	040		U	Black	Physical Combat			Sensei Deck. Physical attack doing +2 power stages of damage for each Non-Combat card your opponent has in play. Lower your opponent's anger 1 level.
Black Diving Elbow Strike	WorldGamesSaga	wgs041	041		U	Black	Physical Combat			Physical attack doing 3 life cards of damage. If successful and you declared a Tokui-Waza, discard a Non-Combat in play. Remove from the game after use.
Black Duck	WorldGamesSaga	wgs042	042		U	Black	Physical Combat			Sensei Deck. Stops a physical attack. Gain 10 power stages. If you declared a Tokui-Waza and your opponent declared an Orange Tokui-Waza, this card stays on the table to be used 1 more time this Combat. Remove from the game after use.
Black Fist Catch	WorldGamesSaga	wgs043	043		U	Black	Physical Combat			Sensei Deck. Stops a physical attack. If you declared a Tokui-Waza and your opponent declared an Orange Tokui-Waza, discard 2 Non-Combat cards in play.
Black Majin Blast	WorldGamesSaga	wgs044	044		U	Black	Energy Combat			Majin only. Energy attack doing 5 life cards of damage. If Videl is in play, remove the top 5 cards of your opponent's discard pile from the game.
Black Point Blank Kamehameha	WorldGamesSaga	wgs045	045		U	Black	Energy Combat			Sensei Deck. Energy attack doing 5 life cards of damage. If you declared a Tokui-Waza and your opponent declared an Orange Tokui-Waza this attack also does +3 power stages of damage.
Black Super Kick	WorldGamesSaga	wgs046	046		U	Black	Physical Combat			Physical attack doing +10 power stages of damage. This must be the first card you use during Combat. If successful, your opponent cannot perform physical attacks for the remainder of Combat. If stopped, discard the top 5 cards of your Life Deck.
Black Triple Team	WorldGamesSaga	wgs047	047		U	Black	Physical Combat			Physical attack doing 2 power stages of damage. Costs 1 power stage to perform. If you did not declare a Tokui-Waza, this attack stays on the table to be used 2 more times this Combat. If stopped, raise your Main Personality to its highest power stage.
Black Videl's Power Kick	WorldGamesSaga	wgs048	048		U	Black	Physical Combat			Sensei Deck. Physical attack doing +4 power stages of damage. If this attack is performed against a Majin, discard one of your opponent's Drills in play and raise your anger 1 level.
Blue Back Kick	WorldGamesSaga	wgs049	049		U	Blue	Physical Combat			Physical attack doing +3 power stages of damage. Raise your anger 1 level. If successful, stops all energy attacks for the remainder of Combat.
Blue Energy Transformation	WorldGamesSaga	wgs050	050		U	Blue	Energy Combat			Energy attack doing 5 life cards of damage. Raise your anger 1 level. If sucessful, you may search your Life Deck for a Battleground and place it into play.
Blue Heat Seeking Blast	WorldGamesSaga	wgs051	051		U	Blue	Energy Combat			Sensei Deck only. Energy attack doing 6 life cards of damage. If stopped, remove the top 2 cards of your opponent's Life Deck from the game.
Blue Lightning Block	WorldGamesSaga	wgs052	052		U	Blue	Physical Combat			Sensei Deck. Stops a physical attack. If you declared a Tokui-Waza and your opponent declared a Red Tokui-Waza, raise your anger 2 levels. Remove from the game after use.
Blue Quick Blast	WorldGamesSaga	wgs053	053		U	Blue	Energy Combat			Sensei Deck. Energy attack. Raise your anger 1 level for each Dragon Ball your opponent controls.
Blue Rebound	WorldGamesSaga	wgs054	054		U	Blue	Combat			Sensei Deck. All energy attacks you perform for the remainder of Combat cost -1 power stages to perform to a minimum of 0 and do +1 power stages of damage for each Ally your opponent has in play. Raise your anger 1 level.
Blue Videl's Knee Bash	WorldGamesSaga	wgs055	055		U	Blue	Physical Combat			Sensei Deck. Physical attack doing +4 power stages of damage. If this attack is performed against a Majin, this attack does +7 life cards of damage instead. Raise your anger 1 level.
Chapuchai's Multiform	WorldGamesSaga	wgs056	056		U	Named	Physical Combat			Chapuchai only. Physical attack doing 1 life card of damage. This attack stays on the table to be used 4 more times this Combat. Damage from this attack cannot be modified. Remove from the game after use.
Goku's Quickness Drill	WorldGamesSaga	wgs057	057		U	Named	Non-Combat			If this Drill is discarded from you hand, place it into play instead. Whenever an opponent's card makes you discard a card from your hand, draw a card afterward.
Hercule's Drop Kick	WorldGamesSaga	wgs058	058		U	Named	Physical Combat			Physical attack doing +6 power stages of damage. If stopped, gain 3 power stages and place this card at the bottom of your Life Deck. Unless your Main Personality is Hercule, limit 1 per deck.
Hero's Drill	WorldGamesSaga	wgs059	059		U	Colorless	Non-Combat			Sensei Deck only. All attacks performed against a Majin do +1 power stages of damage. All successful physical attacks you perform remove the bottom card of your opponent's Life Deck from the game before damage is dealt. Limit 1 per deck.
Jackie Chun's Energy Attack	WorldGamesSaga	wgs060	060		U	Named	Energy Combat			Master Roshi only. Energy attack doing 6 life cards of damage. If successful, all energy attacks performed by your Allies do +1 power stages of damage for the remainder of Combat.
Like Father Like Son	WorldGamesSaga	wgs061	061		U	Colorless	Non-Combat			Goten only. Attach this card to your Main Personality. All physical attacks this personality performs do +1 power stages of damage, and if successful, lower your opponent's anger 1 level. Limit 1 per deck.
Majin Fist Block	WorldGamesSaga	wgs062	062		U	Colorless	Physical Combat			Majin only. Physical attack doing +3 power stages of damage or stops a physical attack.
Majin Display of Power	WorldGamesSaga	wgs063	063		U	Colorless	Combat			Majin only. Choose one of your opponent's personalities in play. That personality loses 5 power stages. Remove from the game after use.
Majin Knee Strike	WorldGamesSaga	wgs064	064		U	Colorless	Physical Combat			Majin only. Physical attack doing +7 power stages of damage. If successful, raise your anger 1 level. Remove from the game after use.
Majin Overwhelming Attack	WorldGamesSaga	wgs065	065		U	Colorless	Physical Combat			Majin only. Physical attack doing 8 power stages of damage. If performed against Videl, this is focused physical attack. Raise your anger 1 level. Remove from the game after use.
Namekian Combo	WorldGamesSaga	wgs066	066		U	Namekian	Physical Combat			Physical attack doing 3 power stages of damage. If you declared a Tokui-Waza, this attack stays on the table to be used 2 more times this Combat. Remove from the game after use.
Namekian Double Blast	WorldGamesSaga	wgs067	067		U	Namekian	Energy Combat			Energy attack doing 5 life cards of damage. If successful, discard a Non-Combat card in play. Remove from the game after use.
Namekian Ducking Technique	WorldGamesSaga	wgs068	068		U	Namekian	Physical Combat			Stops a physical attack. If you declared a Tokui-Waza raise your Main Personality to its highest power stage and place the bottom card of your discard pile at the bottom of your Life Deck.
Namekian Eye Beam	WorldGamesSaga	wgs069	069		U	Namekian	Energy Combat			Energy attack doing 6 life cards of damage. If successful, place the bottom 3 cards of your discard pile at the bottom of your Life Deck. If stopped, remove the bottom 2 cards of your discard pile from the game.
Namekian Final Flash	WorldGamesSaga	wgs070	070		U	Namekian	Energy Combat			Energy attack doing 5 life cards of damage. Costs 1 power stage to perform. If successful, shuffle the top card of your discard pile back into your Life Deck.
Namekian Flight	WorldGamesSaga	wgs071	071		U	Namekian	Physical Combat			Sensei Deck. Physical attack doing 3 power stages of damage. If your opponent declared a Saiyan Tokui-Waza, this attack does 7 power stages of damage instead. If you declared a Tokui-Waza, shuffle this card back into your Life Deck after use.
Namekian Focused Blast	WorldGamesSaga	wgs072	072		U	Namekian	Energy Combat			Focused energy attack doing 5 life cards of damage. Lower your opponent's anger 2 levels.
Namekian Focused Jab	WorldGamesSaga	wgs073	073		U	Namekian	Physical Combat			Physical attack doing +4 power stages of damage. If you declared a Tokui-Waza, this attack is a focused physical attack. If successful, gain 3 power stages.
Namekian Focused Kick	WorldGamesSaga	wgs074	074		U	Namekian	Physical Combat			Physical attack doing +5 power stages of damage. Gain 4 power stages. If performed against a Majin, this attack is a focused physical attack.
Namekian Heat Seeking Blast	WorldGamesSaga	wgs075	075		U	Namekian	Energy Combat			Energy attack. Costs 4 power stages to perform. If stopped, your opponent discards the top 4 cards of his Life Deck. Remove from the game after use.
Namekian Knee Strike	WorldGamesSaga	wgs076	076		U	Namekian	Physical Combat			Sensei Deck. Physical attack doing 1 life card of damage. If successful and you have a Tokui-Waza, discard all of your opponent's Allies in play.
Namekian Offense	WorldGamesSaga	wgs077	077		U	Namekian	Combat			Sensei Deck. All of your physical attacks do +2 power stages of damage for the remainder of Combat. Take a Dragon Ball in play and place it at the bottom of its owner's Life Deck.
Namekian Pikkon's Defense	WorldGamesSaga	wgs078	078		U	Namekian	Combat			Stops the next physical attack or energy attack performed against you this Combat. Remove from the game after use.
Namekian Swift Strike	WorldGamesSaga	wgs079	079		U	Namekian	Physical Combat			Sensei Deck only. Physical attack doing 5 power stages of damage. If successful, place the bottom 3 cards of your discard pile at the bottom of your Life Deck. Remove from the game after use.
Namekian Tornado Attack	WorldGamesSaga	wgs080	080		U	Namekian	Physical Combat			Physical attack. If you declared a Tokui-Waza, this attack does 6 power stages of damage and raises your anger 1 level. Unless your Main Personality is Pikkon, remove from the game after use.
Orange Close Call	WorldGamesSaga	wgs081	081		U	Orange	Physical Combat			Sensei Deck. Stops a physical attack if you declared a Tokui-Waza and your opponent declared a Black Tokui-Waza, this card may also perform a physical attack doing 3 power stages of damage during your next "Attacker Attacks" phase.
Orange Direct Strike	WorldGamesSaga	wgs082	082		U	Orange	Physical Combat			Physical attack doing 3 life cards of damage. If successful and you declared a Tokui-Waza, all energy attacks costs +2 power stages to perform for the remainder of Combat.
Orange Diving Attack	WorldGamesSaga	wgs083	083		U	Orange	Physical Combat			Physical attack doing 1 power stage of damage for each Blue Style card in your discard pile. Remove from the game after use.
Orange Friendship	WorldGamesSaga	wgs084	084		U	Orange	Non-Combat			Endurance 2. You can only use this card after you have taken 5 or more life cards of damage from 1 attack this Combat. If you declared a Tokui-Waza, search your discard pile for up to 3 Allies and place them in play at their highest power stage.
Orange Light Jab	WorldGamesSaga	wgs085	085		U	Orange	Physical Combat			Physical attack doing +4 power stages of damage. If successful and you declared a Tokui-Waza, the next physical attack you perform this Combat does +2 power stages of damage.
Orange Overpowering Attack	WorldGamesSaga	wgs086	086		U	Orange	Physical Combat			Physical Attack doing +6 power stages of damage. If successful, discard a card at random from your hand. You must have at least 1 other card in your hand to perform this attack.
Orange Power Grip	WorldGamesSaga	wgs087	087		U	Orange	Physical Combat			Physical attack doing +8 power stages of damage. Your opponent does not take life cards of damage from this attack. If stopped, remove the top 2 cards of your discard pile from the game.
Orange Power Kick	WorldGamesSaga	wgs088	088		U	Orange	Physical Combat			Sensei Deck. Physical attack doing +4 power stages of damage. If your opponent declared a Black Tokui-Waza, this attack stays on the table to be used 1 more time this Combat. Remove from the game after use.
Orange Power Stance	WorldGamesSaga	wgs089	089		U	Orange	Non-Combat			Sensei Deck. Endurance 1. Raise your Main Personality to its highest power stage. Shuffle a Dragon Ball in play into its owner's Life Deck.
Orange Right Cross	WorldGamesSaga	wgs090	090		U	Orange	Physical Combat			Physical attack doing 1 power stage of damage for each Non-Combat card you have in play. Lower your opponent's anger 1 level. If successful, discard one of your Non-Combat cards in play. Remove from the game after use.
Arqua's Arena	WorldGamesSaga	wgs091	091		U	Named	Battleground			Whenever you play a Named Card, gain 3 power stages.
Orange Videl's Jump Kick	WorldGamesSaga	wgs092	092		U	Orange	Physical Combat			Sensei Deck. Physical attack doing +4 power stages of damage. If this attack is performed against a Majin, all of your physical attacks do +1 life cards of damage for the remainder of Combat.
Pikkon's Truce	WorldGamesSaga	wgs093	093		U	Named	Combat			Stops a focused physical attack or stops a focused energy attack. Remove from the game after use.
Red Aggression	WorldGamesSaga	wgs094	094		U	Red	Physical Combat			Sensei Deck. Stops a physical attack. If you declared a Tokui-Waza and your opponent declared a Blue Tokui-Waza, the next energy attack you perform this Combat is a focused energy attack. Remove from the game after use.
Red Double Strike	WorldGamesSaga	wgs095	095		U	Red	Combat			Physical attack. Raise your anger 1 level. If you declared a Tokui-Waza, this card stays on the table to be used 1 more time this Combat.
Red Energy Drill (WGS)	WorldGamesSaga	wgs096	096		U	Red	Non-Combat			Once per Combat, immediately after you deal life cards of damage with a Red Style energy attack, place the topmost 2 cards of your discard pile on the bottom of your Life Deck.
Red Energy Focus	WorldGamesSaga	wgs097	097		U	Red	Combat			All of your energy attacks cost -1 power stages to perform to a minimum of 1 and do +2 life cards of damage for the remainder of Combat. Lower your opponent's anger 1 level.
Red Heat Seeking Blast	WorldGamesSaga	wgs098	098		U	Red	Energy Combat			Sensei Deck. Energy attack doing 3 life cards of damage for each Dragon Ball your opponent controls. If your opponent declared a Blue Tokui-Waza, this attack is a focused energy attack.
Krillin, the Father (level 1)	WorldGamesSaga	wgs099	099	1	U		Hero	(2)	(10) 550,000 | (9) 525,000 | (8) 500,000 | (7) 475,000 | (6) 450,000 | (5) 425,000 | (4) 400,000 | (3) 375,000 | (2) 350,000 | (1) 325,000 | (0) 0000	Energy attack. If successful you may search your Life Deck for any card and discard it.
Red Light Jab	WorldGamesSaga	wgs100	100		U	Red	Physical Combat			Physical attack doing +4 power stages of damage. If successful and you declared a Tokui-Waza, lower your opponent's anger to 0.
Red Lightning Strike	WorldGamesSaga	wgs101	101		U	Red	Energy Combat			Energy attack doing 5 life cards of damage. Costs 1 power stage to perform. If successful, lower your opponent's anger to 0.
Red Solar Flare	WorldGamesSaga	wgs102	102		U	Red	Energy Combat			Sensei Deck. Energy attack doing 6 life cards of damage. If your opponent declared a Blue Tokui-Waza, this attack is a focused energy attack and lowers your opponent's anger 2 levels. Remove from the game after use.
Red Trap	WorldGamesSaga	wgs103	103		U	Red	Non-Combat			Sensei Deck only. Attach this card to your opponent's Main Personality after successfully performing an energy attack. That player cannot use Non-Combat cards while this card is attached. Remove from the game when that opponent performs a successful attack.
Red Videl's Elbow Smash	WorldGamesSaga	wgs104	104		U	Red	Physical Combat			Sensei Deck. Physical attack doing +4 power stages of damage. If performed against a Majin, this attack does +6 power stages of damage instead and lowers your opponent's anger 1 level.
Saiyan Discharge	WorldGamesSaga	wgs105	105		U	Saiyan	Energy Combat			Sensei Deck. Energy Attack doing 5 life cards of damage. If performed against the Ginyu Force, this card stays on the table to be used 1 more time this Combat. Remove from the game after use.
Saiyan Finger Block	WorldGamesSaga	wgs106	106		U	Saiyan	Physical Combat			Saiyan Heritage only. Stops a physical attack. If used by Goten, prevent 2 life cards of damage from the next attack performed against you this Combat.
Saiyan Flight	WorldGamesSaga	wgs107	107		U	Saiyan	Physical Combat			Sensei Deck. Physical attack doing 3 power stages of damage. If your opponent declared a Namekian Tokui-Waza, lower your opponent's Main Personality to 0 power stages.
Saiyan Focused Block	WorldGamesSaga	wgs108	108		U	Saiyan	Physical Combat			Saiyan Heritage only. Stops a focused physical attack or stops a focused energy attack. Lower your opponent's anger 1 level.
Saiyan Heritage Drill	WorldGamesSaga	wgs109	109		U	Saiyan	Non-Combat			All "Saiyan Heritage only" cards that perform attacks do +2 power stages of damage.
Saiyan Jump Shot	WorldGamesSaga	wgs110	110		U	Saiyan	Energy Combat			Energy attack. If successful, shuffle this card back into your Life Deck after use. If you declared a Tokui-Waza, the next energy attack you perform this Combat costs 0 power stages to perform.
Saiyan Kamehameha	WorldGamesSaga	wgs111	111		U	Saiyan	Energy Combat			Sensei Deck. Energy attack doing 5 life cards of damage. If you and your opponent declared a Tokui-Waza, prevent 5 life cards of damage from the next attack performed against you this Combat. Raise your anger 1 level.
Saiyan Light Jab	WorldGamesSaga	wgs112	112		U	Saiyan	Physical Combat			Physical attack doing +4 power stages of damage. If successful and you declared a Tokui-Waza, shuffle this card back into your Life Deck.
Saiyan Side Step	WorldGamesSaga	wgs113	113		U	Saiyan	Physical Combat			Sensei Deck. Stops a physical attack. If you declared a Tokui-Waza and your opponent declared a Namekian Tokui-Waza, your opponent may not gain power stages until the beginning of his next turn. Remove from the game after use.
Saiyan Swift Kick	WorldGamesSaga	wgs114	114		U	Saiyan	Physical Combat			Physical attack doing +3 power stages of damage. If the bottom card of your discard pile is a Saiyan Style card, prevent 4 power stages of damage from the next attack performed against you this Combat.
Saiyan Uppercut	WorldGamesSaga	wgs115	115		U	Saiyan	Physical Combat			Sensei Deck. Physical attack doing +4 power stages of damage. If performed against Pikkon, this attack does +7 power stages of damage instead. Lower your opponent's anger 1 level.
Straining Counterstrike Move	WorldGamesSaga	wgs116	116		U	Colorless	Physical Combat			Sensei Deck only. Physical attack doing 6 life cards of damage. If your opponent's Main Personality is a Majin, this is a focused physical attack. Lower your opponent's anger 2 levels.
Straining Focused Move	WorldGamesSaga	wgs117	117		U	Colorless	Physical Combat			Focused physical attack doing +7 power stages of damage. If successful, you may not use a card during your next "Defender Defends" phase. Lower your anger 1 level.
The Truck	WorldGamesSaga	wgs118	118		U	Colorless	Non-Combat			Discard 2 Non-Combat cards in play. If Gohan or Videl are in play, discard 1 Non-Combat card in play instead. Limit 1 per deck.
Black Style Mastery (WGS)	WorldGamesSaga	wgs119	119		R	Black	Mastery			All of your attacks gain, "If successful discard a Drill in play." All of your Black Style attacks gain, "If successful, you may discard a Non-Combat card" instead.
Blue Style Mastery (WGS)	WorldGamesSaga	wgs120	120		R	Blue	Mastery			All energy attacks you perform do +1 life cards of damage. All Blue Style energy attacks gain, "If successful, raise your anger 1 level."
Capsule Corp.	WorldGamesSaga	wgs121	121		R	Colorless	Location			All focused attacks cost +3 power stages to perform.
Chapuchai (level 1)	WorldGamesSaga	wgs122	122	1	R		Celestial Fighter	(2)	(10) 800,000 | (9) 750,000 | (8) 700,000 | (7) 650,000 | (6) 600,000 | (5) 550,000 | (4) 500,000 | (3) 450,000 | (2) 400,000 | (1) 350,000 | (0) 0000	Physical attack doing 4 power stages of damage. If successful, prevent 4 power stages of damage from the next attack performed against you this Combat.
Chapuchai, the Tiny (level 2)	WorldGamesSaga	wgs123	123	2	R		Celestial Fighter	(2)	(10) 1,000,000 | (9) 900,000 | (8) 800,000 | (7) 700,000 | (6) 600,000 | (5) 500,000 | (4) 400,000 | (3) 300,000 | (2) 200,000 | (1) 100,000 | (0) 0000	Stops a physical attack. Place the bottom 2 cards of your discard pile at the bottom of your Life Deck. You may use this power twice per Combat.
Chapuchai, the Tenacious (level 3)	WorldGamesSaga	wgs124	124	3	R		Celestial Fighter	(2)	(10) 1,200,000 | (9) 1,100,000 | (8) 1,000,000 | (7) 900,000 | (6) 800,000 | (5) 700,000 | (4) 600,000 | (3) 500,000 | (2) 400,000 | (1) 300,000 | (0) 0000	Physical attack doing 3 power stages of damage. If successful, remove a Drill in play from the game. If you did not declare a Tokui-Waza, you may use this power three times per Combat.
East Kai Sensei	WorldGamesSaga	wgs125	125		R		Sensei			(Deck Size: 10) Once per game during any Non-Combat Step, raise your Main Personality to its highest power stage.
Freestyle Mastery	WorldGamesSaga	wgs126	126		R		Mastery			When entering Combat, remove the top card of your discard pile from the game. If it's a Named card that matches your Main Personality, name a Non-Dragon Ball card. Your opponent searches his Life Deck and discards a copy of that card.
Froug (level 1)	WorldGamesSaga	wgs127	127	1	R		Celestial Fighter	(1)	(10) 1,000,000 | (9) 900,000 | (8) 800,000 | (7) 700,000 | (6) 600,000 | (5) 500,000 | (4) 400,000 | (3) 300,000 | (2) 200,000 | (1) 100,000 | (0) 0000	Stops a physical attack. If you declared a Tokui-Waza, Combat cards may not be played for the remainder of Combat.
Froug, the Underdog (level 2)	WorldGamesSaga	wgs128	128	2	R		Celestial Fighter	(2)	(10) 1,200,000 | (9) 1,100,000 | (8) 1,000,000 | (7) 900,000 | (6) 800,000 | (5) 700,000 | (4) 600,000 | (3) 500,000 | (2) 400,000 | (1) 300,000 | (0) 0000	Stops a physical attack. If you declared a Tokui-Waza, draw the bottom card of your discard pile.
Froug, the Huge (level 3)	WorldGamesSaga	wgs129	129	3	R		Celestial Fighter	(3)	(10) 2,000,000 | (9) 1,950,000 | (8) 1,900,000 | (7) 1,850,000 | (6) 1,800,000 | (5) 1,750,000 | (4) 1,700,000 | (3) 1,650,000 | (2) 1,600,000 | (1) 1,550,000 | (0) 0000	(Constant Combat Power) The first physical attack Froug performs in Combat does +6 power stages of damage. All successful physical attacks performed against Froug do -3 power stages of damage.
Gohan, the Energized (level 4)	WorldGamesSaga	wgs130	130	4	R		Hero	(4)	(12) 3,900,000 | (11) 3,825,000 | (10) 3,750,000 | (9) 3,675,000 | (8) 3,600,000 | (7) 3,525,000 | (6) 3,450,000 | (5) 3,375,000 | (4) 3,300,000 | (3) 3,250,000 | (2) 3,175,000 | (1) 3,100,000 | (0) 0000	Physical attack doing X power stages of damage and costs X power stages to perform. You choose the amount of X when you perform this attack.
Goku, the King's Pupil (level 4)	WorldGamesSaga	wgs131	131	4	R		Hero	(4)	(12) 4,000,000 | (11) 3,900,000 | (10) 3,800,000 | (9) 3,700,000 | (8) 3,600,000 | (7) 3,500,000 | (6) 3,400,000 | (5) 3,300,000 | (4) 3,200,000 | (3) 3,100,000 | (2) 3,000,000 | (1) 2,900,000 | (0) 0000	Once per game, you may search your Life Deck or discard pile for up to 5 Drills and place them into play.
Grand Kai (level 1)	WorldGamesSaga	wgs132	132	1	R		Celestial Fighter	(2)	(10) Z | (9) Z | (8) Z | (7) Z | (6) Z | (5) Z | (4) Z | (3) Z | (2) Z | (1) Z | (0) 0000	(Constant Combat Power) All your attacks do +1 power stages of damage. Grand Kai does not need to take control of Combat to use this power.
Red Jump Kick	WorldGamesSaga	wgs133	133		R	Red	Physical Combat			Physical attack doing +2 power stages of damage. If successful and you declared a Tokui-Waza, lower your opponent's Main Personality 1 personality level. Remove from the game after use.
Krillin, the Husband (level 2)	WorldGamesSaga	wgs134	134	2	R		Hero	(3)	(11) 650,000 | (10) 600,000 | (9) 550,000 | (8) 500,000 | (7) 450,000 | (6) 400,000 | (5) 350,000 | (4) 300,000 | (3) 250,000 | (2) 200,000 | (1) 150,000 | (0) 0000	Energy attack doing 5 life cards of damage. If your discard pile has more cards than your opponent's when you first perform this attack, you may perform this atack twice per Combat.
Krillin, the Great (level 3)	WorldGamesSaga	wgs135	135	3	R		Hero	(4)	(12) 775,000 | (11) 725,000 | (10) 675,000 | (9) 625,000 | (8) 575,000 | (7) 525,000 | (6) 475,000 | (5) 425,000 | (4) 375,000 | (3) 325,000 | (2) 275,000 | (1) 225,000 | (0) 0000	(Constant Combat Power) All energy attacks you perform do +1 power stage of damage for every Named card in your discard pile. At the beginning of your turn, remove 2 Named cards in your discard pile from the game.
Majin Spopovich (level 1)	WorldGamesSaga	wgs136	136	1	R		Majin Villian	(2)	(12) 30,000 | (11) 29,000 | (10) 28,000 | (9) 27,000 | (8) 26,000 | (7) 25,000 | (6) 24,000 | (5) 23,000 | (4) 22,000 | (3) 21,000 | (2) 20,000 | (1) 19,000 | (0) 0000	(Constant Combat Power) All of your physical attacks do +2 power stages of damage. If your physical attacks are performed against Videl, they do +3 power stages of damage instead.
Majin Spopovich, the Empowered (level 2)	WorldGamesSaga	wgs137	137	2	R		Majin Villian	(3)	(12) 50,000 | (11) 48,000 | (10) 46,000 | (9) 44,000 | (8) 42,000 | (7) 40,000 | (6) 38,000 | (5) 36,000 | (4) 34,000 | (3) 32,000 | (2) 30,000 | (1) 28,000 | (0) 0000	Physical attack doing 5 power stages of damage. Lower your opponent's anger 1 level. If you declared a Tokui-Waza, you may use this power twice per Combat. 
Majin Spopovich, the Revitalized (level 3)	WorldGamesSaga	wgs138	138	3	R		Majin Villian	(4)	(12) 70,000 | (11) 67,000 | (10) 64,000 | (9) 61,000 | (8) 58,000 | (7) 55,000 | (6) 52,000 | (5) 49,000 | (4) 46,000 | (3) 43,000 | (2) 40,000 | (1) 37,000 | (0) 0000	Place the bottom 3 cards of your discard pile at the bottom of your Life Deck. If you declared a Tokui-Waza, your opponent removes the top 3 cards of his discard pile from the game. 
Namekian Style Mastery (WGS)	WorldGamesSaga	wgs139	139		R	Namekian	Mastery			When entering Combat, draw the bottom card of your Life Deck. If it is a Namekian Style Card, you may show it to your opponent and draw another card from the bottom of your Life Deck.
North Kai Sensei	WorldGamesSaga	wgs140	140		R		Sensei			(Deck Size: 13) Twice per game during your Non-Combat Step, you may choose an opponent. That opponent cannot use his Mastery for the remainder of the turn.
Olibu, the Honorable (level 4)	WorldGamesSaga	wgs141	141	4	R		Celestial Fighter	(4)	(12) 3,600,000 | (11) 3,475,000 | (10) 3,350,000 | (9) 3,225,000 | (8) 3,100,000 | (7) 2,975,000 | (6) 2,850,000 | (5) 2,725,000 | (4) 2,600,000 | (3) 2,475,000 | (2) 2,350,000 | (1) 2,225,000 | (0) 0000	Physical attack doing +8 power stages of damage. If successful, remove your opponent's discard pile from the game. 
Orange Style Mastery (WGS)	WorldGamesSaga	wgs142	142		R	Orange	Mastery			All of your physical attacks do +2 power stages of damage. If you perform a successful Orange Style physical attack, all other physical attacks you perform for the remainder of Combat do additional +1 life cards of damage.
Torbie, the Silent (level 1)	WorldGamesSaga	wgs143	143	1	R		Celestial Fighter	(1)	(10) 1,100,000 | (9) 1,025,000 | (8) 950,000 | (7) 875,000 | (6) 800,000 | (5) 725,000 | (4) 650,000 | (3) 575,000 | (2) 500,000 | (1) 425,000 | (0) 0000	Energy attack. If successful, remove the bottom card of your opponent's discard pile from the game. 
Torbie, the Prepared (level 2)	WorldGamesSaga	wgs144	144	2	R		Celestial Fighter	(2)	(11) 1,300,000 | (10) 1,225,000 | (9) 1,150,000 | (8) 1,075,000 | (7) 1,000,000 | (6) 925,000 | (5) 850,000 | (4) 775,000 | (3) 700,000 | (2) 625,000 | (1) 550,000 | (0) 0000	Focused physical attack doing +3 power stages of damage. If successful, remove the top or bottom 3 cards of your opponent's discard pile from the game. 
Torbie, Unleashed (level 3)	WorldGamesSaga	wgs145	145	3	R		Celestial Fighter	(3)	(12) 1,500,000 | (11) 1,425,000 | (10) 1,350,000 | (9) 1,275,000 | (8) 1,200,000 | (7) 1,125,000 | (6) 1,050,000 | (5) 975,000 | (4) 900,000 | (3) 825,000 | (2) 750,000 | (1) 675,000 | (0) 0000	Energy attack doing 15 life cards of damage -1 life card for every card in your opponent's discard pile, to a minimum of 0. 
Pikkon, the Hero (level 4)	WorldGamesSaga	wgs146	146	4	R		Celestial Fighter	(4)	(12) 4,000,000 | (11) 3,900,000 | (10) 3,800,000 | (9) 3,700,000 | (8) 3,600,000 | (7) 3,500,000 | (6) 3,400,000 | (5) 3,300,000 | (4) 3,200,000 | (3) 3,100,000 | (2) 3,000,000 | (1) 2,900,000 | (0) 0000	(Constant Combat Power) All energy attacks performed by Pikkon gain "If successful, remove a Non-Combat card in play from the game." 
Red Style Mastery (WGS)	WorldGamesSaga	wgs147	147		R	Red	Mastery			Whenever you perform an energy attack, lower your opponent's anger 1 level. If your opponent stops one of your Red Style energy attacks, he discards the top 2 cards of his Life Deck.
Saiyan Style Mastery (WGS)	WorldGamesSaga	wgs148	148		R	Saiyan	Mastery			When entering Combat, draw a card. If it is a Saiyan Style card, you may show it to your opponent and prevent 4 power stages and 4 life cards of damage from the first attack performed against you. Otherwise, prevent 4 power stages of damage from the first attack performed against you.
South Kai Sensei	WorldGamesSaga	wgs149	149		R		Sensei			(Deck Size: 5) Once per game during your Non-Combat Step, you may search your Life Deck for a level 1 Ally and place it in play at 3 power stages above 0.
Tapkar (level 1)	WorldGamesSaga	wgs150	150	1	R		Celestial Fighter	(4)	(10) 400,000 | (9) 380,000 | (8) 360,000 | (7) 340,000 | (6) 320,000 | (5) 300,000 | (4) 280,000 | (3) 260,000 | (2) 240,000 | (1) 220,000 | (0) 0000	(Constant Combat Power) When entering Combat, draw 4 cards, remove 2 cards in your hand from the game, and raise your anger 3 levels. 
Tapkar, the Speedy (level 2)	WorldGamesSaga	wgs151	151	2	R		Celestial Fighter	(3)	(10) 500,000 | (9) 460,000 | (8) 420,000 | (7) 380,000 | (6) 340,000 | (5) 300,000 | (4) 260,000 | (3) 220,000 | (2) 180,000 | (1) 140,000 | (0) 0000	(Constant Combat Power) When entering Combat, draw 6 cards, remove 3 cards in your hand from the game, and raise your anger 4 levels. 
Tapkar, the Fastest (level 3)	WorldGamesSaga	wgs152	152	3	R		Celestial Fighter	(2)	(10) 600,000 | (9) 540,000 | (8) 480,000 | (7) 420,000 | (6) 360,000 | (5) 300,000 | (4) 240,000 | (3) 180,000 | (2) 120,000 | (1) 60,000 | (0) 0000	(Constant Combat Power) When entering Combat, draw 8 cards, remove 5 cards in your hand from the game, and raise your anger 5 levels. You cannot win with the Most Powerful Personality Victory. 
Arqua, the Water Champion (level 1)	WorldGamesSaga	wgs153	153	1	R		Celestial Fighter	(1)	(10) 900,000 | (9) 850,000 | (8) 800,000 | (7) 750,000 | (6) 700,000 | (5) 650,000 | (4) 600,000 | (3) 550,000 | (2) 500,000 | (1) 450,000 | (0) 0000	Physical attack doing +4 power stages of damage. If "Arqua's Arena" is in play, raise Arqua to his highest power stage. 
Arqua, the Agile (level 2)	WorldGamesSaga	wgs154	154	2	R		Celestial Fighter	(2)	(10) 1,000,000 | (9) 950,000 | (8) 900,000 | (7) 850,000 | (6) 800,000 | (5) 750,000 | (4) 700,000 | (3) 650,000 | (2) 600,000 | (1) 550,000 | (0) 0000	Physical attack doing 4 power stages of damage. If "Arqua's Arena" is in play, you may use this power twice per Combat. 
Arqua, Unleashed (level 3)	WorldGamesSaga	wgs155	155	3	R		Celestial Fighter	(3)	(11) 1,100,000 | (10) 1,000,000 | (9) 1,050,000 | (8) 1,000,000 | (7) 950,000 | (6) 900,000 | (5) 850,000 | (4) 800,000 | (3) 750,000 | (2) 700,000 | (1) 650,000 | (0) 0000	(Constant Combat Power) All of your physical attacks do +2 power stages of damage. If Arqua's Arena is in play, all of your attacks do an additional +3 power stages of damage. 
West Kai Sensei	WorldGamesSaga	wgs156	156		R		Sensei			(Deck Size: 7) Once per game during your "Attacker Attacks" phase, you may remove up to 2 Non-Combat cards in play from the game.
World Tournament	WorldGamesSaga	wgs157	157		R	Colorless	Battleground			Allies may not take control of Combat.
Evil Precence Drill	WorldGamesSaga	wgs158	158		UR	Colorless	Non-Combat			Sensei Deck only. The first physical attack you perform during Combat does +1 power stage of damage for each card in your removed from the game pile, to a maximum of +10. You can only have 1 copy of this Drill in play at a time.
Goku, the Galaxy's Hero (level 5)	WorldGamesSaga	wgs159	159	5	UR		Hero	(5)	(11) 4,900,000 | (10) 4,650,000 | (9) 4,400,000 | (8) 4,150,000 | (7) 3,900,000 | (6) 3,650,000 | (5) 3,400,000 | (4) 3,150,000 | (3) 2,900,000 | (2) 2,650,000 | (1) 2,400,000 | (0) 0000	Focused physical attack doing 1 life card of damage for each Non-Combat card in play and in your discard pile. This must be the first attack you perform during Combat. 
Goku's Blinding Strike	WorldGamesSaga	wgs160	160		UR	Named	Energy Combat			Sensei Deck only. Energy attack doing 7 life cards of damage. If successful, name 3 different cards. Search your opponent's Life Deck for 1 copy of each of these cards and remove them from the game. If stopped, remove your discard pile from the game.
Pikkon, the Prized Fighter (level 5)	WorldGamesSaga	wgs161	161	5	UR		Celestial Fighter	(5)	(11) 4,900,000 | (10) 4,650,000 | (9) 4,400,000 | (8) 4,150,000 | (7) 3,900,000 | (6) 3,650,000 | (5) 3,400,000 | (4) 3,150,000 | (3) 2,900,000 | (2) 2,650,000 | (1) 2,400,000 | (0) 0000	Focused energy attack doing 1 life card of damage. If successful, remove the bottom 5 cards of your opponent's Life Deck from the game. 
Vegeta, the Proud (level 1)	WorldGamesSaga	wgs162	162	1	SDP		Hero	(1)	(10) 1,200,000 | (9) 1,125,000 | (8) 1,050,000 | (7) 975,000 | (6) 900,000 | (5) 825,000 | (4) 750,000 | (3) 675,000 | (2) 600,000 | (1) 525,000 | (0) 0000	You may search your Life Deck for up to 3 Vegeta Named cards and discard them. Raise your anger 1 level. 
Vegeta, the Mighty (level 2)	WorldGamesSaga	wgs163	163	2	SDP		Hero	(2)	(11) 1,900,000 | (10) 1,800,000 | (9) 1,700,000 | (8) 1,600,000 | (7) 1,500,000 | (6) 1,400,000 | (5) 1,300,000 | (4) 1,200,000 | (3) 1,100,000 | (2) 1,000,000 | (1) 900,000 | (0) 0000	Physical attack doing 1 power stage of damage for every Vegeta Named card in your discard pile. Raise your anger 1 level. 
Vegeta, the Dark Hero (level 3)	WorldGamesSaga	wgs164	164	3	SDP		Hero	(3)	(12) 3,200,000 | (11) 3,050,000 | (10) 2,900,000 | (9) 2,750,000 | (8) 2,600,000 | (7) 2,450,000 | (6) 2,300,000 | (5) 2,150,000 | (4) 2,000,000 | (3) 1,850,000 | (2) 1,700,000 | (1) 1,550,000 | (0) 0000	When entering Combat, shuffle 3 Vegeta Named cards from your discard pile back into your Life Deck and lower your opponent's anger 2 levels. 
Vegeta (WGS-level 1)	WorldGamesSaga	wgs165	165	HT-1	SDP		Hero	(1)	(10) 1,200,000 | (9) 1,125,000 | (8) 1,050,000 | (7) 975,000 | (6) 900,000 | (5) 825,000 | (4) 750,000 | (3) 675,000 | (2) 600,000 | (1) 525,000 | (0) 0000	Any Vegeta named cards that say "Remove from the game after use" now say, "Discard after use" instead. 
Gohan, the Great Saiyaman (level 1)	WorldGamesSaga	wgs166	166	1	SDP		Hero	(1)	(10) 1,000,000 | (9) 925,000 | (8) 850,000 | (7) 775,000 | (6) 700,000 | (5) 625,000 | (4) 550,000 | (3) 475,000 | (2) 400,000 | (1) 325,000 | (0) 0000	Energy attack doing 5 life cards of damage. If successful, search your Life Deck for Videl's level 1 and place her into play at 5 power stages above 0. 
Gohan, the Protector (level 2)	WorldGamesSaga	wgs167	167	2	SDP		Hero	(2)	(11) 2,000,000 | (10) 1,850,000 | (9) 1,700,000 | (8) 1,550,000 | (7) 1,400,000 | (6) 1,250,000 | (5) 1,100,000 | (4) 950,000 | (3) 800,000 | (2) 650,000 | (1) 500,000 | (0) 0000	Your Allies cannot be removed from the game. If Videl is in play as your Ally, your Allies power up 1 extra stage during the Power Up Step. 
Gohan, the Righteous (level 3)	WorldGamesSaga	wgs168	168	3	SDP		Hero	(3)	(12) 3,600,000 | (11) 3,425,000 | (10) 3,250,000 | (9) 3,075,000 | (8) 2,900,000 | (7) 2,725,000 | (6) 2,550,000 | (5) 2,375,000 | (4) 2,200,000 | (3) 2,025,000 | (2) 1,850,000 | (1) 1,675,000 | (0) 0000	Energy attack doing 8 life cards of damage. Costs 3 power stages to perform. If Videl is in play as your Ally, shuffle any Allies in your discard pile back into your Life Deck. 
Gohan (WGS-level 1)	WorldGamesSaga	wgs169	169	HT-1	SDP		Hero	(1)	(10) 1,000,000 | (9) 925,000 | (8) 850,000 | (7) 775,000 | (6) 700,000 | (5) 625,000 | (4) 550,000 | (3) 475,000 | (2) 400,000 | (1) 325,000 | (0) 0000	Energy attack doing 1 power stage of damage for each personality in play. Raise Gohan to his highest power stage. If Videl is in play as your Ally, place the top card of your discard pile on the bottom of your Life Deck. 
Goku, the Warrior (level 1)	WorldGamesSaga	wgs170	170	1	SDP		Hero	(1)	(10) 1,500,000 | (9) 1,400,000 | (8) 1,300,000 | (7) 1,200,000 | (6) 1,100,000 | (5) 1,000,000 | (4) 900,000 | (3) 800,000 | (2) 700,000 | (1) 600,000 | (0) 0000	When entering Combat, search your discard pile for a Non-Combat card, place it into your hand and lower your opponent's anger 1 level. 
Goku, the Competitor (level 2)	WorldGamesSaga	wgs171	171	2	SDP		Hero	(2)	(11) 2,500,000 | (10) 2,400,000 | (9) 2,300,000 | (8) 2,200,000 | (7) 2,100,000 | (6) 2,000,000 | (5) 1,900,000 | (4) 1,800,000 | (3) 1,700,000 | (2) 1,600,000 | (1) 1,500,000 | (0) 0000	The first physical attack Goku performs does +1 power stages of damage for each Non-Combat card you have in play. 
Goku, the Proud (level 3)	WorldGamesSaga	wgs172	172	3	SDP		Hero	(3)	(12) 3,500,000 |  (11) 3,400,000 | (10) 3,300,000 | (9) 3,200,000 | (8) 3,100,000 | (7) 3,000,000 | (6) 2,900,000 | (5) 2,800,000 | (4) 2,700,000 | (3) 2,600,000 | (2) 2,500,000 | (1) 2,400,000 | (0) 0000	Energy attack doing 1 life card of damage for each Non-Combat you have in play. If you declared a Tokui-Waza, raise Goku to his highest power stage. 
Goku (level 1)	WorldGamesSaga	wgs173	173	HT-1	SDP		Hero	(1)	(10) 1,500,000 | (9) 1,400,000 | (8) 1,300,000 | (7) 1,200,000 | (6) 1,100,000 | (5) 1,000,000 | (4) 900,000 | (3) 800,000 | (2) 700,000 | (1) 600,000 | (0) 0000	Stops a physical attack. If you declared a Tokui-Waza, search your Life Deck for a Freestyle Drill and place it in your hand. 
Goten, the Playful (level 1)	WorldGamesSaga	wgs174	174	1	SDP		Hero	(1)	(10) 800,000 | (9) 760,000 | (8) 720,000 | (7) 680,000 | (6) 640,000 | (5) 600,000 | (4) 560,000 | (3) 520,000 | (2) 480,000 | (1) 440,000 | (0) 0000	Physical attack doing 5 power stages of damage. If stopped, raise Goten to his highest power stage. 
Goten, the Brother (level 2)	WorldGamesSaga	wgs175	175	2	SDP		Hero	(2)	(10) 900,000 | (9) 870,000 | (8) 840,000 | (7) 810,000 | (6) 780,000 | (5) 750,000 | (4) 720,000 | (3) 690,000 | (2) 660,000 | (1) 630,000 | (0) 0000	Physical attack doing 5 life cards of damage. If successful, raise your anger 1 level. If you did not declare a Tokui-Waza, you may use this power twice per Combat. 
Goten, the Young Saiyan (level 3)	WorldGamesSaga	wgs176	176	3	SDP		Hero	(3)	(10) 1,000,000 | (9) 980,000 | (8) 960,000 | (7) 940,000 | (6) 920,000 | (5) 900,000 | (4) 880,000 | (3) 860,000 | (2) 840,000 | (1) 820,000 | (0) 0000	Energy attack doing 5 life cards of damage. Remove 2 cards in your discard pile from the game. If successful, draw the bottom 2 cards of your discard pile. 
Goten (level 1)	WorldGamesSaga	wgs177	177	HT-1	SDP		Hero	(1)	(10) 800,000 | (9) 760,000 | (8) 720,000 | (7) 680,000 | (6) 640,000 | (5) 600,000 | (4) 560,000 | (3) 520,000 | (2) 480,000 | (1) 440,000 | (0) 0000	Physical attack doing 7 power stages of damage. You must remove the top 2 cards of your discard pile from the game to perform this attack. 
Kid Trunks, the Junior Champion (level 1)	WorldGamesSaga	wgs178	178	1	SDP		Hero	(2)	(10) 850,000 | (9) 810,000 | (8) 770,000 | (7) 730,000 | (6) 690,000 | (5) 650,000 | (4) 610,000 | (3) 570,000 | (2) 530,000 | (1) 490,000 | (0) 0000	Energy attack. If stopped, raise Kid Trunks to his highest power stage. 
Kid Trunks, the Boastful (level 2)	WorldGamesSaga	wgs179	179	2	SDP		Hero	(3)	(10) 950,000 | (9) 920,000 | (8) 890,000 | (7) 860,000 | (6) 830,000 | (5) 800,000 | (4) 770,000 | (3) 740,000 | (2) 710,000 | (1) 680,000 | (0) 0000	Energy attack. If successful, raise your anger 1 level. If you declared a Tokui-Waza, you may use this power twice per Combat. 
Kid Trunks, the Young Saiyan (level 3)	WorldGamesSaga	wgs180	180	3	SDP		Hero	(4)	(10) 1,050,000 | (9) 1,030,000 | (8) 1,010,000 | (7) 990,000 | (6) 970,000 | (5) 950,000 | (4) 930,000 | (3) 910,000 | (2) 890,000 | (1) 870,000 | (0) 0000	Physical attack doing +3 power stages of damage. Choose 2 cards in your discard pile and remove them from the game. If successful, draw the bottom 2 cards of your discard pile. 
Kid Trunks (level 1)	WorldGamesSaga	wgs181	181	HT-1	SDP		Hero	(2)	(10) 850,000 | (9) 810,000 | (8) 770,000 | (7) 730,000 | (6) 690,000 | (5) 650,000 | (4) 610,000 | (3) 570,000 | (2) 530,000 | (1) 490,000 | (0) 0000	Energy attack doing 7 life cards of damage. Discard the top 2 cards of your Life Deck. If successful, gain 2 power stages. 
Maraikoh, the Vicious (level 1)	WorldGamesSaga	wgs182	182	1	SDP		Celestial Fighter	(1)	(10) 1,390,000 | (9) 1,300,000 | (8) 1,210,000 | (7) 1,120,000 | (6) 1,030,000 | (5) 940,000 | (4) 850,000 | (3) 760,000 | (2) 670,000 | (1) 580,000 | (0) 0000	Energy attack doing 7 life cards of damage. If stopped, discard the top 3 cards of your Life Deck. 
Maraikoh, the Strong (level 2)	WorldGamesSaga	wgs183	183	2	SDP		Celestial Fighter	(2)	(11) 2,200,000 | (10) 2,110,000 | (9) 2,020,000 | (8) 1,930,000 | (7) 1,840,000 | (6) 1,750,000 | (5) 1,660,000 | (4) 1,570,000 | (3) 1,480,000 | (2) 1,390,000 | (1) 1,300,000 | (0) 0000	Physical attack doing 9 power stages of damage. If successful, discard an Ally in play. If stopped, discard the top 3 cards of your Life Deck. 
Maraikoh, the Mighty (level 3)	WorldGamesSaga	wgs184	184	3	SDP		Celestial Fighter	(3)	(12) 3,000,000 | (11) 2,910,000 | (10) 2,820,000 | (9) 2,730,000 | (8) 2,640,000 | (7) 2,550,000 | (6) 2,460,000 | (5) 2,370,000 | (4) 2,280,000 | (3) 2,190,000 | (2) 2,100,000 | (1) 2,010,000 | (0) 0000	Physical attack doing 10 power stages of damage. If successful, shuffle the bottom 3 cards of your discard pile back into your Life Deck. If stopped, discard the top 3 cards of your Life Deck. 
Maraikoh (level 1)	WorldGamesSaga	wgs185	185	HT-1	SDP		Celestial Fighter	(1)	(10) 1,390,000 | (9) 1,300,000 | (8) 1,210,000 | (7) 1,120,000 | (6) 1,030,000 | (5) 940,000 | (4) 850,000 | (3) 760,000 | (2) 670,000 | (1) 580,000 | (0) 0000	Physical attack doing 5 power stages of damage. If stopped, discard the top 2 cards of your Life Deck. If you declared a Tokui-Waza, this power may be used twice per Combat. 
Olibu, the Mythical Hero(level 1)	WorldGamesSaga	wgs186	186	1	SDP		Celestial Fighter	(1)	(10) 1,500,000 | (9) 1,400,000 | (8) 1,300,000 | (7) 1,200,000 | (6) 1,100,000 | (5) 1,000,000 | (4) 900,000 | (3) 800,000 | (2) 700,000 | (1) 600,000 | (0) 0000	When entering Combat, discard the top card of your Life Deck. If it is a Physical Combat card, you may place it into your hand instead. 
Olibu, the Courageous(level 2)	WorldGamesSaga	wgs187	187	2	SDP		Celestial Fighter	(2)	(11) 2,300,000 | (10) 2,200,000 | (9) 2,150,000 | (8) 2,050,000 | (7) 2,000,000 | (6) 1,900,000 | (5) 1,850,000 | (4) 1,750,000 | (3) 1,700,000 | (2) 1,600,000 | (1) 1,550,000 | (0) 0000	When entering Combat as the attacker, choose up to 2 cards in your discard pile. Your opponent chooses one to be removed from the game, and the other is placed into your hand. 
Olibu, the Powerful(level 3)	WorldGamesSaga	wgs188	188	3	SDP		Celestial Fighter	(3)	(12) 3,100,000 | (11) 3,025,000 | (10) 2,925,000 | (9) 2,850,000 | (8) 2,750,000 | (7) 2,675,000 | (6) 2,575,000 | (5) 2,500,000 | (4) 2,400,000 | (3) 2,325,000 | (2) 2,225,000 | (1) 2,150,000 | (0) 0000	(Constant Combat Power) All of your Freestyle attacks do +1 life cards of damage. The first physical attack you perform during Combat becomes a focused physical attack. 
Olibu (level 1)	WorldGamesSaga	wgs189	189	HT-1	SDP		Celestial Fighter	(1)	(10) 1,500,000 | (9) 1,400,000 | (8) 1,300,000 | (7) 1,200,000 | (6) 1,100,000 | (5) 1,000,000 | (4) 900,000 | (3) 800,000 | (2) 700,000 | (1) 600,000 | (0) 0000	(Constant Combat Power) All of your Freestyle attacks do +2 life cards of damage. 
Pikkon, the Silent (level 1)	WorldGamesSaga	wgs190	190	1	SDP		Celestial Fighter	(2)	(10) 1,500,000 | (9) 1,400,000 | (8) 1,300,000 | (7) 1,200,000 | (6) 1,100,000 | (5) 1,000,000 | (4) 900,000 | (3) 800,000 | (2) 700,000 | (1) 600,000 | (0) 0000	Physical attack doing +1 power stages of damage for every card in your hand. 
Pikkon, the Serious (level 2)	WorldGamesSaga	wgs191	191	2	SDP		Celestial Fighter	(3)	(11) 2,500,000 | (10) 2,400,000 | (9) 2,300,000 | (8) 2,200,000 | (7) 2,100,000 | (6) 2,000,000 | (5) 1,900,000 | (4) 1,800,000 | (3) 1,700,000 | (2) 1,600,000 | (1) 1,500,000 | (0) 0000	Energy attack doing 6 life cards of damage. If successful and you declared a Tokui-Waza, skip your opponent's next "Attacker Attacks" phase. 
Pikkon, the Powerful (level 3)	WorldGamesSaga	wgs192	192	3	SDP		Celestial Fighter	(4)	(12) 3,500,000 | (11) 3,400,000 | (10) 3,300,000 | (9) 3,200,000 | (8) 3,100,000 | (7) 3,000,000 | (6) 2,900,000 | (5) 2,800,000 | (4) 2,700,000 | (3) 2,600,000 | (2) 2,500,000 | (1) 2,400,000 | (0) 0000	Physical attack doing 8 power stages of damage. Remove a Non-Combat card in play from the game. You must be able to remove a Non-Combat card in play in order to use this power. 
Pikkon (level 1)	WorldGamesSaga	wgs193	193	HT-1	SDP		Celestial Fighter	(2)	(10) 1,500,000 | (9) 1,400,000 | (8) 1,300,000 | (7) 1,200,000 | (6) 1,100,000 | (5) 1,000,000 | (4) 900,000 | (3) 800,000 | (2) 700,000 | (1) 600,000 | (0) 0000	Stops a physical attack. If you did not declare a Tokui-Waza, search your discard pile for a Martial Arts Styled card and shuffle it into your Life Deck. 
Piccolo, Majunior (level 1)	WorldGamesSaga	wgs194	194	1	SDP		Hero	(2)	(10) 800,000 | (9) 755,000 | (8) 710,000 | (7) 665,000 | (6) 620,000 | (5) 575,000 | (4) 530,000 | (3) 485,000 | (2) 440,000 | (1) 395,000 | (0) 0000	Place the bottom three cards of your discard pile at the bottom of your Life Deck. 
Piccolo, the Mentor (level 2)	WorldGamesSaga	wgs195	195	2	SDP		Hero	(3)	(11) 1,700,000 | (10) 1,600,000 | (9) 1,500,000 | (8) 1,400,000 | (7) 1,300,000 | (6) 1,200,000 | (5) 1,100,000 | (4) 1,000,000 | (3) 900,000 | (2) 800,000 | (1) 700,000 | (0) 0000	Energy attack doing 8 life cards of damage. Remove 2 cards in your discard pile from the game. Gain 1 power stage for each remaining card in your discard pile. 
Piccolo, the Former Guardian (level 3)	WorldGamesSaga	wgs196	196	3	SDP		Hero	(3)	(12) 3,000,000 | (11) 2,850,000 | (10) 2,700,000 | (9) 2,550,000 | (8) 2,400,000 | (7) 2,250,000 | (6) 2,100,000 | (5) 1,950,000 | (4) 1,800,000 | (3) 1,650,000 | (2) 1,500,000 | (1) 1,350,000 | (0) 0000	Energy attack doing 8 life cards of damage. If you have no cards left in your discard pile, you may use this power twice per Combat. Lower your opponent's anger 3 levels. 
Piccolo (WGS-level 1)	WorldGamesSaga	wgs197	197	1	SDP		Hero	(2)	(10) 800,000 | (9) 755,000 | (8) 710,000 | (7) 665,000 | (6) 620,000 | (5) 575,000 | (4) 530,000 | (3) 485,000 | (2) 440,000 | (1) 395,000 | (0) 0000	Any cards in your discard pile cannot be removed from the game. 
Videl, the Student (level 1)	WorldGamesSaga	wgs198	198	1	SDP		Hero	(1)	(10) 1,000 | (9) 900 | (8) 800 | (7) 700 | (6) 600 | (5) 500 | (4) 400 | (3) 300 | (2) 200 | (1) 100 | (0) 0000	Physical attack doing +2 power stages of damage. If your opponent is a Villain, this attack does +5 power stages of damage instead. Raise your anger 1 level. 
Videl, the Protector (level 2)	WorldGamesSaga	wgs199	199	2	SDP		Hero	(2)	(10) 30,000 | (9) 29,000 | (8) 28,000 | (7) 27,000 | (6) 26,000 | (5) 25,000 | (4) 24,000 | (3) 23,000 | (2) 22,000 | (1) 21,000 | (0) 0000	Physical attack doing +4 power stages of damage. If you did not declare a Tokui-Waza, you may use this power twice per Combat. 
Videl, the Determined (level 3)	WorldGamesSaga	wgs200	200	3	SDP		Hero	(3)	(10) 50,000 | (9) 48,000 | (8) 46,000 | (7) 44,000 | (6) 42,000 | (5) 40,000 | (4) 38,000 | (3) 36,000 | (2) 34,000 | (1) 32,000 | (0) 0000	When entering Combat, remove the top card of your opponent's Life Deck from the game. If it is a Physical Combat card, your opponent's Main Personality loses 5 power stages. 
Videl (level 1)	WorldGamesSaga	wgs201	201	1	SDP		Hero	(1)	(10) 1,000 | (9) 900 | (8) 800 | (7) 700 | (6) 600 | (5) 500 | (4) 400 | (3) 300 | (2) 200 | (1) 100 | (0) 0000	Focused physical attack doing 3 power stages of damage. Raise your anger 1 level. If successful, raise your anger 1 level. 
Face Off	WorldGamesSaga	wgspreview1	Preview 1		C	Colorless	Non-Combat			Goku or Majin Vegeta only. Use when entering Combat. Allies and Combat cards may not be played or used for the remainder of the Combat. Raise Majin Vegeta and Goku to their highest power stage. Raise your anger 1 level.
Righteous Strike	WorldGamesSaga	wgspreview2	Preview 2		C	Colorless	Physical Combat			Physical Attack doing +4 power stages of damage. If performed against a Majin, this attack does +7 power stages of damage instead. Lower your opponent's anger 2 levels.
Evil's True Face	WorldGamesSaga	wgspreview3	Preview 3		U	Colorless	Combat			Majin only. All of your physical attacks do +3 power stages of damage for the remainder of Combat. Draw a card. Remove from game after use.
Energy Drain	WorldGamesSaga	wgspreview4	Preview 4		U	Colorless	Non-Combat			Majin only. Attach this card to one of your opponent's personalities. When entering Combat, this personality loses 2 power stages and your Main Personality gains 2 power stages. Limit 1 per deck.
Supreme Kai's Power Hold	WorldGamesSaga	wgspreview5	Preview 5		R	Named	Energy Combat			Energy attack. If successful, your opponent must pass during his next "Attacker Attacks" phase. Remove from the game after use.
Supreme Kai (level 1)	WorldGamesSaga	wgspreview6	Preview 6	1	R		Hero	(2)	(11) Z | (10) Z | (9) Z | (8) Z | (7) Z | (6) Z | (5) Z | (4) Z | (3) Z | (2) Z | (1) Z | (0) 0000	When entering Combat, look at the top 5 cards of your opponent's Life Deck and place them back in any order. Draw the bottom card of your discard pile. 
Majin Vegeta, the Dark Prince (level 1)	WorldGamesSaga	wgspreview7	Preview 7	1	R		Majin Villain	(2)	(11) 1,800,000 | (10) 1,750,000 | (9) 1,700,000 | (8) 1,650,000 | (7) 1,600,000 | (6) 1,550,000 | (5) 1,500,000 | (4) 1,450,000 | (3) 1,400,000 | (2) 1,350,000 | (1) 1,300,000 | (0) 0000	Physical attack doing +5 power stages of damage. Costs 2 life cards to perform. If successful, discard all Allies in play. If performed against Goku, this is a focused physical attack. 
King Cold, the Boastful (level 2)	LostVillains	lv1	LV1	2	P		Villain	(2)	(10) 1,000,000 | (9) 900,000 | (8) 800,000 | (7) 700,000 | (6) 600,000 | (5) 500,000 | (4) 400,000 | (3) 300,000 | (2) 200,000 | (1) 100,000 | (0) 0000	Raise or lower your or your opponent's anger by 1 or 2 levels. 
Frieza, the Untouchable (level 1)	LostVillains	lv2	LV2	1	P		Villain	(2)	(10) 1,200,000 | (9) 1,100,000 | (8) 1,000,000 | (7) 900,000 | (6) 800,000 | (5) 700,000 | (4) 600,000 | (3) 500,000 | (2) 400,000 | (1) 300,000 | (0) 0000	Capture a Dragon Ball immediately after damage is dealt from a physical attack you performed that does not use the Physical Attack Table. 
Rats, Foiled Again!	LostVillains	lv3	LV3		P	Colorless	Non-Combat			Villains only. Discard an Ally in play. Non-Combat cards may not be used for the remainder of Combat. Limit 1 per deck.
Grand Kai Sensei	LostVillains	lv4	LV4		P		Sensei			(Deck Size: 1) Once per Combat, you may prevent 2 power stages of damage from an attack.
Jeice, the Avenger (level 1)	LostVillains	lv5	LV5	1	P		Villain	(1)	(10) 400,000 | (9) 380,000 | (8) 360,000 | (7) 340,000 | (6) 320,000 | (5) 300,000 | (4) 280,000 | (3) 260,000 | (2) 240,000 | (1) 220,000 | (0) 0000	Stops a physical attack. If Jeice is your Main Personality, look at the bottom 3 cards of your discard pile. If you find a Level 1 Ally, place it in play at 3 power stages above 0 and remove the bottom 2 cards of your discard pile from the game. 
Cell's Neck Grab	LostVillains	lv6	LV6		P	Named	Physical Combat			Cell only. Physical attack doing +3 power stages of damage. If successful, discard one of your opponent's Allies in play. Your opponent's Main Personality loses 1 power stage for each power stage the Ally was above 0.
Heroes En Masse	LostVillains	lv7	LV7		P	Colorless	Non-Combat			The next attack you perform does +X power stages of damage. One of your personalities in play gains X power stages. X = number of Allies you have in play. Limit 1 per deck.
Celestial Battleground	WGSPromo	wgsp1	P1		P	Colorless	Battleground			All focused attacks do +1 power stages and +1 life cards of damage.
Chi-Chi (WGS-level 1)	WGSPromo	wgsp2	P2	1	P		Hero	(2)	(10) 6,000 | (9) 5,500 | (8) 5,000 | (7) 4,500 | (6) 4,000 | (5) 3,500 | (4) 3,000 | (3) 2,500 | (2) 2,000 | (1) 1,500 | (0) 0000	Focused physical attack doing 3 power stages of damage. If Goten is in play, you may use this power twice per combat. 
Heroic Block	WGSPromo	wgsp3	P3		P	Colorless	Physical Combat			Sensei Deck. Stops a physical attack or energy attack performed by a Majin. This card can stop focused attacks performed by Majins. Remove from the game after use.
HUH???	WGSPromo	wgsp4	P4		P	Colorless	Non-Combat			Sensei Deck Only. Remove a Dragon Ball in play from the game. Limit 1 per deck. Remove from game after use.
Majin's Perfect Defense	WGSPromo	wgsp5	P5		P	Colorless	Physical Combat			Majin Only. Stops a physical or energy attack. This card can stop a focused attack. Remove from the game after use.
Quick Recovery Drill	WGSPromo	wgsp6	P6		P	Colorless	Non-Combat			Sensei Deck. When entering Combat, you may remove the bottom card of your opponent's discard pile from the game. If that card is a freestyle card, gain 3 power stages.
Red Pressure Attack	WGSPromo	wgsp7	P7		P	Red	Physical Combat			Sensei Deck. Physical attack doing +3 power stages of damage. If you declared a Tokui-Waza and your opponent declared an Orange Tokui-Waza, discard all drills in play. Remove from the game after use.
Saiyan Crush	WGSPromo	wgsp8	P8		P	Saiyan	Physical Combat			Physical attack doing 1 power stage of damage for each Non-Combat card your opponent has in play. If you declared a Tokui-Waza, this attack does 2 power stages for each Non-Combat card your opponent has in play instead.
Tapkar on the Move	WGSPromo	wgsp9	P9		P	Named	Physical Combat			Tapkar Only. Physical attack doing 1 power stage of damage for each of your cards that is in your removed from the game pile. Remove from the game after use.
Videl's Battle Ready	WGSPromo	wgsp10	P10		P	Named	Physical Combat			Videl Only. Physical attack doing +5 power stages of damage. Lower your opponent's anger 3 levels. If your opponent's Main Personality is a Villian, this attack does +8 power stages of damage instead.
Cell, the Puppet (level 3)	PuppetShow	ps1	PS1	3	P		Villain	(4)	(10) 1,000 | (9) 900 | (8) 800 | (7) 700 | (6) 600 | (5) 500 | (4) 400 | (3) 300 | (2) 200 | (1) 100 | (0) 0000	(Constant Combat Power) All Physical Combat cards in your Life Deck with no Endurance have Endurance 2. 
Goku, the Puppet (level 1)	PuppetShow	ps2	PS2	1	P		Hero	(1)	(10) 700 | (9) 650 | (8) 600 | (7) 550 | (6) 500 | (5) 450 | (4) 400 | (3) 350 | (2) 300 | (1) 250 | (0) 0000	Physical attack doing +4 power stages of damage. If successful and the bottom card of your discard pile is a Goku Named card, you may draw that card into your hand. 
Piccolo, the Puppet (level 1)	PuppetShow	ps3	PS3	1	P		Hero	(3)	(10) 700 | (9) 650 | (8) 600 | (7) 550 | (6) 500 | (5) 450 | (4) 400 | (3) 350 | (2) 300 | (1) 250 | (0) 0000	Energy attack. If successful, all cards in your Life Deck with no Endurance have Endurance 1 for the remainder of Combat. 
Vegeta, the Puppet (level 1)	PuppetShow	ps4	PS4	1	P		Hero	(1)	(10) 700 | (9) 650 | (8) 600 | (7) 550 | (6) 500 | (5) 450 | (4) 400 | (3) 350 | (2) 300 | (1) 250 | (0) 0000	(Constant Combat Power) Any attacks Vegeta performs that allow him to gain anger do +3 life cards of damage. 
Hercule, the Puppet (level 1)	PuppetShow	ps5	PS5	1	P		Hero	(1)	(10) 1,500 | (9) 1,450 | (8) 1,400 | (7) 1,350 | (6) 1,300 | (5) 1,250 | (4) 1,200 | (3) 1,150 | (2) 1,100 | (1) 1,050 | (0) 0000	(Constant Combat Power) Hercule may play and use "Villian Only" cards. 
Stupid Tricks!	PuppetShow	ps6	PS6		P	Colorless	Combat			Discard a Non-Combat card in play. Lower your opponent's anger 1 level. Gain 3 power stages.
Android 18's Iron Defense	BabidiSaga	bs001	001		C	Named	Physical Combat			Stops a physical attack. For the remainder of Combat, you do not discard any cards from your Life Deck from your opponent's card effects except for damage.
Black Chained Strike	BabidiSaga	bs002	002		C	Black	Physical Combat			Sensei Deck. Physical attack doing +3 power stages of damage. If you declared a Tokui-Waza and your opponent declared a Namekian Tokui-Waza, this card does an additional +3 life cards of damage and is shuffled into your Life Deck after use.
Black Palm Reversal	BabidiSaga	bs003	003		C	Black	Physical Combat			Endurance X. X = the number of Dragon Balls you control. Stops a physical attack. If your opponent has no Drills in play, your attacks gain "If successful, your opponent discards the top 3 cards of his Life Deck" for the remainder of Combat.
Black Personal Smack	BabidiSaga	bs004	004		C	Black	Physical Combat			Endurance X. X = the number of Dragon Balls you control. Physical attack doing 5 power stages of damage. Raise your anger 1 level. If your opponent has no Non-Combat cards in play, your attacks gain "Raise either you or your opponent's anger 1 level" for the remainder of Combat.
Black Power Catch	BabidiSaga	bs005	005		C	Black	Physical Combat			Sensei Deck. Stops a physical attack. If you declared a Tokui-Waza and your opponent did not, name a Non-Dragon Ball card. Your opponent searches his Life Deck for 1 copy of that card and removes it from the game.
Black Quick Kick	BabidiSaga	bs006	006		C	Black	Physical Combat			Endurance X. X = your current anger level. Physical attack doing +3 life cards of damage. If your opponent has no Non-Combat cards in play, your attacks gain "If successful, your opponent's Main Personality loses 3 power stages" for the remainder of Combat.
Blue Cape Swing	BabidiSaga	bs007	007		C	Blue	Energy Combat			Energy attack doing 5 life cards of damage. When you perform this attack, you may remove 3 Commons in your discard pile from the game to make this a focused attack and lower your opponent's anger 2 levels.
Blue Reflexes	BabidiSaga	bs008	008		C	Blue	Physical Combat			Endurance X. X = your Main Personality's PUR - 1. Stops a physical attack. Your Main Personality's PUR gains +Y until the end of your next turn. Y = your Main Personality's current personality level. Lower your opponent's anger 2 levels.
Blue Shifting Maneuver	BabidiSaga	bs009	009		C	Blue	Combat			Endurance X. X = your current anger level. Stops a physical or energy attack. Remove from the game after use. If your Main Personality's current personality level is 3 or higher, discard after use instead.
Blue Speediness	BabidiSaga	bs010	010		C	Blue	Physical Combat			Sensei Deck. Stops a physical or energy attack. If you declared a Tokui-Waza and your opponent did not, raise your anger 2 levels and shuffle this card into your Life Deck after use. Otherwise, remove from the game after use.
Combo	BabidiSaga	bs011	011		C	Colorless	Physical Combat			Play immediately after a physical attack you perform becomes successful. Draw a card. Your opponent skips his next "Attacker Attacks" phase. During your next "Attacker Attacks" phase, you must perform an attack or pass.
Entering the Arena	BabidiSaga	bs012	012		C	Colorless	Non-Combat			Search your Life Deck for a Battleground and set it aside. At the beginning of your turn, place the set aside Battleground into play. You do not have to skip the Combat Step of your next turn.
Hercule's Power Stance	BabidiSaga	bs013	013		C	Named	Physical Combat			Physical attack doing +1 power stages of damage. For the remainder of Combat, when a Drill or Combat card increases the power stages or life cards of damage for any of your attacks, raise that amount by 1. Unless your Main Personality is Hercule, limit 1 per deck.
Heroic Shoulder Slam	BabidiSaga	bs014	014		C	Colorless	Physical Combat			Sensei Deck. Heroes only. Physical attack doing +4 life cards of damage. If performed against a Majin, your opponent discards the top 3 cards of his Life Deck.
Majin Death Focus	BabidiSaga	bs015	015		C	Colorless	Combat			Majin only. Use immediately after an energy attack you perform becomes successful. Discard up to 3 of your opponent's Allies in play. Draw a card.
Orange Crushing Kick	BabidiSaga	bs016	016		C	Orange	Physical Combat			Sensei Deck. Physical attack doing +2 power stages of damage. If you declared a Tokui-Waza and your opponent did not, search your Life Deck for up to 2 Orange Style Drills and place them into play.
Orange Dodge	BabidiSaga	bs017	017		C	Orange	Physical Combat			Stops a physical attack. If either "Namek Dragon Ball 1" or "Namek Dragon Ball 2" is in play, all of your opponent's attacks cost +2 life cards to perform for the remainder of Combat. Lower your opponent's anger 2 levels.
Orange Elbow Smash	BabidiSaga	bs018	018		C	Orange	Physical Combat			Physical attack. You may remove any amount of Commons in your discard pile from the game. For every 2 cards removed this way, discard one of your opponent's Drills in play. Lower your opponent's anger 2 levels. Remove from the game after use.
Orange Firebreath	BabidiSaga	bs019	019		C	Orange	Physical Combat			Endurance X. X = your current anger level. Physical attack doing +2 power stages of damage. When you perform this attack, you may choose for all of the power stages of damage this attack would deal to become life cards of damage instead.
Orange Right Punch	BabidiSaga	bs020	020		C	Orange	Physical Combat			Physical attack doing +3 power stages of damage. If either "Namek Dragon Ball 5" or "Namek Dragon Ball 6" is in play, your opponent cannot use Endurance for the remainder of Combat. Raise your anger 1 level.
Red Forearm Block	BabidiSaga	bs021	021		C	Red	Physical Combat			Endurance X. X = the number of Dragon Balls you control. Stops a physical attack. Raise your anger 1 level. Lower your opponent's anger 1 level. If your opponent's current anger level is 0 or 1, shuffle this card into your Life Deck after use.
Red Resistance	BabidiSaga	bs022	022		C	Red	Physical Combat			Stops an energy attack. If either "Namek Dragon Ball 6" or "Namek Dragon Ball 7" is in play, remove up to 3 of your opponent's Non-Combat cards in play from the game. Lower your opponent's anger 1 level.
Red Slide	BabidiSaga	bs023	023		C	Red	Physical Combat			Endurance X. X = your current anger level. Stops an energy attack. Lower your opponent's anger 1 level. If your opponent's current anger level is 0 or 1, remove the bottom 10 cards of your opponent's discard pile from the game.
Red Thrusting Beam	BabidiSaga	bs024	024		C	Red	Energy Combat			Sensei Deck. Energy attack. If you declared a Tokui-Waza and your opponent did not, remove up to 2 of your opponent's Non-Combat cards in play from the game.
Red Uppercut	BabidiSaga	bs025	025		C	Red	Physical Combat			Endurance X. X = your Main Personality's PUR - 1. Physical attack doing +3 power stages of damage. When performing this attack, you may discard one of your Drills in play to make this a focused attack. You do not have to discard a Drill to make this a focused attack if your opponent's current anger level is 0 or 1.
Saiyan Duck	BabidiSaga	bs026	026		C	Saiyan	Physical Combat			Sensei Deck. Stops a physical attack. If you declared a Tokui-Waza and your opponent did not, your opponent discards the top 5 cards of his Life Deck. Remove from the game after use.
Saiyan Energy Rupture	BabidiSaga	bs027	027		C	Saiyan	Energy Combat			Energy attack doing 3 life cards of damage and +X life cards of damage. For X, consult the Physical Attack Table as if this were a physical attack. Lower your opponent's anger 2 levels.
Saiyan Might	BabidiSaga	bs028	028		C	Saiyan	Energy Combat			Energy attack doing 5 life cards of damage. When you perform this attack, you may remove 3 Commons in your discard pile from the game to raise your anger 2 levels and have your Main Personality gain 3 power stages.
Saiyan Power Block	BabidiSaga	bs029	029		C	Saiyan	Physical Combat			Stops a physical attack. For the remainder of Combat, any of your opponent's card effects that prevent you from using your cards no longer affect your ability to use them. This power does not affect the costs of card powers.
Saiyan Prepared Smash	BabidiSaga	bs030	030		C	Saiyan	Physical Combat			Endurance X. X = the number of Dragon Balls you control. Physical attack doing +4 power stages of damage. When you perform this attack, you may discard a card from your hand to double the Base Damage for this attack on the Physical Attack Table.
Straining Counter Punch	BabidiSaga	bs031	031		C	Colorless	Physical Combat			Use only if your opponent performed a physical attack that was successful during his previous "Attacker Attacks" phase. Physical attack doing +6 power stages and +1 life cards of damage. Raise your and your opponent's anger 1 level.
Android 18's Kneeing Drill	BabidiSaga	bs032	032		U	Named	Non-Combat			When entering Combat as the Defender, you may search your Life Deck for a card with the word "Knee" in the title and place it into your hand.
Android 18's Pressure Routine	BabidiSaga	bs033	033		U	Named	Physical Combat			Physical attack doing +2 power stages of damage. For the remainder of Combat, if your opponent stops a physical attack performed by your Main Personality, your opponent must skip his next "Attacker Attacks" phase. Remove from the game after use.
Android 18's Throwing Drill	BabidiSaga	bs034	034		U	Named	Non-Combat			When entering Combat as the defender, you may search your Life Deck for a card with the word "Throw" in the title and place it into your hand.
Majin Babidi's Ship	BabidiSaga	bs035	035		U		Battleground			If a card has a cost in power stages or life cards, the cost is doubled after any other modifiers are applied.
Black Backstab	BabidiSaga	bs036	036		U	Black	Physical Combat			Physical attack doing +2 life cards of damage. If successful and either "Namek Dragon Ball 4" or "Namek Dragon Ball 5" is in play, search your Life Deck for a Namek Dragon Ball and place it into play. Remove from the game after use.
Black Conservation Drill	BabidiSaga	bs037	037		U	Black	Non-Combat			Whenever you stop an attack, you may place the bottom card of your discard pile at the bottom of your Life Deck.
Black Face Crush	BabidiSaga	bs038	038		U	Black	Physical Combat			Physical attack doing +3 power stages of damage. You may remove a Black Fore Fist Punch in your discard pile from the game. If you do, raise your anger 2 levels, and for the remainder of Combat prevent 3 power stages of damage from every attack your opponent performs.
Black Pummeling Strike	BabidiSaga	bs039	039		U	Black	Physical Combat			Sensei Deck. Physical attack doing +3 life cards of damage. If you declared a Tokui-Waza and your opponent has used a Combat card earlier this Combat, your opponent cannot play Combat cards that do not stop attacks until the end of your next turn.
Black Reverse Kick	BabidiSaga	bs040	040		U	Black	Physical Combat			Physical attack doing +3 power stages of damage. If you declared a Tokui-Waza and your opponent does not have any Drills in play, then all of your attacks gain "If you have 2 Black Style Drills in play, this is a focused attack" for the remainder of Combat.
Black Surprise Maneuver	BabidiSaga	bs041	041		U	Black	Physical Combat			Sensei deck. Physical attack doing +4 power stages of damage. If your opponent controls 3 or more Dragon Balls in play, capture a Dragon Ball. 
Blue Destruction Beam	BabidiSaga	bs042	042		U	Blue	Energy Combat			Energy attack doing 5 life cards of damage. You may remove a Blue Round Throw in your discard pile from the game to gain 3 power stages and make this a focused attack. Lower your opponent's anger 1 level.
Blue Leverage	BabidiSaga	bs043	043		U	Blue	Physical Combat			Stops a physical attack. Reveal the top 3 cards of your Life Deck to all players. Your opponent chooses 1 of those cards. The chosen card is placed into your hand and the other 2 are placed back in any order. If your Main Personality's level is 3 or higher, you get to choose the card instead.
Blue Palm Sphere	BabidiSaga	bs044	044		U	Blue	Energy Combat			Sensei Deck. Energy attack doing 5 life cards of damage. If you declared a Tokui-Waza and your opponent declared a Saiyan Tokui-Waza, your Dragon Balls cannot be captured for the remainder of Combat.
Blue Prevention Drill	BabidiSaga	bs045	045		U	Blue	Non-Combat			Whenever you prevent power stages or life cards of damage from an attack, you may prevent 1 more damage of that type. This also affects Endurance.
Blue Torso Strike	BabidiSaga	bs046	046		U	Blue	Physical Combat			Sensei Deck. Physical attack doing +2 power stages of damage. If you declared a Tokui-Waza and your opponent has used a Combat card earlier this Combat, place the bottom 2 cards of your Life Deck into your hand.
Majin Vegeta (Level 1)	BabidiSaga	bs047	047	1	U		Majin Villain	(2)	(10) 1,500,000 | (9) 1,425,000 | (8) 1,350,000 | (7) 1,275,000 | (6) 1,200,000 | (5) 1,125,000 | (4) 1,050,000 | (3) 975,000 | (2) 900,000 | (1) 825,000 | (0) 0000	Physical attack doing +4 power stages of damage. If performed against a Rogue Personality or Majin, raise your anger 2 levels. 
Chi-Chi's Cheering Drill	BabidiSaga	bs048	048		U	Named	Non-Combat			Sensei Deck. Heroes only. Damage from your attacks cannot be prevented by Endurance.
Majin Dabura's Offensive Leverage	BabidiSaga	bs049	049		U	Named	Combat			For the remainder of Combat, whenever an energy attack you perform becomes successful, prevent 3 life cards of damage from every attack your opponent performs for the remainder of Combat.
Majin Dabura's Petrifying Spit	BabidiSaga	bs050	050		U	Named	Non-Combat			Majin Dabura only. Remove an Ally in play from the game. Unless your opponent discards a card from his hand when the Ally is removed, draw a card.
Energy Empowerment Drill	BabidiSaga	bs051	051		U	Colorless	Non-Combat			All of your energy attacks do a minimum of 6 life cards of damage after modifiers. Power stages of damage are not affected and count as 0 life cards for this effect.
Energy Storage Drill	BabidiSaga	bs052	052		U	Colorless	Non-Combat			Whenever an attack you perform becomes successful, you may place the bottom card of your discard pile under this Drill facedown. During your Power Up Step, you may discard any cards placed under this Drill. For each card discarded this way, your Main Personality gains 1 power stage.
Goku's Berserk	BabidiSaga	bs053	053		U	Named	Physical Combat			Physical attack doing +2 power stages of damage. For the remainder of Combat, you may not perform a Final Physical Attack, but you can discard a card from you hand to perform a physical attack.
Goku's Shifted Balance Drill	BabidiSaga	bs054	054		U	Named	Non-Combat			When entering Combat as the defender, you may search your Life Deck for a card with the word "Left" in the title and place it into your hand.
Goten's Flying Drill	BabidiSaga	bs055	055		U	Named	Non-Combat			When entering Combat as the defender, you may search your Life Deck for a card with the word "Flight" in the title and place it into your hand.
Hercule, the World Champion (Level 2)	BabidiSaga	bs056	056	2	U		Hero	(1)	(10) 2,000 | (9) 1,850 | (8) 1,700 | (7) 1,550 | (6) 1,400 | (5) 1,250 | (4) 1,100 | (3) 950 | (2) 800 | (1) 650 | (0) 0000	(Constant Combat Power) Hercule may use Villains Only cards. Once per Combat during your "Attacker Attacks" phase, you may discard the top card of your Life Deck to have Hercule perform a focused physical attack doing 7 power stages of damage. 
Majin Vegeta, the Evil (Level 2)	BabidiSaga	bs057	057	2	U		Majin Villain	(3)	(10) 2,800,000 | (9) 2,680,000 | (8) 2,560,000 | (7) 2,440,000 | (6) 2,320,000 | (5) 2,200,000 | (4) 2,080,000 | (3) 1,960,000 | (2) 1,840,000 | (1) 1,720,000 | (0) 0000	(Constant Combat Power) When entering Combat, search your Life Deck for any Non-Personality card with "Majin" in the title and place it into your hand. 
In The Groove	BabidiSaga	bs058	058		U	Colorless	Physical Combat			You must have performed 2 successful physical attacks in this Combat to use this card. Raise your anger 2 levels.
Majin Buu's Egg Drill	BabidiSaga	bs059	059		U	Named	Non-Combat			When your opponent takes life cards of damage, you may place a card in your discard pile under this Drill facedown. If you have 4 cards under this Drill in your Non-Combat Step, you may remove this Drill and any cards under it from the game to search your Life Deck for a level 3 Ally and place it in play at 3 power stages above 0.
Majin Defense Drill	BabidiSaga	bs060	060		U	Colorless	Non-Combat			Majin only. Defense Shield: Stops the first unstopped attack performed against you each Combat. Limit 1 per deck.
Majin Lightning Hit	BabidiSaga	bs061	061		U	Colorless	Energy Combat			Majin only. Use immediately after a physical attack you perform becomes successful. Discard up to 3 of your opponent's Non-Combat cards in play. Draw a card.
Majin Power Deflection	BabidiSaga	bs062	062		U	Colorless	Combat			Majin only. Use when you stop an energy attack. Raise your Main Personality to its highest power stage. Draw a card.
Majin Power Drill	BabidiSaga	bs063	063		U	Colorless	Non-Combat			Majin only. If you declared a Tokui-Waza, whenever you perform a physical attack that has no damage modifiers on the card, the attack does an additional +2 life cards of damage and is a focused attack.
Majin Power Shift	BabidiSaga	bs064	064		U	Colorless	Combat			Majin only. Use when your opponent's Main Personality gains power stages outside of the Power Up Step. Your Main Personality gains double the amount of power stages. Draw a card.
Majin Pui Pui (Level 1)	BabidiSaga	bs065	065	1	U		Majin Villain	(2)	(10) 300,000 | (9) 295,000 | (8) 290,000 | (7) 285,000 | (6) 280,000 | (5) 275,000 | (4) 270,000 | (3) 265,000 | (2) 260,000 | (1) 255,000 | (0) 0000	Focused energy attack. Costs 3 power stages to perform. If successful, remove any 3 cards in your opponent's discard pile from the game. 
Majin Pui Pui, the Henchman (Level 2)	BabidiSaga	bs066	066	2	U		Majin Villain	(2)	(10) 350,000 | (9) 345,000 | (8) 340,000 | (7) 335,000 | (6) 330,000 | (5) 325,000 | (4) 320,000 | (3) 315,000 | (2) 310,000 | (1) 305,000 | (0) 0000	Spin Kick: Physical attack doing +4 power stages of damage. Remove the top card of your opponent's discard pile from the game. If successful and you have more cards in your discard pile than your opponent, raise your anger 2 levels. 
Majin Babidi (Level 1)	BabidiSaga	bs067	067	1	U		Majin Villain	(2)	(10) 400,000 | (9) 380,000 | (8) 360,000 | (7) 340,000 | (6) 320,000 | (5) 300,000 | (4) 280,000 | (3) 260,000 | (2) 240,000 | (1) 220,000 | (0) 0000	Evil Menace: Search your Life Deck for a Majin and place it into play at 3 power stages above 0. Raise your anger 1 level. 
Majin Vegeta's Frantic Attack	BabidiSaga	bs068	068		U	Named	Physical Combat			Physical attack doing +1 power stages of damage. If successful, raise your anger 1 level. This card stays in play to be used one more time this Combat. Remove from the game after use.
Majin Vegeta's Powerful Drill	BabidiSaga	bs069	069		U	Named	Non-Combat			When entering Combat as the defender, you may search your Life Deck for a card with the word "Power" in the title and place it into your hand.
Majin Yakon (Level 1)	BabidiSaga	bs070	070	1	U		Majin Villain	(X) X = Your opponent's MP's printed PUR.	(10) 400,000 | (9) 395,000 | (8) 390,000 | (7) 385,000 | (6) 380,000 | (5) 375,000 | (4) 370,000 | (3) 365,000 | (2) 360,000 | (1) 355,000 | (0) 0000	(Constant Combat Power) All of your focused attacks do +2 life cards of damage and gain "If successful, raise your anger 1 level." 
Majin Yakon, the Monster (Level 2)	BabidiSaga	bs071	071	2	U		Majin Villain	(X) X = Your opponent's MP's printed PUR.	(10) 700,000 | (9) 685,000 | (8) 670,000 | (7) 655,000 | (6) 640,000 | (5) 625,000 | (4) 610,000 | (3) 595,000 | (2) 580,000 | (1) 565,000 | (0) 0000	Physical attack doing +2 power stages of damage. You and your opponent's Main Personality switch the number of power stages each of your Scouters are at above 0. 
Majin Babidi, the Wizard (Level 2)	BabidiSaga	bs072	072	2	U		Majin Villain	(3)	(10) 500,000 | (9) 485,000 | (8) 470,000 | (7) 455,000 | (6) 440,000 | (5) 425,000 | (4) 410,000 | (3) 395,000 | (2) 380,000 | (1) 365,000 | (0) 0000	Corruption: Energy attack. Take control of one of your opponent's Allies in play. That Ally is now your Majin villain Ally until he leaves play. Raise your anger 1 level. 
Majin Dabura (Level 1)	BabidiSaga	bs073	073	1	U		Majin Villain	(1)	(10) 1,800,000 | (9) 1,725,000 | (8) 1,650,000 | (7) 1,575,000 | (6) 1,500,000 | (5) 1,425,000 | (4) 1,350,000 | (3) 1,200,000 | (2) 1,150,000 | (1) 1,125,000 | (0) 0000	(Constant Combat Power) You may discard a card from your hand when you perform a physical attack with a Named or styled card to make it a focused attack. 
Orange Critical Hit	BabidiSaga	bs074	074		U	Orange	Physical Combat			Sensei Deck. Physical attack doing +3 life cards of damage. If you declared a Tokui-Waza and your opponent declared a Blue Tokui-Waza, this is a focused attack that does +6 life cards of damage instead.
Orange High Block	BabidiSaga	bs075	075		U	Orange	Physical Combat			Endurance X. X = your Main Personality's PUR - 1. Stops a physical attack. For the remainder of Combat, whenever you use Endurance, you do not have to remove the card with Endurance from the game. Remove from the game after use.
Orange Body Kick	BabidiSaga	bs076	076		U	Orange	Physical Combat			Physical attack doing +3 power stages of damage. You may remove a "Power Up the Most!" in your discard pile from the game. If you do, raise your anger 1 level and remove one of your opponent's Non-Combat cards in play from the game.
Orange Surprise Reaction	BabidiSaga	bs077	077		U	Orange	Physical Combat			Sensei Deck. Stops a physical attack. If you declared a Tokui-Waza and your opponent has used a Combat card earlier this Combat, raise your anger 2 levels, and search your Life Deck for an Orange Style Drill and place it into play.
Orange Temple Strike	BabidiSaga	bs078	078		U	Orange	Physical Combat			Physical attack doing +2 life cards of damage. If successful and your opponent has more Non-Combat cards in play than you, your opponent discards 1 Non-Combat card at a time until his number of Non-Combat cards in play equals yours.
Paper, Rock, Scissors	BabidiSaga	bs079	079		U	Colorless	Combat			Both players reveal the top card of their Life Decks. The player who reveals the highest numbered card places the revealed card into his hand. The other player, or both players if there is a tie, shuffle the revealed card back into his Life Deck.
Red Energy Outburst	BabidiSaga	bs080	080		U	Red	Energy Combat			Energy attack. If successful and Namek Dragon Ball 2 is in play, gain 3 anger.
Majin Dabura, King of Demons (Level 2)	BabidiSaga	bs081	081	2	U		Majin Villain	(2)	(10) 3,000,000 | (9) 2,800,000 | (8) 2,600,000 | (7) 2,400,000 | (6) 2,200,000 | (5) 2,000,000 | (4) 1,800,000 | (3) 1,600,000 | (2) 1,400,000 | (1) 1,200,000 | (0) 0000	(Constant Combat Power) When entering Combat, you may reveal any number of cards that perform physical attacks in your hand to all players. For the remainder of Combat, all of your physical attacks do +3 power stages of damage for each card revealed from your hand. 
Red Air Kick	BabidiSaga	bs082	082		U	Red	Physical Combat			Physical attack doing +4 power stages of damage. You may remove a "Hidden Power Level" in your discard pile from the game. If you do, raise your anger 1 level, lower your opponent's anger 1 level, and this is a focused attack.
Red Physical Drill	BabidiSaga	bs083	083		U	Red	Non-Combat			Once per Combat, you may discard a card from your hand and have your Main Personality pay 2 power stages to perform a physical attack doing +3 power stage of damage. If your opponent's current anger is 0 when you use this Drill, gain 2 power stages.
Splash Damage Drill	BabidiSaga	bs084	084		U	Colorless	Non-Combat			Sensei Deck. When you use a card effect to discard any Allies in play, you draw 1 card and discard 1 additional ally, if possible.
Surprising Strength Drill	BabidiSaga	bs085	085		U	Colorless	Non-Combat			When entering Combat, you may remove 4 Uncommons in your discard pile from the game for your Main Personality to gain 2 power stages at the beginning of each of your "Attacker Attacks" phases for the remainder of Combat.
Red Tilted Punch	BabidiSaga	bs086	086		U	Red	Physical Combat			Sensei Deck. Physical attack doing +3 power stages of damage. If you declared a Tokui-Waza and your opponent has used a Combat card earlier this Combat, this card stays on the table to be used 2 more times this Combat. Remove from the game after use.
Saiyan Chin Kick	BabidiSaga	bs087	087		U	Saiyan	Physical Combat			Sensei Deck. Physical attack doing +4 power stages of damage. If you declared a Tokui-Waza and your opponent has used a Combat card earlier this Combat, this attack is a focused attack with damage that cannot be prevented, and raise your anger 2 levels.
Saiyan Movement	BabidiSaga	bs088	088		U	Saiyan	Physical Combat			Sensei Deck. Stops a physical attack. If you declared a Tokui-Waza and your opponent declared a Black Tokui-Waza, your opponent's Main Personality loses 6 power stages, to a minimum of 0.
Saiyan Aura Blast	BabidiSaga	bs089	089		U	Saiyan	Energy Combat			Energy attack doing 5 life cards of damage. You may remove a "Saiyan Energy Throw" in your discard pile from the game to draw a card and have this attack do an additional +4 power stages of damage.
Saiyan Suspended Blast	BabidiSaga	bs090	090		U	Saiyan	Energy Combat			Energy attack doing 6 life cards of damage. If either "Namek Dragon Ball 2" or "Namek Dragon Ball 3" is in play, prevent 3 life cards of damage from all attacks your opponent performs for the remainder of Combat.
Majin Vegeta's Rage	BabidiSaga	bs091	091		U	Named	Non-Combat			Vegeta and Majin Vegeta only. Attach this card to a Vegeta's Quickness Drill. While this card is attached you may draw the bottom card of your discard pile when entering Combat.
Videl, Tournament Ready (Level 2)	BabidiSaga	bs092	092	2	U		Hero	(2)	(10) 32,000 | (9) 31,000 | (8) 30,000 | (7) 29,000 | (6) 28,000 | (5) 27,000 | (4) 26,000 | (3) 25,000 | (2) 24,000 | (1) 23,000 | (0) 0000	Physical attack doing +4 power stages of damage. If performed against a "Majin", this is a focused attack and does an additional +4 life cards of damage. 
Android 18, the Mom (Level 2)	BabidiSaga	bs093	093	2	R		Hero	(2)	(10) 1,200,000 | (9) 1,190,000 | (8) 1,180,000 | (7) 1,170,000 | (6) 1,160,000 | (5) 1,150,000 | (4) 1,140,000 | (3) 1,130,000 | (2) 1,120,000 | (1) 1,110,000 | (0) 0000	Physical attack doing +3 power stages of damage. Any damage modifiers from your Drills are doubled for this attack. 
Majin Babidi's Power Extension	BabidiSaga	bs094	094		R	Named	Combat			Majin Babidi only. Use whenever a card you just played creates an effect that lasts for the remainder of Combat. That effect now lasts until the end of your next turn instead. Remove from the game after use.
Black Pivot Kick	BabidiSaga	bs095	095		R	Black	Physical Combat			Sensei Deck only. Physical attack doing +3 power stages of damage. Discard one of your opponent's Non-Combat cards or Allies in play. Unless your opponent discards a card from his hand when you perform this attack, remove an additional Non-Combat card or Ally in play from the game.
Blue Energy Dive	BabidiSaga	bs096	096		R	Blue	Energy Combat			Sensei Deck only. Energy attack doing 6 life cards of damage. Choose 2 cards in your discard pile and place them on top of your Life Deck. Stops an energy attack performed against you during your opponent's next "Attacker Attacks" phase. Remove from the game after use.
Daughter's Joy	BabidiSaga	bs097	097		R	Colorless	Non-Combat			Remove 5, 9, or 2 cards in your discard pile from the game. Choose up to the same amount of Combat cards in your opponent's discard pile and remove them from the game. Draw a card. Remove from the game after use.
Gohan, Energized (Level 1)	BabidiSaga	bs098	098	1	R		Hero	(2)	(10) 1,600,000 | (9) 1,575,000 | (8) 1,550,000 | (7) 1,525,000 | (6) 1,500,000 | (5) 1,475,000 | (4) 1,450,000 | (3) 1,425,000 | (2) 1,400,000 | (1) 1,375,000 | (0) 0000	(Constant Combat Power) All Gohan Named cards in your Life Deck that do not have Endurance gain Endurance 3. 
Goku, the Legendary (Level 5)	BabidiSaga	bs099	099	5	R		Hero	(5)	(10) 6,000,000 | (9) 5,900,000 | (8) 5,800,000 | (7) 5,700,000 | (6) 5,600,000 | (5) 5,500,000 | (4) 5,400,000 | (3) 5,300,000 | (2) 5,200,000 | (1) 5,100,000 | (0) 0000	Draw 2 cards. Place the bottom 2 cards of your discard pile on the bottom of your Life Deck. 
Hercule's Close Save	BabidiSaga	bs100	100		R	Named	Non-Combat			Use when your opponent would win by the Survival Victory. Shuffle the top 4 cards of your discard pile back into your Life Deck. Using this card prevents the Survival Victory but cannot be used in Tuff Enuff. Limit 1 per deck. Remove from the game after use.
Heroic Force	BabidiSaga	bs101	101		R	Colorless	Physical Combat			Sensei Deck. Heroes only. Physical attack doing +3 power stages of damage. If performed against Vegeta, Frieza, King Cold, Android 20, Cell, Majin Babidi, or Majin Buu, this is a focused attack and does an additional +3 life cards of damage.
Initiative	BabidiSaga	bs102	102		R	Colorless	Non-Combat			When entering Combat as the defender, you may remove this card from the game to make your opponent skip his first "Attacker Attacks" phase of that Combat.
M	BabidiSaga	bs103	103		R	Colorless	Non-Combat			Attach this card to your Main Personality. While attached, your Main Personality can use Majin only cards and is considered a Majin for other card powers.
Majin Pui Pui, the Flashy (Level 3)	BabidiSaga	bs104	104	3	R		Majin Villain	(2)	(10) 400,000 | (9) 395,000 | (8) 390,000 | (7) 385,000 | (6) 380,000 | (5) 375,000 | (4) 370,000 | (3) 365,000 | (2) 360,000 | (1) 355,000 | (0) 0000	Focused physical attack doing +1 life cards of damage for each card in your opponent's removed from the game pile. 
Majin Yakon, the Absorber (Level 3)	BabidiSaga	bs105	105	3	R		Majin Villain	(X) X = Your opponent's MP's printed PUR.	(10) 1,200,000 | (9) 1,180,000 | (8) 1,160,000 | (7) 1,140,000 | (6) 1,120,000 | (5) 1,100,000 | (4) 1,080,000 | (3) 1,060,000 | (2) 1,040,000 | (1) 1,020,000 | (0) 0000	(Constant Combat Power) When entering Combat, choose 3 cards that can perform focused attacks in your discard pile, and shuffle them back into your Life Deck. For each card you shuffle in this way, Majin Yarkon gains 1 power stage. 
Majin Babidi, the Evil Genius (Level 3)	BabidiSaga	bs106	106	3	R		Majin Villain	(3)	(10) 550,000 | (9) 538,000 | (8) 526,000 | (7) 514,000 | (6) 502,000 | (5) 490,000 | (4) 478,000 | (3) 466,000 | (2) 454,000 | (1) 442,000 | (0) 0000	Energy attack doing 2 life cards of damage for each Majin in play. 
Orange Backstab	BabidiSaga	bs107	107		R	Orange	Physical Combat			Endurance X. X = your Main Personality's PUR - 1. Physical attack doing +1 power stages of damage. Choose up to 3 of your Drills in play. The chosen Drills cannot be discarded or removed from the game for the remainder of Combat.
Red Face Slap	BabidiSaga	bs108	108		R	Red	Physical Combat			Physical attack doing +3 power stages of damage. Your opponent may not use personality powers and Constant Combat Powers for the remainder of Combat. If your opponent's current anger level is 0, this attack cannot be prevented, and raise your anger 1 level.
Majin Dabura, Meditated (Level 3)	BabidiSaga	bs109	109	3	R		Majin Villain	(4)	(10) 4,000,000 | (9) 3,850,000 | (8) 3,600,000 | (7) 3,350,000 | (6) 3,100,000 | (5) 2,850,000 | (4) 2,600,000 | (3) 2,350,000 | (2) 2,100,000 | (1) 1,850,000 | (0) 0000	(Constant Combat Power) All of your attacks do +1 life cards of damage for each card you have drawn this turn. 
Majin Quickness	BabidiSaga	bs110	110		R	Colorless	Combat			Majin only. Use whenever your opponent uses a card effect to draw a card. Draw 2 cards. Remove from the game after use.
Blue Trapped Strike	BabidiSaga	bs111	111		R	Blue	Physical Combat			Physical attack. If successful, discard a Non-Combat card or Ally in play. If either Namek Dragon Ball 3 or Namek Dragon Ball 4 is in play, this attack stays on the table to be used X more times this Combat. X = Your Main Personality's current level. Remove from the game after use.
Heroic Sword Catch	BabidiSaga	bs112	112		R	Colorless	Physical Combat			Heroes only. Stops a physical attack. You may remove any amount of cards in your discard pile with the word "Sword" in the title from the game. The next attack you perform this Combat that is not unstoppable or focused does +1 life cards of damage for every card removed this way.
Majin Vegeta, Uncontrollable (Level 3)	BabidiSaga	bs113	113	3	R		Majin Villain	(4)	(10) 3,800,000 | (9) 3,695,000 | (8) 3,590,000 | (7) 3,485,000 | (6) 3,380,000 | (5) 3,275,000 | (4) 3,170,000 | (3) 3,065,000 | (2) 2,960,000 | (1) 2,855,000 | (0) 0000	Physical attack doing +4 life cards of damage. When performing this attack, you may remove 3 cards in your discard pile with "Majin" in the title from the game to make this a focused attack. 
Majin Vegeta, the Malicious (Level 4)	BabidiSaga	bs114	114	4	R		Majin Villain	(5)	(10) 5,000,000 | (9) 4,935,000 | (8) 4,870,000 | (7) 4,805,000 | (6) 4,740,000 | (5) 4,675,000 | (4) 4,610,000 | (3) 4,445,000 | (2) 4,380,000 | (1) 4,315,000 | (0) 0000	(Constant Combat Power) All physical attacks you perform with "Majin" in the title do +3 power stages of damage and are focused attacks. 
Orange Rapid Attack	BabidiSaga	bs115	115		R	Orange	Physical Combat			Sensei Deck only. Physical attack doing +3 life cards of damage. For the remainder of Combat, prevent 2 power stages of damage from all of your opponent's physical attacks, and all your physical attacks gain "Raise your anger 1 level. This attack cannot be prevented."
Red Energy Rings	BabidiSaga	bs116	116		R	Red	Energy Combat			Energy attack. Costs 3 power stages to perform. If your opponent's current anger level is 0, reveal the top 8 cards of your discard pile or Life Deck. If your opponent's current anger level is not 0, reveal the top 5 cards of your discard pile. This attack does +1 life cards of damage for each Red Style card found with this effect.
Red Meditation Drill	BabidiSaga	bs117	117		R	Red	Non-Combat			Whenever your Main Personality advances a level, none of your other Drills are discarded. If your opponent's current anger level is 0 when your Main Personality advances a level, this Drill is not discarded either.
Red Sniping Shot	BabidiSaga	bs118	118		R	Red	Energy Combat			Sensei Deck only. Energy attack doing 5 life cards of damage. Raise your anger 1 level and gain 1 power stage. This attack stays on the table to be used one more time this Combat. Remove from the game after use.
Risky Maneuver	BabidiSaga	bs119	119		R	Colorless	Combat			Use when you perform an attack that is not unstoppable or focused. Draw a card. You may discard any number of cards from your hand, for each card you discard, the attack you are performing does an additional +3 life cards of damage.
Saiyan Headshot	BabidiSaga	bs120	120		R	Saiyan	Physical Combat			Sensei Deck only. Physical attack doing +3 life cards of damage. Damage from this attack cannot be prevented. Draw a card and raise your anger 1 level.
Supreme Kai, the Mentor (Level 2)	BabidiSaga	bs121	121	2	R		Hero	(3)	(10) Z | (9) Z | (8) Z | (7) Z | (6) Z | (5) Z | (4) Z | (3) Z | (2) Z | (1) Z | (0) 0000	(Constant Combat Power) After drawing your cards during the "Defender Draws 3 Cards" phase, you may shuffle your hand into your Life Deck and draw the same amount of cards into your hand. 
Majin Vegeta (level 1)	BabidiSaga	bs122	122	1	UR		Majin Villain	(2)	(11) 1,800,000 | (10) 1,750,000 | (9) 1,700,000 | (8) 1,650,000 | (7) 1,600,000 | (6) 1,550,000 | (5) 1,500,000 | (4) 1,450,000 | (3) 1,400,000 | (2) 1,350,000 | (1) 1,300,000 | (0) 0000	Energy attack doing 5 life cards of damage. For the remainder of Combat, Majin Vegeta gains 2 power stages whenever you play a card with "Majin" in the title. 
Majin Vegeta, the Malevolent (Level 5)	BabidiSaga	bs123	123	5	UR		Majin Villain	(6)	(10) 6,000,000 | (9) 5,900,000 | (8) 5,800,000 | (7) 5,700,000 | (6) 5,600,000 | (5) 5,500,000 | (4) 5,400,000 | (3) 5,300,000 | (2) 5,200,000 | (1) 5,100,000 | (0) 0000	Physical attack doing +7 power stages of damage. If performed against a Rogue Personality, this attack does an additional +4 life cards of damage. If the Rogue Personality is a villain, this is a focused attack. 
Orange Headbutt	BabidiSaga	bspreview1	Preview 1		C	Orange	Physical Combat			Endurance X. X = the number of Dragon Balls you control. Physical attack doing +2 life cards of damage. Gain 4 power stages. Lower your opponent's anger 2 levels.
Saiyan Escape	BabidiSaga	bspreview2	Preview 2		C	Saiyan	Physical Combat			Endurance X. X = your Main Personality's PUR - 1. Physical attack doing +3 life cards of damage and an additional +1 power stages of damage for each card in your hand.
Blue Buu Blast	BabidiSaga	bspreview3	Preview 3		U	Blue	Energy Combat			Energy attack. If Earth Dragon Ball 1 or Earth Dragon Ball 2 is in play, this attack does +1 Life Card of damage for each Blue Style Drill you have in play. Raise your anger 1 level.
Namekian Knowledge Drill	BabidiSaga	bspreview4	Preview 4		U	Namekian	Non-Combat			When entering Combat, look at the top 2 cards of your Life Deck. You may place both cards either on top or on the bottom of your Life Deck in any order.
Black Choke Hold	BabidiSaga	bspreview5	Preview 5		R	Black	Physical Combat			Physical attack doing +4 power stages of damage. You can use this card to stop a physical or energy attack instead by removing 3 Rares in your discard pile from the game. Remove from the game after use.
Red Torso Chop	BabidiSaga	bspreview6	Preview 6		R	Red	Physical Combat			Endurance X. X = your current anger level. Physical attack doing +3 power stages of damage. Any "If successful" effects that raise your anger level or lower your opponent's anger level are secondary effects for the remainder of Combat.
Red City Destruction	BabidiSaga	bspreview7	Preview 7		C	Red	Energy Combat			Sensei Deck. Energy attack doing 6 life cards of damage. If you declared a Tokui-Waza and your opponent declared an Orange Tokui-Waza, this card stays on the table to be used 1 more time this Combat. When used a 2nd time it reads "Stops an energy attack" instead.
Red Escape	BabidiSaga	bspreview8	Preview 8		U	Red	Physical Combat			Stops an energy attack. You cannot win by the Most Powerful Personality Victory this turn. You may remove 5 Uncommons in your discard pile from the game to have your Main Personality advance 1 personality level, and at the end of Combat, your Main Personaltity loses 1 personality level. 
Majin Babidi's Magic	BSPromo	bsp01	P1		P	Named	Energy Combat			Majin Babidi only. Discard an Ally in play. That Ally's controller discards the top 5 cards of his Life Deck. Draw a card. Remove from the game after use.
Power Through Might	BSPromo	bsp02	P2		P	Colorless	Combat			For the remainder of Combat, whenever you use Endurance, you may place the bottom card of your discard pile on the bottom of your Life Deck, and your Main Personality gains 2 power stages.
Goku's Energy Clash	BSPromo	bsp03	P3		P	Named	Energy Combat			Stops an energy attack. You must discard an energy combat card from your hand to use this card. You and your opponent reveal the top 3 cards of your Life Deck. The player who reveals the lowest amount of Energy Combat cards discards the top 4 cards of his Life Deck. No one discards if a tie occurs.
Goku's Energy Explosion	BSPromo	bsp04	P4		P	Named	Energy Combat			Sensei Deck. Use when one of your opponent's Allies is discarded from play. All of your opponent's personalities lose 3 power stages. Draw a card.
Jewel (Level 1)	BSPromo	bsp05	P5	1	P		Hero	(1)	(10) 190 | (9) 180 | (8) 170 | (7) 160 | (6) 150 | (5) 140 | (4) 130 | (3) 120 | (2) 110 | (1) 100 | (0) 000	(Constant Combat Power) Whenever your opponent uses a card effect to discard any of your Allies, he must discard this Ally before discarding any others. Jewel does not have to take over Combat to use this power. 
Majin Strength Maneuver	BSPromo	bsp06	P6		P	Colorless	Physical Combat			Majin only. Physical attack doing +2 power stages of damage. If successful, your opponent's Main Personality loses 4 power stages to a minimum of 0, and your opponent cannot play Combat cards for the remainder of Combat.
Master Roshi's Makeshift Background	BSPromo	bsp07	P7		P	Named	Non-Combat			Search your Life Deck for a Battleground or Location that is not in play and place it in play. When Combat ends, shuffle that Battleground or Location back into your Life Deck. This effect does not remove any Battleground or Location in play.
Outer Space	BSPromo	bsp08	P8		P	Colorless	Battleground			When entering Combat, a player may remove the bottom 3 cards of his discard pile from the game to shuffle the top 2 cards of his discard pile into his Life Deck.
Gohan's Hidden Power	BSPromo	bsp09	P9		P	Named	Combat			For the remainder of Combat, you may discard Life Cards instead of paying power stages for game effects. Lower your opponent's anger 2 levels.
Total Defense Drill	BSPromo	bsp10	P10		P	Colorless	Non-Combat			During Combat, you may discard a card from your hand to stop a non-focused attack. For the remainder of Combat, you must pass during every phase of Combat.
Android 13 (Level 1)	BSMoviePromo	m01	M1	1	P		Villain	(2)	(10) 1,600,000 | (9) 1,590,000 | (8) 1,580,000 | (7) 1,570,000 | (6) 1,560,000 | (5) 1,550,000 | (4) 1,540,000 | (3) 1,530,000 | (2) 1,520,000 | (1) 1,510,000 | (0) 0000	Physical attack doing +3 power stages of damage. If you have at least 2 other Allies in play with "Android" in the title, this attack does +4 life cards of damage instead, and you raise your anger 1 level. 
Android 13 (Level 2)	BSMoviePromo	m02	M2	2	P		Villain	(3)	(10) 2,000,000 | (9) 1,990,000 | (8) 1,980,000 | (7) 1,970,000 | (6) 1,960,000 | (5) 1,950,000 | (4) 1,940,000 | (3) 1,930,000 | (2) 1,920,000 | (1) 1,910,000 | (0) 0000	(Constant Combat Power) Nothing can raise your anger except this Constant Combat Power. If Android 13 is your Main Personality, you may remove 2 Allies in play with Android in the title from the game to advance a personality level. All your physical attacks do +3 power stages of damage. 
Super Android 13 (Level 3)	BSMoviePromo	m03	M3	3	P		Villain	(5)	(10) 3,000,000 | (9) 2,999,000 | (8) 2,998,000 | (7) 2,997,000 | (6) 2,996,000 | (5) 2,995,000 | (4) 2,994,000 | (3) 2,993,000 | (2) 2,992,000 | (1) 2,991,000 | (0) 0000	Focused physical attack doing 5 power stages of damage. Your opponent skips his next "Attacker Attacks" phase. Android 13 must perform a focused physical attack doing 5 power stages of damage, if possible. 
Android 15 (Level 1)	BSMoviePromo	m04	M4	1	P		Villain	(2)	(10) 1,300,000 | (9) 1,290,000 | (8) 1,280,000 | (7) 1,270,000 | (6) 1,260,000 | (5) 1,250,000 | (4) 1,240,000 | (3) 1,230,000 | (2) 1,220,000 | (1) 1,210,000 | (0) 0000	Physical attack doing +4 power stages of damage. If an Ally with "Android" in the title performed an attack in your last "Attacker Attacks" phase, you can use this power twice this Combat. 
Android 15 (Level 2)	BSMoviePromo	m05	M5	2	P		Villain	(3)	(10) 1,400,000 | (9) 1,390,000 | (8) 1,380,000 | (7) 1,370,000 | (6) 1,360,000 | (5) 1,350,000 | (4) 1,340,000 | (3) 1,330,000 | (2) 1,320,000 | (1) 1,310,000 | (0) 0000	Energy attack doing 6 life cards of damage. Costs 1 power stage to perform. If you have Android 14 in play, this attack does an additional +4 life cards of damage. 
Android 15 (Level 3)	BSMoviePromo	m06	M6	3	P		Villain	(5)	(10) 1,600,000 | (9) 1,595,000 | (8) 1,590,000 | (7) 1,585,000 | (6) 1,580,000 | (5) 1,575,000 | (4) 1,570,000 | (3) 1,565,000 | (2) 1,560,000 | (1) 1,550,000 | (0) 0000	Energy attack doing 8 life cards of damage. If you have Android 14 in play, this attack does 15 life cards of damage instead. 
Android 14 (Level 1)	BSMoviePromo	m07	M7	1	P		Villain	(1)	(10) 1,400,000 | (9) 1,390,000 | (8) 1,380,000 | (7) 1,370,000 | (6) 1,360,000 | (5) 1,350,000 | (4) 1,340,000 | (3) 1,330,000 | (2) 1,320,000 | (1) 1,310,000 | (0) 0000	(Constant Combat Power) Android 14 does not have to take over Combat to use this power. You may discard a card from your hand to perform a physical attack doing +2 life cards of damage. 
Super Android 13's Destruction Bomb	BSMoviePromo	m08	M8		P	Named	Energy Combat			Energy attack doing 8 life cards of damage. Costs 6 poer stages to perform. If performed by a Main Personality with "Android" in the title and you have at least 2 Allies in play with "Android" in the title, discard all of your opponent's Non-Combat cards in play. Remove from the game after use.
Super Android 13's Ridge Hand	BSMoviePromo	m09	M9		P	Named	Physical Combat			Physical attack doing +2 power stages of damage. If the only cards you have in play have "Android" in the title, this attack does +1 life card of damage for each card with "Android" in the title that you have in play. Raise your anger 1 level.
Android 13's Prepared Stance	BSMoviePromo	m10	M10		P	Named	Energy Combat			Energy attack. If performed by a Main Personality with "Android" in the title, search your Life Deck for any card with "Android" in the title except "Android 13's Prepared Stance" and place it into your hand. Remove from the game after use.
Goku's Defensive Drill	BSMoviePromo	m11	M11		P	Named	Non-Combat			Whenever you stop an attack, you may shuffle the bottom card of your discard pile into your Life Deck. If that card is a Goku Named card gain 3 power stages.
Blue Android 15's Energy Ball	BSMoviePromo	m12	M12		P	Blue	Energy Combat			Endurance 1. This attack must be performed by a personality with "Android" in the title. Energy attack doing 5 life cards of damage. Raise your anger 1 level. If successful, your opponent must skip his next "Attacker Attacks" phase. Remove from the game after use.
Gohan's Braced Energy Beam	BSMoviePromo	m13	M13		P	Named	Energy Combat			Focused energy attack. Costs 3 power stages to perform. If successful, search your Life Deck for any Location and place it into play.
Android 14's Power Kick	BSMoviePromo	m14	M14		P	Named	Physical Combat			Physical attack doing +2 power stages of damage. If performed by Android 14, this attack stays in play to be used one more time this Combat. If performed against Goku, this attack does +5 power stages of damage instead. Remove from the game after use.
Gohan (M-Level 1)	BSMoviePromo	m15	M15	1	P		Hero	(2)	(10) 250,000 | (9) 230,000 | (8) 210,000 | (7) 190,000 | (6) 170,000 | (5) 150,000 | (4) 130,000 | (3) 110,000 | (2) 90,000 | (1) 70,000 | (0) 0000	When entering Combat, discard a card. If that card is a Gohan Named card, name a Styled card. Your opponent searches his Life Deck for a copy of that card and discards it. 
Super Saiyan Goku (M-Level 1)	BSMoviePromo	m16	M16	1	P		Hero	(1)	(10) 1,100,000 | (9) 1,050,000 | (8) 1,000,000 | (7) 950,000 | (6) 900,000 | (5) 850,000 | (4) 800,000 | (3) 750,000 | (2) 700,000 | (1) 650,000 | (0) 0000	Focused physical attack doing +2 power stages of damage. If your opponent declared a Tokui-Waza, this attack does +2 life cards of damage for each Dragon Ball your opponent controls. 
Saiyan Power Stance	BSMoviePromo	m17	M17		P	Saiyan	Combat			Use when you perform an attack. Raise your Main Personality to his highest power stage. Your next attack does +X power stages of damage. X= the number of power stages you gained by this card, for a maximum of an additional +5. Remove from the game after use.
Goku's Quick Save	BSMoviePromo	m18	M18		P	Named	Combat			Use when one of your Allies is discarded or removed from the game. Any Allies being discarded or removed stay in play. End Combat. Remove from the game after use.
Straining Spirit Bomb Move	BSMoviePromo	m19	M19		P	Colorless	Energy Combat			Endurance 3. Goku only. Energy attack doing 12 life cards of damage. Costs 5 power stages to perform. Discard all Non-Combat cards in play. You must pass in all the remaining phases of Combat. If stopped, lower your Main Personality to 0 and for the remainder of Combat your Allies cannot take control of Combat. Limit 1 per deck. Remove from the game after use.
Super Android 13's Physical Resistance	BSMoviePromo	m20	M20		P	Named	Physical Combat			Stops a physical attack. If you have at least 3 Allies in play with "Android" in the title, raise your anger 2 levels and stop all physical attacks your opponent performs for the remainder of Combat. Remove from the game after use.
Red Android 13's Rapid Blasts	BSMoviePromo	m21	M21		P	Red	Energy Combat			Energy attack. If performed by a Main Personality with "Android" in the title and the only personalities you have in play have "Android" in the title, this attack does +1 life card of damage for each personality you control with "Android" in the title to a maximum of an additional +12 life cards of damage. Raise your anger 1 level.
Heroic Final Strike	BSMoviePromo	m22	M22		P	Colorless	Physical Combat			Sensei Deck. Heroes only. Physical attack doing +2 power stages and +2 life cards of damage. If this attack is performed against a Villian, it does +4 power stages and +4 life cards of damage instead.
Super Saiyan Trunks (Level 1)	BSMoviePromo	m23	M23	1	P		Hero	(2)	(10) 950,000 | (9) 925,000 | (8) 900,000 | (7) 875,000 | (6) 850,000 | (5) 825,000 | (4) 800,000 | (3) 775,000 | (2) 750,000 | (1) 725,000 | (0) 0000	(Constant Combat Power) Defense Shield- Stops the first 2 unstopped physical attacks performed against you during Combat. If you declared a Tokui-Waza, this Defense Shield stops the first unstopped physical attack performed against you during Combat. 
Trunks Swordplay Drill	BSMoviePromo	m24	M24		P	Named	Non-Combat			Any attacks you perform with "Sword" in the title do +2 life cards of damage. If you have Trunks in play, his PUR is increased by 1.
Android 18's Drop Kick	BSMoviePromo	m25	M25		P	Named	Physical Combat			Android 18 only. Physical attack doing +5 power stages of damage. If you have at least 1 Defense Shield in play, and none of your Defense Shields have been used this Combat, this attack stays on the table to be used 1 more time this Combat. Remove from the game after use.
Android 16's Grapple	BSMoviePromo	m26	M26		P	Named	Physical Combat			Android 16 only. Physical attack doing 5 life cards of damage. Lower your opponent's anger 1 level. If successful, your opponent discards the top card of his Life Deck at the beginning of each of his "Attacker Attacks" phases for the remainder of Combat.
Breakfall	BSMoviePromo	m27	M27		P	Colorless	Combat			Endurance 4. Use during your "Defender Defense" phase. If your personality currently in control of Combat has "Android" in the title, all cards in your Life Deck without Endurance gain "Endurance 3" until the beginning of your next "Attacker Attacks" phase.
Android 17's Left Blast	BSMoviePromo	m28	M28		P	Named	Energy Combat			Android 17 only. Energy attack doing 5 life cards of damage. You may raise your anger by up to 2 levels.
Android Tag Team	BSMoviePromo	m29	M29		P	Colorless	Combat			If your Main Personality has "Android" in the title, choose one of your Allies with "Android" in the title. For the remainder of Combat, the chosen Ally can take control of Combat, even if your Main Personality is not at 0 or 1 above 0. You may take a personality with "Android" in the title that is removed from the game and place him into play at 3 power stages above 0.
Android 18's Palm Blast	BSMoviePromo	m30	M30		P	Named	Energy Combat			Endurance 2. Energy attack doing 5 life cards of damage. If you have at least 2 personalities in play with "Android" in the title, raise your anger 1 level and shuffle this card back into your Life Deck after use.
Android 19's Dodge	BSMoviePromo	m31	M31		P	Named	Physical Combat			Android 19 only. Stops a physical attack. Search your Life Deck for an Orange Styled card and place it into your hand. Remove from the game after use.
Android 18's Left Hook	BSMoviePromo	m32	M32		P	Named	Physical Combat			Physical attack doing +3 power stages of damage. For the remainder of Combat, any attacks performed by your personalities with "Android" in the title cannot be prevented.
Betrayal	BSMoviePromo	m33	M33		P	Colorless	Physical Combat			Physical attack doing +5 life cards of damage. Lower your opponent's anger 2 levels. You may discard an Ally with "Android" in the title that's not performing this attack to have this attack do an additional +2 life cards of damage and make this a focused attack.
Injured Circuits	BSMoviePromo	m34	M34		P	Colorless	Combat			Shuffle all cards in your hand back into your Life Deck and draw the same amount of cards. Draw a card. If you have at least 3 personalities in play with "Android" in the title, you may draw an additional card. Remove from the game after use.
Alt. Dende Dragon Ball 1	BuuSaga	b001	001		C		Dragon Ball			Raise your Main Personality to his highest power stage. Raise your anger 2 levels.
Alt. Dende Dragon Ball 2	BuuSaga	b002	002		C		Dragon Ball			Raise your Main Personality to his highest power stage. While you control this Dragon Ball, all of your physical attacks do +3 power stages of damage.
Black Arm Stretch	BuuSaga	b003	003		C	Black	Physical Combat			Physical attack doing +3 power stages of damage. If successful, gain 3 power stages.
Black Head Crush	BuuSaga	b004	004		C	Black	Physical Combat			Majin only. Physical attack doing +5 power stages of damage. You may discard one of your Non-Combat cards in play to discard 2 of your opponent's Non-Combat cards in play.
Black Floating Popo Defense	BuuSaga	b005	005		C	Black	Physical Combat			Heroes only. Stops a physical attack. If used by a personality with "Kai" or "Popo" in the title, this card can also block an energy attack. Shuffle into your Life Deck after use.
Black Diving Energy Drop	BuuSaga	b006	006		C	Black	Energy Combat			Villians only. Energy attack doing 5 life cards of damage. Empower 2. All Allies lose 3 power stages, to a minimum of 0.
Blue Healing Ray	BuuSaga	b007	007		C	Blue	Energy Combat			Energy attack. You may search your discard pile for any level 1 Ally and place it into play at 3 power stages above 0. If successful, raise that Ally to his highest power stage. Remove from the game after use.
Blue High Block	BuuSaga	b008	008		C	Blue	Physical Combat			Stops a physical attack. Discard one of your opponent's Allies in play. Lower your opponent's anger 1 level.
Blue Slam	BuuSaga	b009	009		C	Blue	Physical Combat			Endurance 3. Physical attack doing +3 power stages of damage. Empower 1. Lower your opponent's anger 2 levels.
Carpet Attack Technique	BuuSaga	b010	010		C	Colorless	Physical Combat			Physical attack doing 3 power stages of damage. You may discard any of your Non-Combat cards in play. For each Non-Combat card discarded, this attack does an additional +3 life cards of damage. If used by Hercule, you can wait to discard Non-Combat cards until after you know if the attack is successful or not. Remove from the game after use.
Energy Gathering	BuuSaga	b011	011		C	Colorless	Non-Combat			Raise your Main Personality to his highest power stage. Choose 2 cards in your discard pile and shuffle them into your Life Deck.
Focused Sword Strike	BuuSaga	b012	012		C	Colorless	Physical Combat			Focused physical attack doing +3 power stages of damage. If successful, lower your opponent's anger 3 levels. Remove from the game after use.
Gohan's Sword Slash	BuuSaga	b013	013		C	Named	Physical Combat			Focused physical attack. If successful, search your Life Deck for any card with "Swordplay" in the title and place it in play. Remove from the game after use.
Gohan's Sword Sweep	BuuSaga	b014	014		C	Named	Physical Combat			Physical attack doing +2 power stages of damage. If successful, discard up to 4 of your opponent's Allies in play.
Gohan's Sword Thrust	BuuSaga	b015	015		C	Named	Physical Combat			Physical attack doing +2 power stages of damage. If successful, discard 2 of your opponent's Non-Combat cards in play.
Goku's Power Attack	BuuSaga	b016	016		C	Named	Energy Combat			Energy attack. If the personality performing this attack has 'Saiyan' in the title, this attack does an additional +4 life cards of damage and is a focused attack.
Heroic Quick Kick	BuuSaga	b017	017		C	Colorless	Physical Combat			Sensei Deck. Heroes only. Physical attack doing +4 power stages of damage. If your opponent's Main Personality is a Majin, damage from this attack cannot be prevented and discard one of your opponent's Non-Combat, Ally, or Battleground cards in play.
Horrified	BuuSaga	b018	018		C	Colorless	Combat			Sensei Deck. Set all Allies in play to 0. Remove from the game after use.
Krillin's Flight	BuuSaga	b019	019		C	Named	Combat			Choose 2 level 1 Allies in your discard pile and place them into play at their highest power stage.
Majin Demise	BuuSaga	b020	020		C	Colorless	Energy Combat			Majin only. Energy attack. Empower 2. You may reduce the damage this attack deals by any amount to a minimum of 0. For every life card of damage reduced this way, discard one of your opponent's Drill's in play.
Majin Hand Clap	BuuSaga	b021	021		C	Colorless	Physical Combat			Majin only. Physical attack doing +3 power stages of damage. Raise your anger 1 level. If successful, capture a Dragon Ball.
Orange Chin Break	BuuSaga	b022	022		C	Orange	Physical Combat			Endurance 2. Physical attack doing +2 power stages of damage. Empower 3. Your Main Personality gains +2 to his PUR until the end of your next turn.
Orange Energy Catch	BuuSaga	b023	023		C	Orange	Energy Combat			Endurance 2. Stops an energy attack. Lower your opponent's anger 2 levels.
Orange Energy Guard	BuuSaga	b024	024		C	Orange	Energy Combat			Endurance 3. Stops an energy attack. For the remainder of Combat, all of your attacks do +2 power stages of damage. Raise your anger 1 level.
Orange Spy Drill	BuuSaga	b025	025		C	Orange	Non-Combat			When entering Combat, you may look at the top 5 cards of your opponent's Life Deck and place them back in the same order.
Red Ball Throw	BuuSaga	b026	026		C	Red	Energy Combat			Villians only. Energy attack doing 6 life cards of damage. If stopped, your opponent skips his next "Attacker Attacks" phase.
Red Fastball	BuuSaga	b027	027		C	Red	Energy Combat			Endurance 2. Heroes only. Energy attack. Empower 2. Raise your anger 1 level. Lower your opponent's anger 1 level.
Red Fist Catch	BuuSaga	b028	028		C	Red	Physical Combat			Endurance 1. Stops a physical attack. Your opponent discards the top 2 cards of his Life Deck. Raise your anger 1 level.
Red Passive Block	BuuSaga	b029	029		C	Red	Physical Combat			Endurance 1. Stops a physical attack. Your opponent discards the top card of his Life Deck. Raise your anger 1 level. Gain 5 power stages.
Red Power Block	BuuSaga	b030	030		C	Red	Physical Combat			Endurance 1. Stops a physical attack. Your opponent discards the top 2 cards of his Life Deck. If you declared a Tokui-Waza, remove one of your opponent's Drills in play from the game.
Red Vigor Orb	BuuSaga	b031	031		C	Red	Energy Combat			Energy attack doing 3 life cards of damage. Empower 3. Remove one of your opponent's Allies or Drills in play from the game. Lower your opponent's anger 2 levels.
Saiyan Energy Deflection	BuuSaga	b032	032		C	Saiyan	Energy Combat			Stops an energy attack. Raise your anger 1 level.
Saiyan Hand Swip	BuuSaga	b033	033		C	Saiyan	Physical Combat			Endurance 3. Stops an energy attack. The next attack you perform this Combat does +3 life cards of damage.
Saiyan Snap Kick	BuuSaga	b034	034		C	Saiyan	Physical Combat			Physical attack doing +3 power stages of damage. This attack can only be stopped as if it were an energy attack.
Saiyan Direct Strike	BuuSaga	b035	035		C	Saiyan	Physical Combat			Endurance 4. Physical attack doing +3 power stages of damage and +2 life cards of damage.
Underwater Kick	BuuSaga	b036	036		C	Colorless	Physical Combat			Physical attack doing +3 power stages of damage. If "Arqua's Arena" is in play, this is a focused attack. If performed by Videl and she is your Main Personality, raise your anger 2 levels.
West City	BuuSaga	b037	037		C	Colorless	Location			All players are considered to have +4 Allies in play for card effects.
Alt. Dende Dragon Ball 3	BuuSaga	b038	038		U		Dragon Ball			Raise your Main Personality to his highest power stage. At the beginning of every turn that you control this Dragon Ball and there is a Battleground or Location in play, you may choose for that Battleground or Location to have a blank power box until the end of the turn.
Alt. Dende Dragon Ball 4	BuuSaga	b039	039		U		Dragon Ball			Raise your Main Personality to his highest power stage. All players with 3 or more Non-Combat cards in play must discard all but 2 of their Non-Combat cards.
Alt. Dende Dragon Ball 5	BuuSaga	b040	040		U		Dragon Ball			Raise your Main Personality to his highest power stage. For the remainder of the game, your Main Personality gains +3 to his PUR while you control this Dragon Ball.
Bee (Level 1)	BuuSaga	b041	041	1	U		Hero	(0)	(10) 10 | (9) 9 | (8) 8  | (7) 7 | (6) 6 | (5) 5 | (4) 4 | (3) 3 | (2) 2 | (1) 1 | (0) 0000	(Bee Does not have to be in control to use this Constant Combat Power. Majin Buu may play Bee as an Ally) Constant Combat Power: If Majin Buu is a Main Personality, Majin Buu's anger cannot be raised or lowered.
Black Face Smash	BuuSaga	b042	042		U	Black	Physical Combat			Sensei Deck. Physical attack doing +3 power stages of damage. Empower 2. If you declared a Tokui-Waza and your opponent declared a Namekian Tokui-Waza, remove the bottom 8 cards of his Life Deck from the game.
Black Gambit	BuuSaga	b043	043		U	Black	Combat			Use when entering Combat. Reveal your hand to your opponent. If at least 3 cards in your hand are Black Style cards attach this card to your Main Personality. While attached, you may discard from your hand during your "Attacker Attacks" phase to discard one of your opponent's Non-Combat, Ally, or Battleground cards in play.
Black Gravity Drop	BuuSaga	b044	044		U	Black	Physical Combat			Sensei Deck. Endurance 3. Physical attack doing +3 power stages of damage. If you declared a Tokui-Waza and your opponent declared a Namekian Tokui-Waza, then for the remainder of Combat, life cards of damage from your attacks are removed from the game instead of being discarded. Remove from the game after use.
Black Heroic Side Kick	BuuSaga	b045	045		U	Black	Physical Combat			Sensei Deck. Physical attack doing +4 power stages of damage. If your opponent's Main Personality is a Majin, this card stays on the table to be used one more time this Combat. Remove from the game after use.
Black Overhead Smack	BuuSaga	b046	046		U	Black	Physical Combat			Physical attack doing +2 power stages of damage. Empower 3. If successful, your opponent shuffles his hand into his Life Deck and then draws the same number of cards that were in his hand when this attack was performed.
Black Secret	BuuSaga	b047	047		U	Black	Combat			Endurance 2. Look at your opponent's hand. Your opponent skips his next "Attacker Attacks" phase. The next attack you perform this Combat does +2 life cards of damage.
Black Snap Kick	BuuSaga	b048	048		U	Black	Physical Combat			Physical attack doing +3 power stages of damage. If successful, attach to one of your opponent's Non-Combat cards in play. While attached, this Non-Combat card cannot be used.
Black Weakness Drill	BuuSaga	b049	049		U	Black	Non-Combat			At the beginning of each Discard Step, your Main Personality may pay 1 power stage to make your opponent discard all cards from his hand.
Blue Devastation	BuuSaga	b050	050		U	Blue	Physical Combat			Sensei Deck. Physical attack doing +3 power stages of damage. Empower 2. If you declared a Tokui-Waza and your opponent declared a Saiyan Tokui-Waza, you may discard a Non-Combat card in play and stops the next physical or energy attack your opponent performs this Combat.
Blue Belly Kick	BuuSaga	b051	051		U	Blue	Physical Combat			Heroes only. Physical attack doing +4 power stages of damage. If your opponent's Main Personality does not have a Constant Combat Power, his personality power cannot be used for the remainder of Combat.
Blue Draining Blast	BuuSaga	b052	052		U	Blue	Energy Combat			Energy Attack. Costs 0 power stages to perform. The personality performing this attack may pay any amount of power stages. For ever 2 power stages paid, this attack does an additional +1 life cards of damage.
Blue Energy Cannon	BuuSaga	b053	053		U	Blue	Energy Combat			Endurance 2. Majin only. Energy attack doing 5 life cards of damage. If successful, the next attack you perform with a personality power power this Combat is a focused attack.
Blue Eye Gouge	BuuSaga	b054	054		U	Blue	Physical Combat			Focused physical attack doing +3 power stages of damage. If successful, attach this card to your Main Personality until your opponent successfully deals at least 1 life card of damage to you. While attached, your opponent cannot play or use cards that allow him to look at your hand or Life Deck.
Blue Friendship	BuuSaga	b055	055		U	Blue	Non-Combat			Use when your opponent is about to discard or remove from the game any of your Allies in play. Choose up to 3 of those Allies. The chosen Allies are not discarded or removed from the game.
Blue Gambit	BuuSaga	b056	056		U	Blue	Combat			Use when entering Combat. Reveal your hand to your opponent. If at least 3 cards in your hand are Blue Style cards, attach this to your Main Personality. While attached, you may place Allies into play that are up to 2 personality levels higher than your Main Personality.
Blue Head Kick	BuuSaga	b057	057		U	Blue	Physical Combat			Sensei Deck. Physical attack doing +4 power stages of damage. If your opponent's Main Personality is a Majin, prevent 3 life cards of damage from all attacks performed against you for the remainder of Combat.
Blue Protective Bubble	BuuSaga	b058	058		U	Blue	Energy Combat			Sensei Deck only. Stops a physical or energy attack. For the remainder of Combat, you may remove any amount of cards in your Sensei deck from the game during your "Defender Defends" phase instead of using a Non-Drill card. Prevent 2 life cards of damage from the attack for each card removed. Remove from the game after use.
Blue Stomach Smash	BuuSaga	b059	059		U	Blue	Physical Combat			Focused physical attack doing +3 power stages of damage. If successful and you declared a Tokui-Waza, search your opponent's Life Deck for up to 3 Drills with different titles and discard them.
Blue Upward Block	BuuSaga	b060	060		U	Blue	Physical Combat			Sensei Deck. Stops a physical attack. If you declared a Tokui-Waza and your opponent declared a Saiyan Tokui-Waza, look at your opponent's hand and choose a Physical Combat card. The chosen card is discarded.
City Ablaze	BuuSaga	b061	061		U	Colorless	Combat			Discard a Location in play. Remove from the game after use. Limit 2 per deck.
Cookie!	BuuSaga	b062	062		U	Colorless	Non-Combat			Majin Buu only. Raise Majin Buu to his highest power stage. Shuffle 5 cards in your discard pile into your Life Deck. Raise your anger 1 level. You may remove a "Majin Buu's Magical Ray" from your discard pile to shuffle this card back into your Life Deck after use.
Energy Ricochet	BuuSaga	b063	063		U	Colorless	Energy Combat			Endurance 3. Stops an energy attack. Raise your anger 1 level. Lower your opponent's anger 1 level. You may remove 2 cards in your Sensei Deck from the game to shuffle this card back into your Life Deck after use.
Flight Training	BuuSaga	b064	064		U	Colorless	Non-Combat			Attach to your "Goten's Flying Drill." While attached, this Drill gains "When entering Combat, you may search your Life Deck for a card with "Flight" in its title and place it into your hand." You can only have 1 "Flight Training" attached at a time.
Gohan's Swordplay Drill	BuuSaga	b065	065		U	Named	Non-Combat			All your attacks with "Sword" in the title do +2 power stages of damage. You may use any "If successful" effects on cards with "Sword" in the title as if they were secondary effects.
Goku Swiftly Moving	BuuSaga	b066	066		U	Named	Energy Combat			Stops an energy attack. In your next "Attacker Attacks" phase, perform the exact same attack that this card stopped, if you have the power stages to pay for your attack.
Goku's Escape	BuuSaga	b067	067		U	Named	Energy Combat			Energy attack doing 5 life cards of damage. Raise your anger 1 level. Lower your opponent's anger 1 level.
Healing Magic	BuuSaga	b068	068		U	Colorless	Non-Combat			Use during your Non-Combat Step. Place one of your level 1 Allies in your discard pile into play at his highest power stage to place the bottom 3 cards of your discard pile at the bottom of your Life Deck.
Hercule's Underground Training Area	BuuSaga	b069	069		U	Named	Location			During your Rejuvenation Step, you may place one of the bottom 5 cards of your discard pile on the top of your Life Deck.
Heroic Head Kick	BuuSaga	b070	070		U	Colorless	Physical Combat			Sensei Deck. Heroes only. Physical attack doing +3 life cards of damage. If your opponent's Main Personality is a Majin, stops the next physical or energy attack performed against you this Combat.
Heroic Kamehameha	BuuSaga	b071	071		U	Colorless	Energy Combat			Heroes only. Energy attack. Empower 3. If your opponent's Main Personality is a Majin and he is level 2 or above, lower your opponent's Main Personality 1 level.
Krillin, Z Warrior (level 2)	BuuSaga	b072	072	2	U		Hero	(3)	(10) 650,000 | (9) 625,000 | (8) 600,000 | (7) 575,000 | (6) 550,000 | (5) 525,000 | (4) 500,000 | (3) 475,000 | (2) 450,000 | (1) 425,000 | (0) 0000	Energy attack doing 3 life cards of damage. This attack does an additional +X life cards of damage. X= Krillin's current PUR. Lower your opponent's anger 2 levels. 
Majin Buu's House	BuuSaga	b073	073		U	Named	Battleground			While this Battleground is in play, use Physical Attack Table B instead of the normal Physical Attack Table.
Majin Buu's Invincibility	BuuSaga	b074	074		U	Named	Combat			Majin Buu only. You may use this card during either your "Attacker Attacks" phase or 'Defender Defends' phase. Prevent all damage from all attacks performed against you this Combat. Limit 1 per deck.
Majin Buu's Magical Ray	BuuSaga	b075	075		U	Named	Energy Combat			Majin Buu only. Energy attack doing 5 life cards of damage. If successful, remove one of your opponent's Allies in play from the game to search your Life Deck for "Cookie!" and place it into play. Remove from the game after use.
Majin Buu's Stomach Throw	BuuSaga	b076	076		U	Named	Physical Combat			Endurance 3. Physical attack doing 3 life cards of damage. Empower 2. If successful, attach this card to one of your opponent's Allies in play. While attached, that Ally cannot take control of Combat or have damage redirected to him.
Majin Head Blow	BuuSaga	b077	077		U	Colorless	Physical Combat			Majin only. Physical attack doing +3 power stages of damage. For the remainder of Combat, all of your cards with Empower have their Empower increased by +3. Lower your opponent's anger 2 levels.
Namekian Gambit	BuuSaga	b078	078		U	Namekian	Combat			Use when entering Combat. Reveal your hand to your opponent. If at least 3 cards in your hand are Namekian Style cards, attach this card to your Main Personality. While attached, you may place the top 3 card of your discard pile at the bottom of your Life Deck instead of 1 during the Rejuvenation Step.
Namekian Shield Destruction	BuuSaga	b079	079		U	Namekian	Physical Combat			Endurance 3. Physical attack. Empower 4. Discard one of your opponent's Non-Combat, Ally, or Battleground cards in play. Lower your opponent's anger 2 levels.
Namekian Shuto	BuuSaga	b080	080		U	Namekian	Physical Combat			Endurance 4. Focused physical attack doing +3 power stages of damage. Empower 3. Your opponent cannot use Defense Shields for the remainder of Combat. Discard up to 3 of your opponent's Allies in play.
Orange Car Push	BuuSaga	b081	081		U	Orange	Physical Combat			Physical attack doing +3 power stages of damage. Empower 2. Search the top 4 cards of your Life Deck for a Drill and place it into play if possible. Place the remaining cards on top of your Life Deck in any order.
Orange Face Breaker	BuuSaga	b082	082		U	Orange	Physical Combat			Sensei Deck. Physical attack doing +2 power stages of damage. Empower 3. If you declared a Tokui-Waza and your opponent declared a Blue Tokui-Waza, then for the remainder of Combat you may capture a Dragon Ball after each successful attack that deals less than 5 life cards of damage.
Orange Face Crunch	BuuSaga	b083	083		U	Orange	Physical Combat			Physical attack doing 5 power stages of damage. Raise your anger 1 level. If successful, look at your opponent's hand and choose a card. The chosen card is set aside and cannot be used this Combat. At the end of Combat, place the card that was set aside into your opponent's hand.
Orange Flight	BuuSaga	b084	084		U	Orange	Physical Combat			Endurance 3. Physical attack doing +4 power stages of damage. All of your other attacks do +1 power stages of damage for the remainder of Combat. Lower your opponent's anger 2 levels.
Orange Gambit	BuuSaga	b085	085		U	Orange	Combat			Use when entering Combat. Reveal your hand to your opponent. If at least 3 cards in your hand are Orange Style Cards, attach this to your Main Personality. While attached, your Main Personality does not have to pay costs for any card effects.
Orange Hiding Drill	BuuSaga	b086	086		U	Orange	Non-Combat			Prevent 2 life cards of damage from all attacks performed against you.
Orange Mouth Shot	BuuSaga	b087	087		U	Orange	Energy Combat			Energy attack. Empower 3. All your other energy attacks do +1 life cards of damage for the remainder of Combat. Lower your opponent's anger 2 levels.
Orange Right Hook	BuuSaga	b088	088		U	Orange	Physical Combat			Sensei Deck. Physical attack doing +3 power stages of damage. Empower 2. If you declared a Tokui-Waza and your opponent declared a Blue Tokui-Waza, for the remainder of Combat your Drills cannot be discarded or removed from the game, and cards that end Combat cannot be used.
Orange Sneak Attack	BuuSaga	b089	089		U	Orange	Energy Combat			Energy attack doing 5 life cards of damage. Name a card that can perform a physical attack. Search your opponent's Life Deck for all copies of that card and discard them.
Orange Trick Shot	BuuSaga	b090	090		U	Orange	Energy Combat			Endurance 3. Energy attack doing 5 life cards of damage. For the remainder of Combat, all your attacks gain "If successful, your Main Personality gains 2 power stages." Lower your opponent's anger 2 levels.
Physical Defense Drill	BuuSaga	b091	091		U	Colorless	Non-Combat			During your 'Defender Defends' phase, you may discard one of your Non-Combat cards in play to stop a physical attack.
Red Arm Swip	BuuSaga	b092	092		U	Red	Physical Combat			Majin only. Physical attack doing 6 power stages of damage. Any life cards of damage this attack deals are removed from the game instead of discarded. Remove from the game after use.
Red Force Punch	BuuSaga	b093	093		U	Red	Physical Combat			Physical attack doing +3 power stages of damage. For the remainder of Combat, all of your focused attacks do +2 power stages of damage. Raise your anger 1 level.
Red Front Jab	BuuSaga	b094	094		U	Red	Physical Combat			Sensei Deck. Physical attack doing +2 life cards of damage. Empower 3. If you declared a Tokui-Waza and your opponent declared an Orange Tokui-Waza, your opponent cannot use Non-Combat cards or Allies for the remainder of Combat.
Red Gambit	BuuSaga	b095	095		U	Red	Combat			Use when entering Combat. Reveal your hand to your opponent. If at least 3 cards in your hand are Red Style cards, attach this card to your Main Personality. While attached, all of your attacks do +3 power stages of damage.
Red Joker Drill	BuuSaga	b096	096		U	Red	Non-Combat			At the beginning of every Discard Step, your Main Personality may pay 1 power stage. If he does, you may discard down to 2 instead of 1 for that Discard Step.
Red Overhead Crush	BuuSaga	b097	097		U	Red	Physical Combat			Sensei Deck. Physical attack doing +3 power stages of damage. If you declared a Tokui-Waza, search your opponent's Life Deck for 3 Allies and discard them.
Red Pressure Technique	BuuSaga	b098	098		U	Red	Physical Combat			Physical attack doing +4 power stages of damage. For the remainder of Combat discard the top card of your opponent's Life Deck when your Main Personality performs a physical attack.
Red Spiked Blast	BuuSaga	b099	099		U	Red	Energy Combat			Sensei Deck. Energy attack doing 3 life cards of damage. Empower 3. If you declared a Tokui-Waza and your opponent declared an Orange Tokui-Waza, you may look at the top 10 cards of your opponent's Life Deck and remove any Drills you find from the game. The remaining cards are shuffled back into his Life Deck.
Saiyan Assault	BuuSaga	b100	100		U	Saiyan	Physical Combat			Sensei Deck. Physicaly attack doing +2 power stages of damage. Empower 3. If you declared a Tokui-Waza and your opponent declared a Black Tokui-Waza, for the remainder of Combat all your opponent's cards except for cards that stop attacks cost +2 power stages to use.
Saiyan Energy Bomb	BuuSaga	b101	101		U	Saiyan	Energy Combat			Saiyan Heritage only. Energy doing 3 life cards of damage. Empower 4. Choose any 2 Saiyan Style cards in your discard pile that are not 'Saiyan Energy Bomb' and place them on top of your Life Deck. Remove from the game after use.
Saiyan Concentrated Blast	BuuSaga	b102	102		U	Saiyan	Energy Combat			Saiyan Heritage only. Energy attack doing 3 life cards of damage. Empower 3. For the remainder of Combat, all other attacks cost +1 power stages to perform. Remove from the game after use.
Saiyan Gambit	BuuSaga	b103	103		U	Saiyan	Combat			Use when entering Combat. Reveal your hand to your opponent. If at least 3 cards in your hand are Saiyan Style cards, attach this to your Main Personality. While attached, and your Main Personality is not at 0, increase your Main Personality's power rating by +1,000,000.
Saiyan Hurricane Kick	BuuSaga	b104	104		U	Saiyan	Physical Combat			Physical attack doing +3 power stages of damage. You may discard a card from your hand to have this attack stay on the table to be used one more time this Combat. Remove from the game after use.
Saiyan Ki Ball	BuuSaga	b105	105		U	Saiyan	Energy Combat			Saiyan Heritage only. Energy attack. Empower 3. Discard up to 3 of your opponent's Allies in play. Remove from the game after use.
Saiyan Onslaught	BuuSaga	b106	106		U	Saiyan	Physical Combat			Sensei Deck. Physical attack. If you declared a Tokui-Waza and your opponent declared a Black Tokui-Waza, this attack does an addition +6 life cards of damage, is a focused attack, and is shuffled back into your Life Deck after use.
Saiyan Overwhelming Drill	BuuSaga	b107	107		U	Saiyan	Non-Combat			When one of your attacks deals life cards of damage, the first 3 life cards of damage from that attack are removed from the game.
Saiyan Power Beam	BuuSaga	b108	108		U	Saiyan	Energy Combat			Saiyan Heritage only. Energy attack. Empower 3. If you declared a Tokui-Waza then for the remainder of Combat your opponent cannot use his Mastery card and Drills. Remove from the game after use.
Saiyan Strength Blast	BuuSaga	b109	109		U	Saiyan	Energy Combat			Saiyan Heritage only. Energy attack doing 3 life cards of damage. Empower 4. Discard up to 3 of your opponent's Drills in play. Remove from the game after use.
The Other World	BuuSaga	b110	110		U	Colorless	Location			When this Location enters play and when it leaves play, any Allies in discard piles are placed into play at 3 power stages above 0, and any Allies that were already in play are discarded.
Vegeta's Sacrifice	BuuSaga	b111	111		U	Named	Energy Combat			Vegeta and Majin Vegeta only. Energy attack doing 15 life cards of damage. If performed against a Majin, this is a focused attack. You lose the game in your opponent's next "Attacker Attacks" phase.
Whiplash	BuuSaga	b112	112		U	Colorless	Combat			Use when one of your physical attacks becomes successful. Your opponent cannot have Allies take control of Combat for the remainder of Combat. Lower your opponent's anger 1 level. Draw a card. Remove from the game after use.
Z Sword Plateau	BuuSaga	b113	113		U	Colorless	Location			At the beginning of every Power Up Step, all personalities gain 3 power stages.
Majin Buu (level 4)	BuuSaga	b114	114	4	U		Majin Villain	(4)	(10) 7,290,000 | (9) 7,265,000 | (8) 7,240,000 | (7) 7,215,000 | (6) 7,190,000 | (5) 7,165,000 | (4) 7,140,00 | (3) 7,115,000 | (2) 7,090,000 | (1) 7,060,000 | (0) 0000	Shuffle the top 8 cards of your discard pile into your Life Deck.
Korin (level 1)	BuuSaga	b115	115	1	R		Hero	(1)	(10) 69 | (9) 44 | (8) 43 | (7) 42 | (6) 41 | (5) 37 | (4) 35 | (3) 32 | (2) 31 | (1) 27 | (0) 0	(Korin does not have to be in control of Combat to use this Constant Combat Power) Constant Combat Power: During your Power Up Step, your Allies gain an amount of power stages equal to their PUR instead of 1. 
Goku, Super Saiyan Ascended (level 4)	BuuSaga	b116	116	4	R		Hero	(4)	(10) 5,100,000 | (9) 5,060,000 | (8) 5,020,000 | (7) 4,980,000 | (6) 4,940,000 | (5) 4,900,000 | (4) 4,860,000 | (3) 4,820,000 | (2) 4,780,000 | (1) 4,740,000 | (0) 0000	(Constant Combat Power) All of your Non-Drill Saiyan Style cards that do not remove themselves from the game after use are placed at the bottom of your Life Deck after use. All of your Saiyan Style attacks do an additional +2 life cards of damage. 
Kid Trunks (level 4)	BuuSaga	b117	117	4	R		Hero	(5)	(10) 1,900,000 | (9) 1,890,000 | (8) 1,880,000 | (7) 1,870,000 | (6) 1,860,000 | (5) 1,850,000 | (4) 1,840,000 | (3) 1,830,000 | (2) 1,820,000 | (1) 1,810,000 | (0) 0000	Focused energy attack doing 6 life cards of damage. Remove all cards in ever discard pile from the game. 
Goten (level 4)	BuuSaga	b118	118	4	R		Hero	(5)	(10) 1,850,000 | (9) 1,840,000 | (8) 1,830,000 | (7) 1,820,000 | (6) 1,810,000 | (5) 1,800,000 | (4) 1,790,000 | (3) 1,780,000 | (2) 1,770,000 | (1) 1,760,000 | (0) 0000	Physical attack doing +4 power stages of damage. You may remove any amount of cards in your discard pile from the game. For every 3 cards you removed in this way, you may discard a Non-Combat card or Ally in play. 
Majin Dabura, D.O.A. (level 4)	BuuSaga	b119	119	4	R		Majin Villain	(5)	(10) 4,750,000 | (9) 4,500,000 | (8) 4,250,000 | (7) 4,000,000 | (6) 3,750,000 | (5) 3,500,000 | (4) 3,250,000 | (3) 3,000,000 | (2) 2,750,000 | (1) 2,500,000 | (0) 0000	(Constant Combat Power) All Styled and Named physical attacks you perform are focused attacks and do an additional +3 life cards of damage. 
Majin Babidi (level 4)	BuuSaga	b120	120	4	R		Majin Villain	(5)	(10) 600,000 | (9) 590,000 | (8) 580,000 | (7) 570,000 | (6) 560,000 | (5) 550,000 | (4) 540,000 | (3) 530,000 | (2) 520,000 | (1) 510,000 | (0) 0000	(Majin Babidi does not have to be in control of Combat to use this Constant Combat Power.) Constant Combat Power: Any of your Allies may take control of Combat, even if Majin Babidi is 2 power stages above 0 or higher. All attacks your Allies perform do an additional +2 life cards of damage. 
Alt. Dende Dragon Ball 6	BuuSaga	b121	121		R		Dragon Ball			Raise your Main Personality to his highest power stage. While you control this Dragon Ball, your Allies may take control of combat when your Main Personality is at 4 power stages above 0 or lower.
Alt. Dende Dragon Ball 7	BuuSaga	b122	122		R		Dragon Ball			Raise your Main Personality to his highest power stage. Place the top or bottom 7 cards in your discard pile on the bottom of your Life Deck.
Black Front Punch	BuuSaga	b123	123		R	Black	Physical Combat			Sensei Deck only. Physical attack doing +3 power stages of damage. For the remainder of Combat, you may remove from the game any 2 cards in your Sensei Deck during your "Attacker Attacks" phase to remove one of your opponent's Drills in play. Remove from the game after use.
Black Right Kick	BuuSaga	b124	124		R	Black	Physical Combat			Endurance 1. Villains only. Physical attack doing +2 power stages of damage. Empower 3. Your opponent discards a card from his hand. Remove from the game after use.
Black Royal Flush Drill	BuuSaga	b125	125		R	Black	Non-Combat			You may have multiple copies of this Drill in play. At the beginning of your turn, if you have 3 copies of this Drill in play, you may remove them all from the game to search your Life Deck and discard pile for any 3 Black Style cards and place them into your hand.
Black Style Mastery (BuS)	BuuSaga	b126	126		R	Black	Mastery			Your Black Style Non-Drill cards that can stop attacks can also stop focused attacks. you may discard a Black Style card from your hand during your 'Attacker Attacks' phase to raise your anger 1 level and have your Main Personality gain 6 power stages.
Blue Electrical Gunk	BuuSaga	b127	127		R	Blue	Energy Combat			Energy attack. If successful attach this card to your opponent's Main Personality. While attached, your opponent discards the top 2 cards of his Life Deck at the beginning of his turn. Discard this card when your opponent's Main Personality is at their highest power stage.
Blue Style Mastery (BuS)	BuuSaga	b128	128		R	Blue	Mastery			All of your Blue Style physical attacks do +2 life cards of damage. During your 'Defender Defends' phase you may remove any amount of Blue Style cards in your discard pile from the game instead of using a Defense. Prevent 2 life cards of damage from the attack for each Blue Style card removed.
Deal!	BuuSaga	b129	129		R	Colorless	Combat			Your opponent's Main Personality may pay 1 power stage to stop this effect. Both players may search their Life Deck for any card (including Dragon Balls) and place it into their hand without revealing it. Limit 1 per deck.
Dende (level 3)	BuuSaga	b130	130	3	R		Hero	(4)	(10) 3,400 | (9) 3,300 | (8) 3,200 | (7) 3,100 | (6) 3,000 | (5) 2,900 | (4) 2,800 | (3) 2,700 | (2) 2,600 | (1) 2,500 | (0) 0000	(Constant Combat Power) During your Power Up Step, all of your Alies gain an additional +X power stages. X = the number of Dragon Balls you control. You may discard 2 cards from your hand during your "Attacker Attacks" phase to set Dende at 1 power stage above 0. 
Freestyle Mastery (BuS)	BuuSaga	b131	131		R	Colorless	Mastery			Your Drills cannot be discarded for any reason while they are in play. When entering Combat, you may discard a Named card that matches your Main Personality to search your Life Deck for a Named card that matches your Main Personality and place it into your hand.
Gotenks' Flight	BuuSaga	b132	132		R	Named	Physical Combat			Physical attack doing 6 power stages of damage. If used by a Fused Personality, this is a focused attack doing an additional +4 power stages of damage and lowers your opponent's anger to 0.
Hercule (level 3)	BuuSaga	b133	133	3	R		Hero	(1)	(11) 3,000 | (10) 2,950 | (9) 2,900 | (8) 2,850 | (7) 2,800 | (6) 2,800 | (5) 2,750 | (4) 2,700 | (3) 2,650 | (2) 2,600 | (1) 2,550 | (0) 0000	(Constant Combat Power) Hercule may use "Villains only" cards. During your "Attacker Attacks" phase, you may discard a card from your hand to make your opponent discard the top 3 cards of his Life Deck. 
Losing Battle	BuuSaga	b134	134		R	Colorless	Combat			('Trunks Energy Sphere' cannot be used to stop this card.) Sensei Deck. Any Non-Personality/Non-Mastery cards with the words "win" in the power box cannot be played or used for the remainder of the turn.
Majin Buu's Body Slam	BuuSaga	b135	135		R	Named	Physical Combat			Physical attack doing +3 power stages of damage. Empower 3. For the remainder of Combat, all Non-combat/Non-Drill cards cost +2 life cards to use.
Majin Buu's Charged Attack	BuuSaga	b136	136		R	Named	Energy Combat			Villains only. Energy attack doing 3 life cards of damage. This attack does an additional +1 life cards of damage for every "Villains only" card in your discard pile. Lower your opponent's anger 2 levels.
Majin Buu's Flight	BuuSaga	b137	137		R	Named	Physical Combat			Physical attack doing 1 life card of damage. Empower 2. This attack does an additional +1 life cards of damage for each card with "Flight" in the title in your discard pile. Lower your opponent's anger 2 levels.
Elder Kai Sensei	BuuSaga	b138	138		R		Sensei			(Deck Size: 21)
Namekian Style Mastery (BuS)	BuuSaga	b139	139		R	Namekian	Mastery			When one of your Non-Namekian Style cards goes to the discard pile, remove it from the game instead. All of your Namekian Style attacks gain "If successful, place the bottom 2 cards of your discard pile on the bottom of your Life Deck and gain 3 power stages."
Oolong (level 1)	BuuSaga	b140	140	1	R		Hero	(1)	(10) 200 | (9) 190 | (8) 180 | (7) 170 | (6) 160 | (5) 150 | (4) 140 | (3) 130 | (2) 120 | (1) 110 | (0) 0000	(Constant Combat Power) Once per turn, Oolong may use one of your other Allies' personality powers as if it were his own. 
Orange Destruction Ball	BuuSaga	b141	141		R	Orange	Energy Combat			Sensei Deck only. Energy attack. For the remainder of Combat, when your opponent tries to discard or remove from the game one of your cards in play, you may remove from the game 2 cards in your Sensei Deck to keep it in play. Remove from the game after use.
Orange Style Mastery (BuS)	BuuSaga	b142	142		R	Orange	Mastery			Once per Combat during your "Attacker Attacks" phase, you may discard one of your Orange Style Drills in play to search your Life Deck for 2 different Drills and place them into play. During your REjuvenation Step, you may place the top Drill in your discard pile on the bottom of your Life Deck.
Red Cross Punch	BuuSaga	b143	143		R	Red	Physical Combat			Sensei Deck only. Physical attack doing +4 power stages of damage. For the remainder of Combat when you perform a focused attack, you may remove from the game 2 cards in your Sensei Deck to have that attack do an additional +3 power stages of damage.
Red Style Mastery (BuS)	BuuSaga	b144	144		R	Red	Mastery			When you perform a Red Style attack, you may discard the top card of your Life Deck to make it a focused attack. After you stop an attack with a Red Style card that does not remove itself from the game, place it on the bottom of your Life Deck.
Saiyan Pressure Technique	BuuSaga	b145	145		R	Saiyan	Physical Combat			Sensei Deck only. Physical attack doing +3 power stages of damage. For the remainder of Combat, when you perform a Saiyan Style physical attack, you may remove 2 cards in your Sensei Deck from the game to double the Base Damage of the attack. Remove from the game after use.
Saiyan Style Mastery (BuS)	BuuSaga	b146	146		R	Saiyan	Mastery			You cannot win by the Most Powerful Personality Victory. All of your Saiyan Style attacks gain "Raise your anger 1 level. Gain 3 power stages." During the Rejuvenation Step, if you put any Saiyan Style cards back into your Life Deck, raise your anger 2 levels and your Main Personality gains 4 power stages.
Supreme Kai's Help	BuuSaga	b147	147		R	Named	Non-Combat			Use when entering Combat. You may search your Life Deck for any level of Supreme Kai and place it into play at his highest power stage. For the remainder of the turn, Supreme Kai may use his Personality Power without taking control. If your Supreme Kai is in play at the end of Combat, you may shuffle him back into your Life Deck.
Supreme Kai's Ki Push	BuuSaga	b148	148		R	Named	Energy Combat			Focused energy attack. If you declared a Tokui-Waza and your Main Personality is above level 1, you may have him lose a personality level to have this attack do an additional +7 life cards of damage. Remove from the game after use.
The Fusion Dance	BuuSaga	b149	149		R	Colorless	Non-Combat			If you have Goten and Kid Trunks in play at the same personality level, you may fuse them with the Gotenks Fusion card of the same personality level.
The Eternal Dragon's Quest	BuuSaga	b150	150		UR	Colorless	Non-Combat			Search your Life Deck and any cards in play for all Dragon Balls you own and set them aside into a new stack. At the beginning of each of your turns, choose a Dragon Ball that is not in play from that stack and place it into play. Card powers cannot end Combat for the remainder of the game.
Majin Buu (level 5)	BuuSaga	b151	151	5	UR		Majin Villain	(5)	(10) 8,640,000 | (9) 8,635,000 | (8) 8,630,000 | (7) 8,625,000 | (6) 8,620,000 | (5) 8,615,000 | (4) 8,600,000 | (3) 8,595,000 | (2) 8,590,000 | (1) 8,585,000 | (0) 0000	Focused physical attack doing 10 power stages of damage, or shuffle 10 cards from your discard pile into your Life Deck instead. 
Goku, Super Saiyan 3 (level 5)	BuuSaga	b152	152	5	UR		Hero	(6)	(10) 6,700,000 | (9) 6,625,000 | (8) 6,550,000 | (7) 6,475,000 | (6) 6,400,000 | (5) 6,325,000 | (4) 6,250,000 | (3) 6,175,000 | (2) 6,100,000 | (1) 6,025,000 | (0) 0000	At the beginning of every turn choose 2 of your Goku's lower personality levels. For the remainder of that turn, Goku has the Powers and Constant Combat Powers of those 2 chosen levels. 
Master Roshi Sensei	BuuSaga	b153	153		UR		Sensei			(Deck Size: 9) All of your attacks do +1 life cards of damage. All of your opponent's attacks do -1 life cards of damage.
Gotenks (level 1)	BuuSaga	b154	154	1	PM		Hero/Fusion	(4)	(10) 7,000,000 | (9) 6,800,000 | (8) 6,600,000 | (7) 6,400,000 | (6) 6,200,000 | (5) 6,000,000 | (4) 5,800,000 | (3) 5,600,000 | (2) 5,400,000 | (1) 5,200,000 | (0) 0000	Physical attack doing 7 power stages of damage. This power may be used twice per Combat. When you perform this attack, you may discard a card from your hand to make this a focused attack. 
Gotenks, Super Saiyan (level 2)	BuuSaga	b155	155	2	PM		Hero/Fusion	(6)	(10) 8,000,000 | (9) 7,900,000 | (8) 7,800,000 | (7) 7,700,000 | (6) 7,600,000 | (5) 7,500,000 | (4) 7,400,000 | (3) 7,300,000 | (2) 7,200,000 | (1) 7,100,000 | (0) 0000	Energy attack doing 8 life cards of damage. Costs 0 power stages to perform. This power may be used twice per Combat. When you perform this attack, you may discard a card from your hand to make this a focused attack. 
Goku (level 1-BuS)	BuuSaga	b156	156	1	SDP		Hero	(1)	(10) 1,800,000 | (9) 1,725,000 | (8) 1,650,000 | (7) 1,575,000 | (6) 1,500,000 | (5) 1,425,000 | (4) 1,350,000 | (3) 1,275,000 | (2) 1,200,000 | (1) 1,125,000 | (0) 0000	(Constant Combat Power) When entering Combat, you may remove 7 Saiyan Style cards in your discard pile from the game to advance a personality level. All of your physical attacks do +1 life cards of damage. 
Goku, Super Saiyan (level 2)	BuuSaga	b157	157	2	SDP		Hero	(2)	(10) 2,800,000 | (9) 2,730,000 | (8) 2,660,000 | (7) 2,590,000 | (6) 2,520,000 | (5) 2,450,000 | (4) 2,380,000 | (3) 2,310,000 | (2) 2,240,000 | (1) 2,170,000 | (0) 0000	(Constant Combat Power) When entering Combat, if you have not used a Constant Combat Power this turn, you may remove 7 Saiyan Style cards in your discard pile from the game to advance a personality level. Prevent 2 life cards of damage from any attacks performed against you. 
Goku, Super Saiyan 2 (level 3)	BuuSaga	b158	158	3	SDP		Hero	(3)	(10) 3,950,000 | (9) 3,905,000 | (8) 3,860,000 | (7) 3,815,000 | (6) 3,770,000 | (5) 3,725,000 | (4) 3,680,000 | (3) 3,635,000 | (2) 3,590,000 | (1) 3,545,000 | (0) 0000	Physical attack doing +5 power stages of damage. If the top card of your discard pile is a Goku Named card, this is a focused attack and lowers your opponent's anger 3 levels. 
Goku (level 1-BuS HT)	BuuSaga	b159	159	GFHT-1	SDP		Hero	(1)	(10) 1,800,000 | (9) 1,725,000 | (8) 1,650,000 | (7) 1,575,000 | (6) 1,500,000 | (5) 1,425,000 | (4) 1,350,000 | (3) 1,275,000 | (2) 1,200,000 | (1) 1,125,000 | (0) 0000	(Constant Combat Power) Your physical attacks do an additional +2 power stages of damage. Your physical attacks from Goku Named cards do an additional +3 power stages of damage instead. 
Goku (level 2-BuS HT)	BuuSaga	b160	160	GFHT-2	SDP		Hero	(2)	(10) 2,800,000 | (9) 2,730,000 | (8) 2,660,000 | (7) 2,590,000 | (6) 2,520,000 | (5) 2,450,000 | (4) 2,380,000 | (3) 2,310,000 | (2) 2,240,000 | (1) 2,170,000 | (0) 0000	Physical attack doing +3 power stages of damage. If you have performed at least 2 Saiyan Style attacks this Combat, this attack does an additional +3 power stages of damage and raises your anger 1 level. 
Gohan (level 1-BuS)	BuuSaga	b161	161	1	SDP		Hero	(2)	(10) 1,500,000 | (9) 1,425,000 | (8) 1,350,000 | (7) 1,275,000 | (6) 1,200,000 | (5) 1,125,000 | (4) 1,050,000 | (3) 975,000 | (2) 900,000 | (1) 825,000 | (0) 0000	(Constant Combat Power) During Combat, cards cannot make you discard cards from your hand. If a card requires you to discard a card from your hand to use it, you do not have to discard a card to use the effect. 
Gohan (level 2-BuS)	BuuSaga	b162	162	2	SDP		Hero	(3)	(10) 2,500,000 | (9) 2,430,000 | (8) 2,360,000 | (7) 2,290,000 | (6) 2,220,000 | (5) 2,150,000 | (4) 2,080,000 | (3) 2,010,000 | (2) 1,940,000 | (1) 1,870,000 | (0) 0000	Energy attack doing 5 life cards of damage. You may discard any amount of your Non-Combat cards in play. For each Non-Combat card discarded this way, this attack does an additional +4 life cards of damage. 
Gohan, Mystic Training (level 3)	BuuSaga	b163	163	3	SDP		Hero	(5)	(10) 4,100,000 | (9) 3,950,000 | (8) 3,800,000 | (7) 3,650,000 | (6) 3,500,000 | (5) 3,350,000 | (4) 3,200,000 | (3) 3,050,000 | (2) 2,900,000 | (1) 2,750,000 | (0) 0000	Energy attack doing 5 life cards of damage. Cost 1 power stage to perform. This attack cannot be stopped. Efects that prevent damage prevent twice their amount for this attack. Lower your opponent's anger 3 levels. 
Gohan (level 1-BuS HT)	BuuSaga	b164	164	GFHT-1	SDP		Hero	(2)	(10) 1,500,000 | (9) 1,425,000 | (8) 1,350,000 | (7) 1,275,000 | (6) 1,200,000 | (5) 1,125,000 | (4) 1,050,000 | (3) 975,000 | (2) 900,000 | (1) 825,000 | (0) 0000	Physical attack doing +3 power stages of damage. If successful, you may search your Life Deck for either a Drill that raises your PUR or a Drill that lets you gain power stages, and place it into play. 
Gohan (level 2-BuS HT)	BuuSaga	b165	165	GFHT-2	SDP		Hero	(3)	(10) 2,500,000 | (9) 2,430,000 | (8) 2,360,000 | (7) 2,290,000 | (6) 2,220,000 | (5) 2,150,000 | (4) 2,080,000 | (3) 2,010,000 | (2) 1,940,000 | (1) 1,870,000 | (0) 0000	(Constant Combat Power) You may skip your Power Up Step. If you do, draw 2 cards at the beginning of your next step. 
Kid Trunks (level 1-BuS)	BuuSaga	b166	166	1	SDP		Hero	(2)	(10) 1,000,000 | (9) 960,000 | (8) 920,000 | (7) 880,000 | (6) 840,000 | (5) 800,000 | (4) 760,000 | (3) 720,000 | (2) 680,000 | (1) 640,000 | (0) 0000	Energy attack doing 5 life cards of damage. If successful, for the remainder of Combat you may discard the top card of your Life Deck instead of paying costs for any energy attacks Kid Trunks performs. 
Kid Trunks (level 2-BuS)	BuuSaga	b167	167	2	SDP		Hero	(3)	(10) 1,200,000 | (9) 1,170,000 | (8) 1,140,000 | (7) 1,110,000 | (6) 1,080,000 | (5) 1,050,000 | (4) 1,020,000 | (3) 990,000 | (2) 960,000 | (1) 930,000 | (0) 0000	(Constant Combat Power) During your "Attacker Attacks" phase, you may discard a card from your hand to have Kid Trunks perform an energy attack that costs 2 power stages to perform. 
Kid Trunks (level 3-BuS)	BuuSaga	b168	168	3	SDP		Hero	(4)	(10) 1,500,000 | (9) 1,480,000 | (8) 1,460,000 | (7) 1,440,000 | (6) 1,420,000 | (5) 1,400,000 | (4) 1,380,000 | (3) 1,360,000 | (2) 1,340,000 | (1) 1,320,000 | (0) 0000	Energy attack doing 6 life cards of damage. Cost 3 power stages to perform. For the remainder of Combat, your Kid Trunks does not have to pay power stages to perform energy attacks. 
Kid Trunks (level 1-BuS HT)	BuuSaga	b169	169	GFHT-1	SDP		Hero	(2)	(10) 1,000,000 | (9) 960,000 | (8) 920,000 | (7) 880,000 | (6) 840,000 | (5) 800,000 | (4) 760,000 | (3) 720,000 | (2) 680,000 | (1) 640,000 | (0) 0000	Focused energy attack doing 3 life cards of damage. If successful, all of your energy attacks do +2 life cards of damage for the remainder of Combat. 
Kid Trunks (Level 2-HT)	BuuSaga	b170	170	GFHT-2	SDP		Hero	(3)	(10) 1,200,000 | (9) 1,170,000 | (8) 1,140,000 | (7) 1,110,000 | (6) 1,080,000 | (5) 1,050,000 | (4) 1,020,000 | (3) 990,000 | (2) 960,000 | (1) 930,000 | (0) 0000	Energy attack doing 5 life cards of damage. If successful, you may remove from the game a Non-Combat card or Ally in play. Lower your opponent's anger 2 levels. 
Goten (level 1-BuS)	BuuSaga	b171	171	1	SDP		Hero	(2)	(10) 950,000 | (9) 910,000 | (8) 870,000 | (7) 830,000 | (6) 790,000 | (5) 750,000 | (4) 710,000 | (3) 670,000 | (2) 630,000 | (1) 590,000 | (0) 0000	Physical attack doing +3 power stages of damage. You may remove 3 cards in your discard pile from the game to have this attack do an additional +3 life cards of damage. 
Goten (level 2-BuS)	BuuSaga	b172	172	2	SDP		Hero	(3)	(10) 1,150,000 | (9) 1,120,000 | (8) 1,090,000 | (7) 1,060,000 | (6) 1,030,000 | (5) 1,000,000 | (4) 970,000 | (3) 940,000 | (2) 910,000 | (1) 880,000 | (0) 0000	Physical attack doing +3 life cards of damage. You may remove any number of cards in your discard pile from the game to have Goten gain the same number of power stages. Lower your opponent's anger 2 levels. 
Goten (level 3-BuS)	BuuSaga	b173	173	3	SDP		Hero	(4)	(10) 1,450,000 | (9) 1,430,000 | (8) 1,410,000 | (7) 1,390,000 | (6) 1,370,000 | (5) 1,350,000 | (4) 1,330,000 | (3) 1,310,000 | (2) 1,290,000 | (1) 1,270,000 | (0) 0000	Physical attack doing 5 life cards of damage. You may remove 4 cards in your discard pile from the game to make this a focused attack, raise your anger 1 level, and lower your opponent's anger 2 levels. 
Goten (level 1-BuS HT)	BuuSaga	b174	174	GFHT-1	SDP		Hero	(2)	(10) 950,000 | (9) 910,000 | (8) 870,000 | (7) 830,000 | (6) 790,000 | (5) 750,000 | (4) 710,000 | (3) 670,000 | (2) 630,000 | (1) 590,000 | (0) 0000	Physical attack doing 3 power stages of damage. If successful, all of your physical attacks do +3 power stages of damage for the remainder of Combat. 
Goten (level 2-BuS HT)	BuuSaga	b175	175	GFHT-2	SDP		Hero	(3)	(10) 1,150,000 | (9) 1,120,000 | (8) 1,090,000 | (7) 1,060,000 | (6) 1,030,000 | (5) 1,000,000 | (4) 970,000 | (3) 940,000 | (2) 910,000 | (1) 880,000 | (0) 0000	(Constant Combat Power) When Goten performs a Styled physical attack, you may remove 4 cards in your discard pile from the game to make it a focused attack. 
Piccolo (level 1-BuS)	BuuSaga	b176	176	1	SDP		Hero	(2)	(10) 800,000 | (9) 755,000 | (8) 710,000 | (7) 665,000 | (6) 620,000 | (5) 575,000 | (4) 530,000 | (3) 485,000 | (2) 440,000 | (1) 395,000 | (0) 0000	Physical attack doing +3 power stages of damage. Place the bottom card of your discard pile at the bottom of your Life Deck. Lower your opponent's anger 1 level. 
Piccolo (level 2-BuS)	BuuSaga	b177	177	2	SDP		Hero	(3)	(10) 1,700,000 | (9) 1,600,000 | (8) 1,500,000 | (7) 1,400,000 | (6) 1,300,000 | (5) 1,200,000 | (4) 1,100,000 | (3) 1,000,000 | (2) 900,000 | (1) 800,000 | (0) 0000	Energy attack doing 5 life cards of damage. For the remainder of Combat, if you just used a card to place or shuffle cards from your discard pile into your Life Deck, you may also place the bottom 2 cards of your discard pile on the bottom of your Life Deck. 
Piccolo (level 3-BuS)	BuuSaga	b178	178	3	SDP		Hero	(4)	(10) 3,000,000 | () 2,850,000 | (8) 2,700,000 | (7) 2,550,000 | (6) 2,400,000 | (5) 2,250,000 | (4) 2,100,000 | (3) 1,950,000 | (2) 1,800,000 | (1) 1,650,000 | (0) 0000	Energy attack doing 7 life cards of damage. For the remainder of Combat, you do not have to remove a card from the game to use its Endurance. 
Piccolo (level 2-BuS HT)	BuuSaga	b179	179	HT-2	SDP		Hero	(3)	(10) 1,700,000 | (9) 1,600,000 | (8) 1,500,000 | (7) 1,400,000 | (6) 1,300,000 | (5) 1,200,000 | (4) 1,100,000 | (3) 1,000,000 | (2) 900,000 | (1) 800,000 | (0) 0000	Physical attack doing +4 power stages of damage. Choose 3 cards with different titles in your discard pile. Your opponent chooses one of the 3 cards. The chosen card is placed into your hand and the other 2 cards are removed from the game. 
Majin Dabura (level 1-BuS)	BuuSaga	b180	180	1	SDP		Majin Villain	(1)	(10) 1,900,000 | (9) 1,820,000 | (8) 1,740,000 | (7) 1,660,000 | (6) 1,580,000 | (5) 1,500,000 | (4) 1,420,000 | (3) 1,340,000 | (2) 1,260,000 | (1) 1,180,000 | (0) 0000	(Constant Combat Power) When a focused attack you perform is successful, you may use its "If successful" effects twice. 
Majin Dabura (level 2)	BuuSaga	b181	181	2	SDP		Majin Villain	(2)	(10) 3,000,000 | (9) 2,890,000 | (8) 2,780,000 | (7) 2,670,000 | (6) 2,560,000 | (5) 2,450,000 | (4) 2,340,000 | (3) 2,230,000 | (2) 2,120,000 | (1) 2,010,000 | (0) 0000	(Constant Combat Power) All focused attacks you perform do +2 life cards of damage and gain "If successful, discard one of your opponent's Allies in play." 
Majin Dabura (level 3)	BuuSaga	b182	182	3	SDP		Majin Villain	(3)	(10) 4,200,000 | (9) 4,050,000 | (8) 3,900,000 | (7) 3,750,000 | (6) 3,600,000 | (5) 3,450,000 | (4) 3,300,000 | (3) 3,150,000 | (2) 3,000,000 | (1) 2,850,000 | (0) 0000	Focused physical attack doing +3 power stages of damage. For the remainder of Combat, all attacks you perform with Styled and Named cards are focused attacks. 
Majin Dabura (Level 2)	BuuSaga	b183	183	HT-2	SDP		Majin Villain	(2)	(10) 3,000,000 | (9) 2,890,000 | (8) 2,780,000 | (7) 2,670,000 | (6) 2,560,000 | (5) 2,450,000 | (4) 2,340,000 | (3) 2,230,000 | (2) 2,120,000 | (1) 2,010,000 | (0) 0000	Focused physical attack doing +4 power stages of damage. You may remove from the game any cards in your discard pile with the word "focused" in the power box. For every card removed this way, this attack does an additional +3 power stages of damage. 
Majin Babidi (level 1-BuS)	BuuSaga	b184	184	1	SDP		Majin Villain	(2)	(10) 400,000 | (9) 380,000 | (8) 360,000 | (7) 340,000 | (6) 320,000 | (5) 300,000 | (4) 280,000 | (3) 260,000 | (2) 240,000 | (1) 220,000 | (0) 0000	(Constant Combat Power) When defending against an attack, you may have one of your Allies take control of Combat till the beginning of your next "Attacker Attacks" phase, even if Majin Babidi is 2 power stages above 0. 
Majin Babidi (level 2)	BuuSaga	b185	185	2	SDP		Majin Villain	(3)	(10) 500,000 | (9) 485,000 | (8) 470,000 | (7) 455,000 | (6) 440,000 | (5) 425,000 | (4) 410,000 | (3) 395,000 | (2) 380,000 | (1) 365,000 | (0) 0000	(Majin Babidi does not have to be in control of Combat to use this Constant Combat Power) Constant Combat Power: When your opponent would discard any of your Allies in play, you may choose for any of those Allies not to be discarded. Discard the top 5 cards of your Life Deck for each chosen Ally. 
Majin Babidi (level 3)	BuuSaga	b186	186	3	SDP		Majin Villain	(4)	(10) 550,000 | (9) 538,000 | (8) 526,000 | (7) 514,000 | (6) 502,000 | (5) 490,000 | (4) 478,000 | (3) 466,000 | (2) 454,000 | (1) 442,000 | (0) 0000	Energy attack doing +1 life cards for each Ally you have in play. All of your Allies gain 1 power stage. Lower your opponent's anger 3 levels. 
Majin Babidi (level 1-HT)	BuuSaga	b187	187	GFHT-1	SDP		Majin Villain	(1)	(10) 400,000 | (9) 380,000 | (8) 360,000 | (7) 340,000 | (6) 320,000 | (5) 300,000 | (4) 280,000 | (3) 260,000 | (2) 240,000 | (1) 220,000 | (0) 0000	(Constant Combat Power) When entering Combat, you may discard the top 2 cards of your Life Deck. If you do, for the remainder of that Combat you may discard a card from you hand during your "Attacker Attacks" phase to have one of your Allies take over Combat until the beginning of your next "Attacker Attacks" phase. 
Majin Babidi (level 2-HT)	BuuSaga	b188	188	GFHT-2	SDP		Majin Villian	(2)	(10) 500,000 | (9) 485,000 | (8) 470,000 | (7) 455,000 | (6) 440,000 | (5) 425,000 | (4) 410,000 | (3) 395,000 | (2) 380,000 | (1) 365,000 | (0) 0000	(Majin Babidi does not have to be in control of Combat to use this Constant Combat Power) Constant Combat Power: All attacks your Allies perform do an additional +3 life cards of damage. 
Majin Vegeta (level 1 - BuS)	BuuSaga	b189	189	1	SDP		Majin Villain	(2)	(10) 2,000,000 | (9) 1,925,000 | (8) 1,850,000 | (7) 1,775,000 | (6) 1,700,000 | (5) 1,625,000 | (4) 1,550,000 | (3) 1,475,000 | (2) 1,400,000 | (1) 1,325,000 | (0) 0000	Energy attack doing 5 life cards of damage. If successful, search your discard pile for a card with "Majin" in the title and place it on top of your Life Deck. 
Majin Vegeta (level 2)	BuuSaga	b190	190	2	SDP		Majin Villain	(3)	(10) 3,000,000 | (9) 2,900,000 | (8) 2,800,000 | (7) 2,700,000 | (6) 2,600,000 | (5) 2,500,000 | (4) 2,400,000 | (3) 2,300,000 | (2) 2,200,000 | (1) 2,100,000 | (0) 0000	(Constant Combat Power) Any attacks you perform that have "Majin" in the title are focused attacks. During the Rejuvenation Step, if you place a card with "Majin" in the title at the bottom of your Life Deck gain 5 power stages. 
Majin Vegeta (level 3)	BuuSaga	b191	191	3	SDP		Majin Villain	(4)	(10) 4,000,000 | (9) 3,895,000 | (8) 3,790,000 | (7) 3,685,000 | (6) 3,580,000 | (5) 3,475,000 | (4) 3,370,000 | (3) 3,265,000 | (2) 3,160,000 | (1) 3,055,000 | (0) 0000	Focused energy attack doing 6 life cards of damage. You may discard a card with "Majin" in the title from your hand. If you do, this power may be used a second time this Combat. 
Majin Vegeta (level 1-HT)	BuuSaga	b192	192	GFHT-1	SDP		Majin Villain	(2)	(10) 2,000,000 | (9) 1,925,000 | (8) 1,850,000 | (7) 1,775,000 | (6) 1,700,000 | (5) 1,625,000 | (4) 1,550,000 | (3) 1,475,000 | (2) 1,400,000 | (1) 1,325,000 | (0) 0000	Stops a physical attack. Search the top 3 cards of your Life Deck for a card with "Majin" in the title and place it into your hand. The other cards are placed on top of your Life Deck in any order. 
Majin Vegeta (level 2-BuS HT)	BuuSaga	b193	193	GFHT-2	SDP		Majin Villain	(3)	(10) 3,000,000 | (9) 2,900,000 | (8) 2,800,000 | (7) 2,700,000 | (6) 2,600,000 | (5) 2,500,000 | (4) 2,400,000 | (3) 2,300,000 | (2) 2,200,000 | (1) 2,100,000 | (0) 0000	(Constant Combat Power) When you and your opponent use the Physical Attack Table for a physical attack, the Base Damage of the physical attack is reduced by -2 when performed against Majin Vegeta and gains +2 when performed by your Majin Vegeta. 
Majin Buu (level 1)	BuuSaga	b194	194	1	SDP		Majin Villain	(2)	(10) 3,545,000 | (9) 3,445,000 | (8) 3,345,000 | (7) 3,245,000 | (6) 3,145,000 | (5) 3,045,000 | (4) 2,945,000 | (3) 2,845,000 | (2) 2,745,000 | (1) 2,645,000 | (0) 0000	Physical attack doing +3 power stages of damage. If you did not declare a Tokui-Waza, you may use this power a second time this Combat. 
Majin Buu, the Rotund (level 2)	BuuSaga	b195	195	2	SDP		Majin Villain	(3)	(10) 4,740,000 | (9) 4,665,000 | (8) 4,590,000 | (7) 4,515,000 | (6) 4,440,000 | (5) 4,365,000 | (4) 4,290,000 | (3) 4,215,000 | (2) 4,140,000 | (1) 4,065,000 | (0) 0000	Physical attack doing +4 power stages of damage. For the remainder of Combat, all of your other physical attacks do +2 power stages of damage. 
Majin Buu, Pink People Eater (level 3)	BuuSaga	b196	196	3	SDP		Majin Villain	(4)	(10) 5,990,000 | (9) 5,940,000 | (8) 5,890,000 | (7) 5,840,000 | (6) 5,790,000 | (5) 5,740,000 | (4) 5,690,000 | (3) 5,640,000 | (2) 5,590,000 | (1) 5,540,000 | (0) 0000	(Constant Combat Power) You cannot use Endurance. The first life card of damage from the first 2 successful attacks performed against you are placed in your hand instead of discarded or removed from the game. All of your physical attacks do +3 power stages of damage. 
Majin Buu (level 1-HT1)	BuuSaga	b197	197	GFHT-1	SDP		Majin Villain	(2)	(10) 3,545,000 | (9) 3,445,000 | (8) 3,345,000 | (7) 3,245,000 | (6) 3,145,000 | (5) 3,045,000 | (4) 2,945,000 | (3) 2,845,000 | (2) 2,745,000 | (1) 2,645,000 | (0) 0000	(Power 1): Shuffle the top 2 Styled cards of your discard pile into your Life Deck. (Power 2: Constant Combat Power) Prevent 2 life cards of damage from each attack your opponent performs.
Majin Buu (level 2-HT1)	BuuSaga	b198	198	GFHT-2	SDP		Majin Villain	(3)	(10) 4,740,000 | (9) 4,665,000 | (8) 4,590,000 | (7) 4,515,000 | (6) 4,440,000 | (5) 4,365,000 | (4) 4,290,000 | (3) 4,215,000 | (2) 4,140,000 | (1) 4,065,000 | (0) 0000	(Power 1:) Stops a physical or energy attack. This card can stop focused attacks. (Power 2: Constant Combat Power) After taking damage from an attack, take the top card of your discard pile and place it at the bottom of your Life Deck. 
Majin Buu (level 1-HT2)	BuuSaga	b199	199	GFHT-1	SDP		Majin Villain	(2)	(10) 3,545,000 | (9) 3,445,000 | (8) 3,345,000 | (7) 3,245,000 | (6) 3,145,000 | (5) 3,045,000 | (4) 2,945,000 | (3) 2,845,000 | (2) 2,745,000 | (1) 2,645,000 | (0) 0000	(Power 1:) Physical attack doing +3 power stages of damage. Raise your anger 1 level. (Power 2: Constant Combat Power) All of your attacks do an additional +1 life cards of damage. 
Majin Buu (level 2-HT2)	BuuSaga	b200	200	GFHT-2	SDP		Majin Villain	(3)	(10) 4,740,000 | (9) 4,665,000 | (8) 4,590,000 | (7) 4,515,000 | (6) 4,440,000 | (5) 4,365,000 | (4) 4,290,000 | (3) 4,215,000 | (2) 4,140,000 | (1) 4,065,000 | (0) 0000	(Power 1:) Physical attack doing +3 power stages of damage. (Power 2:) Energy attack doing 5 life cards of damage. 
Red Pulverize	BuuSaga	bpreview1	Preview 1		C	Red	Physical Combat			Physical attack. Empower 4. Search your Life Deck for up to 5 Red Style Drills and place them into play. Raise your anger 1 level. Remove from the game after use.
Surrounded!	BuuSaga	bpreview2	Preview 2		C	Colorless	Combat			For the remainder of Combat, when one of your Allies uses a personality power to perform an attack it does an additional +2 life cards of damage. Remove from the game after use.
Orange 5-Finger Focus	BuuSaga	bpreview3	Preview 3		U	Orange	Energy Combat			Focused energy attack doing 2 life cards of damage. Costs 1 power stage to perform. Remove from the game after use. Empower 4. This attack is no longer focused. This attack stays on the table to be used 2 more times this Combat without using its Empower.
Watching From Afar	BuuSaga	bpreview4	Preview 4		U	Colorless	Non-Combat			Use only at the beginning of your Discard Step in a turn that you skipped Combat. Shuffle 4 cards in your discard pile into your Life Deck.
Vegeta's Pride Drill	BuuSaga	bpreview5	Preview 5		R	Named	Non-Combat			All attacks you perform with Named cards that match your Main Personality do +2 power stages of damage. If your Main Personality is Vegeta, his PUR is increased by +1.
Gohan, Mystic (level 4)	BuuSaga	bpreview6	Preview 6	4	R		Hero	(5)	(10) 5,200,000 | (9) 5,075,000 | (8) 4,950,000 | (7) 4,825,000 | (6) 4,700,000 | (5) 4,575,000 | (4) 4,450,000 | (3) 4,325,000 | (2) 4,200,000 | (1) 4,075,000 | (0) 0000	(Constant Combat Power) Gohan's PUR gains +X. X = the number of Gohan Named cards in your discard pile. All attacks Gohan performs do +3 power stages of damage. 
Broly (level 1)	BMovie	bm01	M1	1	P		Villain	(1)	(10) 340,000 | (9) 320,000 | (8) 300,000 | (7) 280,000 | (6) 260,000 | (5) 240,000 | (4) 220,000 | (3) 200,000 | (2) 180,000 | (1) 160,000 | (0) 0000	(Constant Combat Power) When you perform an attack, raise your anger 1 level. If Goku is in play, raise your anger 2 levels instead. 
Broly, the Enraged Saiyan (level 2)	BMovie	bm02	M2	2	P		Villain	(2)	(10) 2,800,000 | (9) 2,780,000 | (8) 2,760,000 | (7) 2,740,000 | (6) 2,720,000 | (5) 2,700,000 | (4) 2,680,000 | (3) 2,660,000 | (2) 2,640,000 | (1) 2,620,000 | (0) 0000	(Constant Combat Power) When entering Combat and the top card of your discard pile is a Saiyan Style card, you may remove it from the game to raise your anger 2 levels, and for the remainder of Combat, all physical attacks you perform do +2 power stages of damage. 
Broly, Super Saiyan (level 3)	BMovie	bm03	M3	3	P		Villain	(4)	(10) 4,100,000 | (9) 4,080,000 | (8) 4,060,000 | (7) 4,040,000 | (6) 4,020,000 | (5) 4,000,000 | (4) 3,980,000 | (3) 3,960,000 | (2) 3,940,000 | (1) 3,920,000 | (0) 0000	Physical attack doing +4 power stages of damage. If the top card of your discard pile is a Saiyan Style card the first time you perform this attack each Combat, then this attack may be used a second time this Combat, and all attacks you perform do +2 life cards of damage for the remainder of Combat. 
Broly, the Legendary Saiyan (level 4)	BMovie	bm04	M4	4	P		Villain	(5)	(10) 5,300,000 | (9) 5,280,000 | (8) 5,260,000 | (7) 5,240,000 | (6) 5,220,000 | (5) 5,200,000 | (4) 5,180,000 | (3) 5,160,000 | (2) 5,140,000 | (1) 5,120,000 | (0) 0000	This power may only be used once per game. Shuffle the top 15 Saiyan Style cards in your discard pile back into your Life Deck. 
Broly, the Unstoppable (level 5)	BMovie	bm05	M5	5	P		Villain	(7)	(10) 6,500,000 | (9) 6,480,000 | (8) 6,460,000 | (7) 6,440,000 | (6) 6,420,000 | (5) 6,400,000 | (4) 6,380,000 | (3) 6,360,000 | (2) 6,340,000 | (1) 6,320,000 | (0) 0000	(Constant Combat Power) When entering Combat, you may discard a card in your hand. If you do, for the remainder of Combat any Saiyan Style attacks Broly performs are focused attacks. 
Broly's Energy Burst	BMovie	bm06	M6		P	Named	Energy Combat			Energy attack doing 6 life cards of damage. Lower your opponent's anger 2 levels.
Broly's Evil Drill	BMovie	bm07	M7		P	Named	Non-Combat			Villains only. When entering Combat as the active player, you may search your Life Deck for a "Villains only" card and place it into your hand. If Broly is your Main Personality, you may also use this Drill when entering Combat as the opposing player. You can only have 1 "Broly's Evil Drill" in play at a time.
Broly's Might	BMovie	bm08	M8		P	Named	Physical Combat			Energy attack doing 6 life cards of damage. If used by Broly, your opponent cannot use Combat cards for the remainder of Combat. Remove from the game after use.
Broly's Overwhelming Attacks	BMovie	bm09	M9		P	Named	Combat			Broly only. Physical attack doing +4 power stages of damage. If the top 2 cards of your discard pile are Saiyan Style cards, this is a focused attack and for the remainder of Combat, damage from your attacks cannot be prevented.
Broly's Supreme Power	BMovie	bm10	M10		P	Named	Physical Combat			Broly only. Stops a physical or energy attack. This card stays on the table to be used 1 more time this Combat. If used a second time this Combat, remove it from the game. At the end of Combat, if this card is used only once this Combat, shuffle it back into your Life Deck. Limit 2 per deck.
Saiyan Broly Smash	BMovie	bm11	M11		P	Saiyan	Physical Combat			Endurance X. X = 6 if Broly is your Main Personality, otherwise X = 3. Physical attack doing +2 life cards of damage. If used by Broly, this attack does an additional +3 power stages of damage and discards one of your opponent's Non-Combat cards in play.
Saiyan Charge	BMovie	bm12	M12		P	Saiyan	Physical Combat			Physical attack doing 7 power stages of damage. If the personality performing this attack has a higher power rating than the personality defending against this attack, your opponent cannot use Mastery and Sensei cards for the remainder of the turn.
Saiyan Cliff Slam	BMovie	bm13	M13		P	Saiyan	Physical Combat			Physical attack doing +3 power stages of damage. If the personality performing this attack has a higher power rating than the personality defending against this attack, discard one of your opponent's Non-Combat cards in play.
Saiyan Clothesline	BMovie	bm14	M14		P	Saiyan	Physical Combat			Physical attack doing +3 power stages of damage. If the personality performing this attack has a higher power rating than the personality defending against this attack, double the Base Damage from the Physical Attack Table for this attack.
Saiyan Enraged	BMovie	bm15	M15		P	Saiyan	Non-Combat			Raise your anger 2 levels. Place the bottom 2 cards in your discard pile at the bottom of your Life Deck. If your Main Personality's power rating is higher than your opponent's Main Personality's, draw a card. Remove from the game after use.
Saiyan Setup	BMovie	bm16	M16		P	Saiyan	Physical Combat			Energy attack. If the personality performing this attack has a higher power rating than the personality defending against this attack, the next Styled attack you perform this Combat become a focused attack.
Saiyan Surprise	BMovie	bm17	M17		P	Saiyan	Physical Combat			Physical attack doing +4 power stages of damage. If the personality performing this attack has a higher power rating than the personality defending against this attack, discard up to 2 of your opponent's Allies in play.
Battle of the Saiyans	BMovie	bm18	M18		P	Colorless	Combat			Saiyan Heritage only. Use when performing an attack. That attack does an additional +2 life cards of damage for each Saiyan Heritage personality card you have in play. Draw a card. Remove from the game after use.
C Techniques	BMovie	bm19	M19		P	Colorless	Physical Combat			Physical attack. Choose a rarity. For the remainder of Combat, all cards in your discard pile are now of the chosen rarity while in your discard pile.
Goku's Instant Teleportation	BMovie	bm20	M20		P	Named	Combat			Goku only. Search your Life Deck for a Battleground or Location and place it into play. For the remainder of the turn, no other Battlegrounds or Locations can be placed into play and the New Battleground or Location cannot be discarded or removed from the game.
Goku's Running Defense	BMovie	bm21	M21		P	Named	Physical Combat			Heroes only. Stops a non-focused energy attack. Stops all non-focused energy attacks performed against you for the remainder of Combat. Limit 1 per deck. Remove from the game after use.
Heroic Drill	BMovie	bm22	M22		P	Colorless	Non-Combat			Heroes only. When entering Combat as the active player, you may search your Life Deck for a "Heroes only" card and place it into your hand. You can only have 1 "Heroic Drill" in play at a time.
Power Smack	BMovie	bm23	M23		P	Colorless	Physical Combat			Physical attack doing +3 power stages of damage. This attack does an additional +X life cards of damage, where X is the personality's PUR. Lower your opponent's anger 2 levels.
Pure Defense	BMovie	bm24	M24		P	Colorless	Combat			Use in your opponent's "Attacker Attacks" phase when he performs an attack. All secondary effects of that attack are now "If successful" effects. Draw a card. You may still defense against the attack.
Krillin's Quick Kicks	BMovie	bm25	M25		P	Named	Physical Combat			Krillin only. Physical attack doing +1 power stage of damage. Raise your anger 1 level. Lower your opponent's anger 1 level. This card stays on the table to be used 2 more times this Combat. Remove from the game after use.
Efficient Medicine	BMovie	bm26	M26		P	Colorless	Physical Combat			Physical attack doing +3 power stages of damage. You may discard one of your Non-Combat cards in play. If successful and you discarded a Non-Combat card for this effect, your opponent cannot use Non-Combat cards for the remainder of Combat.
Master Roshi (Level 1)	BMovie	bm27	M27	1	P		Hero	(1)	(10) 415 | (9) 380 | (8) 345 | (7) 310 | (6) 275 | (5) 240 | (4) 205 | (3) 170 | (2) 135 | (1) 100 | (0) 0000	Physical attack doing 3 life cards of damage. For the remainder of Combat, all attacks your Allies perform do an additional +1 power stages and +1 life cards of damage. 
Comet Kumolre	BMovie	bm28	M28		P	Colorless	Combat			Place this card into play and place the bottom 3 cards of your Life Deck under it. At the beginning of each turn, remove from the game one of those cards. When you remove the last card, discard any Battlegrounds or Locations in play and none may be played for the remainder of the game.
Mind Control Device	BMovie	bm29	M29		P	Colorless	Non-Combat			Attach this card to a Main Personality. While attached, when a card effect would raise his anger, that amount is reduced by 1 before modifiers unless he has used "Goku's Farewell." Only 1 "Mind Control Device" may be attached to this personality at a time.
New Vegeta	BMovie	bm30	M30		P	Colorless	Battleground			When entering Combat, discard one of your Non-Combat cards in play.
Paragus (level 1)	BMovie	bm31	M31	1	P		Villain	(1)	(10) 10,000 | (9) 9,500 | (8) 9,000 | (7) 8,500 | (6) 8,000 | (5) 7,500 | (4) 7,000 | (3) 6,500 | (2) 6,000 | (1) 5,500 | (0) 0000	(Paragus does not have to be in control of Combat to use this Constant Combat Power) Constant Combat Power: If your Main Personality is Broly, no card effects can lower Broly's anger and personality levels, and card effects cannot prevent Broly from gaining anger except for "Mind Control Device". 
Heroic Double Team	BMovie	bm32	M32		P	Colorless	Combat			Heroes only. Choose one of your Allies in play. If you chose an Ally draw a card. For the remainder of Combat, the chosen Ally may take control of Combat even if your Main Personality is 2 power stages above 0 or higher.
Namekian Precise Aim Drill	BMovie	bm33	M33		P	Namekian	Non-Combat			You may discard a card in your hand that can perform an energy attack to stop an energy attack. Raise your Main Personality's PUR by +2 while this Drill is in play.
Power Transfer	BMovie	bm34	M34		P	Colorless	Combat			For the remainder of Combat, at the beginning of each of your "Attacker Attacks" phases, you may have one of your Allies in play pay any amount of power stages to have your Main Personality gain an equal amount of power stages.
Saiyan Energy Toss	BMovie	bm35	M35		P	Saiyan	Energy Combat			Energy attack. If the personality performing this attack has a higher power rating than the personality defending against this attack, raise your anger 1 level and for the remainder of Combat all of your other attacks do +2 life cards of damage.
Vegeta's Energy Blast (BM)	BMovie	bm36	M36		P	Named	Physical Combat			Energy attack doing 6 life cards of damage. If used by Vegeta, then for the remainder of Combat the bottom 15 cards in your discard pile are Vegeta Named cards while in your discard pile.
Outburst Drill	BuuPromo	bp1	P1		P	Colorless	Non-Combat			Your Non-Drill cards that have headshots that match your Main Personality are considered Named cards for your Main Personality.
Goku's Power Strike	BuuPromo	bp2	P2		P	Named	Energy Combat			Endurance 3. Physical attack doing +4 power stages of damage. If your Main Personality is at level 2 or above, this attack does an addition +4 life cards of damage and is a focused attack. If successful, search your Life Deck for a Drill and place it into play.
Black Misguiding Punch	BuuPromo	bp7	P7		P	Black	Physical Combat			Physical attack doing +3 power stages of damage. For the remainder of Combat or until you opponent plays "Black Misguiding Punch" [whichever happens first], when your opponent searches a Life Deck or discard pile for a card, you may search and choose the cards instead of your opponent.
Goku's Face Break	BuuPromo	bp8	P8		P	Named	Physical Combat			Physical attack doing +3 power stages of damage. If you have 6 or more Drills in play, this is a focused attack and does an additional +7 life cards of damage. If successful, shuffle all Drills in your discard pile back into your Life Deck. Remove from the game after use.
Releasing Untapped Potential	BuuPromo	bp9	P9		P	Colorless	Combat			You may put any cards in your discard pile into your Sensei Deck. This power cannot raise your Sensei Deck above its maximum deck size. Your Main Personality gains 5 power stages.
Black High Kick	FusionSaga	fu001	001		C	Black	Physical Combat			Endurance 3. Physical attack. This attack does +2 life cards of damage for each Dragon Ball you control.
Black Jaw Hammer	FusionSaga	fu002	002		C	Black	Physical Combat			(If you discard this card for your Black Style Mastery, place this card at the bottom of your Life Deck instead.) Endurance 2. Physical attack doing +3 power stages of damage. Raise your anger 1 level. Lower your opponent's anger 1 level.
Black Shift Kick	FusionSaga	fu003	003		C	Black	Physical Combat			Physical attack doing +4 power stages of damage. Stops an energy attack during your opponent's next "Attacker Attacks" phase. Place the bottom 2 cards of y our discard pile at the bottom of your Life Deck.
Blue Knockdown	FusionSaga	fu004	004		C	Blue	Physical Combat			Physical attack doing +5 power stages of damage. Raise your Main Personality to his highest power stage. Place at the bottom of your Life Deck after use.
Determination Drill	FusionSaga	fu005	005		C	Colorless	Non-Combat			At the end of your turn, if you skipped Combat you may place the bottom card of your discard pile under this Drill. All of your attacks do +1 power stages of damage for each card under this Drill. You can only have 1 "Determination Drill" in play at a time.
Dimension Scream	FusionSaga	fu006	006		C	Colorless	Energy Combat			Discard a Battleground or Location in play. If used by Majin Buu, raise your anger 1 level.
Hercule's Assault Drill	FusionSaga	fu007	007		C	Named	Non-Combat			All of your attacks do +1 life cards of damage and gain "If successful, the personality that performed this attack gains 1 power stage."
Hercule's Immunity	FusionSaga	fu008	008		C	Named	Combat			Sensei Deck. Hercule only. For the remainder of Combat, Majin Buu cannot performs attacks while your Hercule is in control of Combat as your Ally or Main Personality. Remove from the game after use.
Heroic Effort	FusionSaga	fu009	009		C	Colorless	Energy Combat			Heroes only. Energy attack doing 6 life cards of damage. If performed against a villain, this attack is focused, gain 2 power stages, and for the remainder of Combat your opponent cannot have Allies take control of Combat.
Majin Buu, Evil Buu (level 1)	FusionSaga	fu010	010	1	C		Majin Villain	(2)	(10) 4,500,000 | (9) 4,400,000 | (8) 4,300,000 | (7) 4,200,000 | (6) 4,100,000 | (5) 4,000,000 | (4) 3,900,000 | (3) 3,800,000 | (2) 3,700,000 | (1) 3,600,000 | (0) 0000	Physical attack doing +3 power stages of damage. Gain 5 power stages. If stopped, draw a card. 
Majin Buu's Heel Kick	FusionSaga	fu011	011		C	Named	Physical Combat			Endurance 1. Physical attack doing +4 power stages of damage. Remove 5 cards in your opponent's discard pile from the game. The personality performing this attack gains 3 power stages.
Majin Buu's Taunt	FusionSaga	fu012	012		C	Named	Combat			You may raise your opponent's anger up by 2 levels if one of your attacks has been successful this Combat. Prevent 3 life cards of damage from the next attack your opponent performs against you this Combat.
Nooooooooooooooo!	FusionSaga	fu013	013		C	Colorless/Namekian	Non-Combat			(If you declared a Namekian Tokui-Waza, this is a Namekian Styled Card.) Use when your opponent uses a card effect to discard or remove from the game one of your Battleground or Locations in play. Your Battleground or Locations stays in play. Your opponent discards the top 3 cards of his Life Deck.
Orange Splitting Headache	FusionSaga	fu014	014		C	Orange	Energy Combat			Endurance 1. Energy attack doing 6 life cards of damage. You may place 2 cards under all of your Drills that have cards under them.
Orange Strength	FusionSaga	fu015	015		C	Orange	Physical Combat			Endurance 2. Physical attack doing +2 power stages of damage. Raise your Main Personality to his highest power stage.
Paused Pose	FusionSaga	fu016	016		C	Colorless	Combat			Sensei Deck. Use when your opponent fuses. Your opponent fuses at the beginning of his next turn instead.
Red Holding Drill	FusionSaga	fu017	017		C	Red	Non-Combat			All of your attacks do +1 power stages of damage. When an opponent would shuffle one or more cards into his Life Deck, he must place them at the bottom of his Life Deck instead.
Red Striking Drill	FusionSaga	fu018	018		C	Red	Non-Combat			Endurance 2. All of your physical attacks do +2 power stages of damage. Any cards in your Life Deck with Endurance have their Endurance increased by +1.
Release	FusionSaga	fu019	019		C	Colorless	Combat			Endurance 1. Sensei Deck. Raise your Main Personality to his highest power stage. Discard all cards attached to all personalities in play. Place the bottom card of your discard pile at the bottom of your Life Deck.
Saiyan Neutralization	FusionSaga	fu020	020		C	Saiyan	Physical Combat			Stops an energy attack. Lower your opponent's anger 1 level. Your opponent must skip his next "Attacker Attacks" phase. Shuffle into your Life Deck after use.
Saiyan Power	FusionSaga	fu021	021		C	Saiyan	Energy Combat			Energy attack doing 5 life cards of damage. Empower 2. Search your Life Deck for 1 copy of a Saiyan Style Drill that adds damage to your attacks and place it into play. Lower your opponent's anger 2 levels.
Saiyan Spindletop Punch	FusionSaga	fu022	022		C	Saiyan	Physical Combat			Endurance 1. Physical attack doing +4 power stages of damage. Name a card. If successful and the named card was one of the life cards of damage from this attack, remove your opponent's discard pile from the game and raise your anger 1 level.
Taking Cover	FusionSaga	fu023	023		C	Colorless	Combat			For the remainder of Combat, when you prevent damage from an attack you may prevent twice as much damage from the attack.
Tien's Surprise Technique	FusionSaga	fu024	024		C	Named	Energy Combat			(If your Main Personality is Tien when you use this card's Endurance, your opponent discards the top 2 cards of his Life Deck and this card is places into your hand instead of being removed from the game.) Endurance 0. Energy attack doing 5 life cards of damage. Lower your opponent's anger 3 levels.
Underdog Drill	FusionSaga	fu025	025		C	Colorless	Non-Combat			If your Main Personality's highest power rating is below 500,000 then prevent 2 life cards of damage from all attacks your opponent performs, and all your attacks do +1 power stages of damage.
Underdog Drop Kick	FusionSaga	fu026	026		C	Colorless	Physical Combat			Endurance 1. Physical attack doing +2 power stages of damage, or if your Main Personality's highest power rating is below 500,000 stops a physical or energy attack. Gain 4 power stages. Place at the bottom of your Life Deck after use.
Up Close and Personal	FusionSaga	fu027	027		C	Colorless	Combat			Endurance 1. Use when you peform an energy attack. This energy attack does +3 life cards of damage. Draw a card.
Vegito's Charged Blast	FusionSaga	fu028	028		C	Named	Energy Combat			Energy attack doing 5 life cards of damage. If used by a Fused Personality, this attack does an additional +X life cards of damage. X = the Base Damage on the Physical Attack Table. Place this card and the bottom 2 cards of your discard pile at the bottom of your Life Deck after use.
Vegito's Drop Kick	FusionSaga	fu029	029		C	Named	Physical Combat			Focused physical attack doing +X power stages of damage. X = the attacking personality's PUR and personality level added together. Raise your anger 1 level. If used by a Fused Personality, place this card and the bottom card of your discard pile at the bottom of your Life Deck after use.
Vegito's Leg Catch	FusionSaga	fu030	030		C	Named	Physical Combat			Stops a physical attack. Lower your opponent's anger 1 level. If used by a Fused Personality, raise your Main Personality to his highest power stage, remove your opponent's discard pile from the game, and place this card at the bottom of your Life Deck after use.
Vegito's Uppercut	FusionSaga	fu031	031		C	Named	Physical Combat			Physical attack doing +4 power stages of damage. Lower your opponent's anger 1 level. If used by a Fused Personality, damage from this attack cannot be prevented, gain 3 power stages, and place this card at the bottom of your Life Deck after use.
Advanced Basics	FusionSaga	fu032	032		U	Colorless	Combat			Main Personalities only. If your Main Personality is at level 2 or higher, you may use one of your Main Personality's lower personality level's powers (excluding Constant Combat Powers and powers that can be used multiple times per Combat). If it is an attack, it does +3 power stages of damage. Remove from the game after use.
Apocalyptic Battle	FusionSaga	fu033	033		U	Colorless	Combat			You and your opponent discard the top card of your Life Decks. The player who discarded the card with the lowest card number may choose to give up winning by the Most Powerful Personality Victory this game to choose a personality level that both players' MPs can reach. All MPs are advanced or lowered to the chosen level. If there is a tie, nothing happens.
Black Big Bang	FusionSaga	fu034	034		U	Black	Energy Combat			Sensei Deck. Energy attack. Empower 2. If you declared a Tokui-Waza and your opponent declared a Namekian Tokui-Waza, this attack does +10 life cards of damage and is shuffled into your Life Deck after use.
Black Dark Energy	FusionSaga	fu035	035		U	Black	Energy Combat			Endurance 1. Energy attack doing 5 life cards of damage. Choose any cards in your hand and shuffle them into your Life Deck and draw an amount of cards equal to the amount you put into your Life Deck.
Black Jawbreaker	FusionSaga	fu036	036		U	Black	Physical Combat			Physical attack doing +3 power stages of damage. Attach to your opponent's Main Personality. While attached, all attacks performed by that personality do -2 power stages of damage. Discard this card when the attached personality reaches his highest power stage.
Black Karmic Strike	FusionSaga	fu037	037		U	Black	Physical Combat			Physical attack doing +3 power stages of damage. If your opponent performed a successful physical attack in his previous "Attacker Attacks" phase, any power stages of damage this attack deals are life cards of damage instead. If successful and you declared a Tokui-Waza, look at the top 6 cards of your opponent's Life Deck and place them back in any order.
Black Protection Orb	FusionSaga	fu038	038		U	Black	Energy Combat			Stops an energy attack. If you declared a Tokui-Waza, then for the remainder of Combat during your "Defender Defends" phase, you may remove from the game 2 cards in your Sensei Deck to stop an energy attack. Remove from the game after use. Limit 1 per deck.
Black Restraint	FusionSaga	fu039	039		U	Black	Physical Combat			Use only if you performed a successful physical attack in your last "Attacker Attacks" phase this Combat. Stops a physical attack. If you declared a Tokui-Waza, then for the remainder of Combat stops all physical attacks performed by your opponent. Remove from the game after use. Limit 1 per deck.
Black Spin Kick	FusionSaga	fu040	040		U	Black	Physical Combat			Physical attack doing +4 power stages of damage. Lower your opponent's anger 1 level. If successful, place 3 cards from your discard pile with the word "Kick" in the title on top of your Life Deck and remove this card from the game.
Blue Beatdown	FusionSaga	fu041	041		U	Blue	Physical Combat			Endurance 3. Physical attack doing +3 power stages of damage. Raise your anger 1 level. If successful, for the remainder of Combat all of your physical attacks have a Base Damage of X when you use the Physical Attack Table. X = 4 minus your opponent's current anger level.
Blue Energy Guard	FusionSaga	fu042	042		U	Blue	Energy Combat			Stops an energy attack. If you declared a Tokui-Waza, prevents all life cards of damage from energy attacks your opponent performs for the remainder of Combat. Remove from the game after use. Limit 1 per deck.
Blue Forceful Explosion	FusionSaga	fu043	043		U	Blue	Energy Combat			Energy attack doing 5 life cards of damage. Raise your anger 1 level. For the remainder of Combat prevent 1 power stae of damage from your opponent's physical attacks for each Ally you hae in play. Remove from the game after use.
Blue Gut Implosion	FusionSaga	fu044	044		U	Blue	Physical Combat			Sensei Deck. Physical attack dong +4 power stages of damage. If you declared a Tokui-Waza and your opponent declared a Saiyan Tokui-Waza, shuffle 7 cards in your discard pile into your Life Deck and lower your opponent's Main Personality 1 personality level. Remove from the game after use.
Blue Longshot	FusionSaga	fu045	045		U	Blue	Energy Combat			Endurance 1. Energy attack. Lower your opponent's anger 2 levels. For the remainder of Combat, all of your energy attacks gain "If successful, raise your anger 1 level." Remove from the game after use.
Blue Multi-Jab	FusionSaga	fu046	046		U	Blue	Physical Combat			Physical attack doing +1 power stages of damage. This attack stays on the table to be used 1 more time this Combat. Cards that can lower your Main Personality any amount of personality levels cannot be played or used for the remainder of Combat.
Blue Stopping Technique	FusionSaga	fu047	047		U	Blue	Physical Combat			Endurance 3. Stops an energy attack. Raise your anger 1 level. Choose 2 Non-Combat cards in your discard pile and place them on top of your Life Deck. Remove from the game after use.
Blue Weaving	FusionSaga	fu048	048		U	Blue	Physical Combat			Stops a physical attack. If you declared a Tokui-Waza, for the remainder of Combat when taking life cards of damage from a physical attack, all cards in your Life Deck with no Endurance gain Endurance 3. Remove from the game after use. Limit 1 per deck.
Boomstick	FusionSaga	fu049	049		U	Colorless	Combat			Physical attack doing 5 life cards of damage. Raise your or your opponent's anger 1 level. If "Locked On" is attached to your opponent's Main Personality, this attack cannot be stopped. Remove from the game after use.
Devious Moves	FusionSaga	fu050	050		U	Colorless	Physical Combat			Endurance 1. Physical attack doing +4 power stages of damage. If used by Majin Buu, raise your anger 1 level. This attack cannot be stopped by floating effects and Defense Shields. Place at the bottom of your Life Deck after use.
Elder Kai's Sacrifice	FusionSaga	fu051	051		U	Colorless	Non-Combat			Discard one of your Allies in play to search your discard pile for another Ally of any level and place it into play at 5 power stages above 0.
Gohan's Forearm Block	FusionSaga	fu052	052		U	Named	Physical Combat			Endurance 1. Stops a physical attack. Raise your anger 1 level. If your personality in control of Combat has a higher power rating than your opponent's Main Personality, this card can stop physical attacks that cannot be stopped.
Gohan's Left Energy Release	FusionSaga	fu053	053		U	Named	Energy Combat			Sensei Deck. Endurance 2. Heroes only. Energy attack. Lower your opponent's anger 2 levels. If successful, your Main Personality gains 5 power stages, and you may reduce the amount of power stages your MP would gain to shuffle a card from your discard pile back into your Life Deck for each power stage reduced. Remove from the game after use.
Heroic Charge	FusionSaga	fu054	054		U	Colorless	Physical Combat			Sensei Deck. Physical attack doing +4 power stages of damage. If performed against a Majin, choose a card in your hand that can perform an attack or stop an attack and place it into play. That card is now a Non-Combat card instead of its normal type until it leaves play.
Intensity Drill	FusionSaga	fu055	055		U	Colorless	Non-Combat			When one of your attacks deal 5 or more life cards of damage, place the bottom card of your discard pile under this Drill. If there are 3 or more cards under this Drill, during your "Attacker Attacks" phase you may discard this Drill. If you do, you cannot win by the Most Powerful Personality Victory, and you may advance or lower your MP to any level.
Krillin's Sacrifice	FusionSaga	fu056	056		U	Named	Physical Combat			Krillin only. Physical attack doing +4 power stages of damage. For the remainder of Combat, all of your other attacks do +3 life cards of damage, and damage from your opponent's attacks are doubled after modifiers are applied. Remove from the game after use.
Majin Buu, Piccolo Absorbed (level 3)	FusionSaga	fu057	057	3	U		Majin Villain	(4)	(10) 9,000,000 | (9) 8,900,000 | (8) 8,800,000 | (7) 8,700,000 | (6) 8,600,000 | (5) 8,500,000 | (4) 8,400,000 | (3) 8,300,000 | (2) 8,200,000 | (1) 8,100,000 | (0) 0000	(Constant Combat Power) All of your attacks do +3 life cards of damage. When Majin Buu gains power stages from a card effect, he gains double the amount of power stages. When you gain anger, increase that amount by +1. 
Majin Buu, Super Buu (level 2)	FusionSaga	fu058	058	2	U		Majin Villain	(3)	(10) 8,100,000 | (9) 8,000,000 | (8) 7,900,000 | (7) 7,800,000 | (6) 7,700,000 | (5) 7,600,000 | (4) 7,500,000 | (3) 7,400,000 | (2) 7,300,000 | (1) 7,200,000 | (0) 0000	(Constant Combat Power) All of your attacks do +X power stages of damage. X = your current anger level. At the end of every turn, place the bottom card of your discard pile at the bottom of your Life Deck. 
Majin Buu's Bicycle Kick	FusionSaga	fu059	059		U	Named	Physical Combat			Physical attack doing +5 power stages of damage. If successful, lower your opponent's anger 2 levels, and if he has 0 anger, lower his Main Personality 1 personality level.
Majin Buu's Goo	FusionSaga	fu060	060		U	Named	Physical Combat			Endurance 2. Physical attack doing 3 power stages of damage and +1 life cards of damage for each of your attached cards in play. Lower your opponent's anger 3 levels.
Majin Buu's Stomach	FusionSaga	fu061	061		U	Named	Location			Sensei Deck. All attacks do +2 power stages of damage. All Fused Personalities in play defuse, and cannot fuse while this Location is in play.
Majin Static Orb	FusionSaga	fu062	062		U	Colorless	Energy Combat			Majin only. Energy attack. Costs 3 power stages to perform. This attack does an additional +X life cards of damage. X = all of your Allies' PUR's added together. Raise your anger 1 level.
Namekian Finger Blast	FusionSaga	fu063	063		U	Namekian	Energy Combat			Energy attack doing 5 life cards of damage. For the remainder of Combat, all Namekian Style cards in your Life Deck without Endurance gain Endurance 1. For the remainder of Combat, when you use Endurance your Main Personality gains an amount of power stages equal to the damage actually prevented after damage is dealt. Limit 2 per deck. Remove from the game after use.
Narrow Escape	FusionSaga	fu064	064		U	Colorless	Combat			Stops a physical or energy attack. If your Main Personality is at level 2 or above and you have a "Freestyle Mastery" in play, stops all physical attacks and energy attacks your opponent performs for the remainder of Combat. Remove from the game after use. Limit 2 per deck.
Orange Energy Break	FusionSaga	fu065	065		U	Orange	Energy Combat			Endurance 1. Energy attack doing 5 life cards of damage. For the remainder of Combat, you do not have to discard any Drills in play when your Main Personality advances or loses a personality level.
Orange Headshot	FusionSaga	fu066	066		U	Orange	Physical Combat			Sensei Deck. Physical attack doing +5 power stages of damage. Lower your opponent's anger 2 levels. If you declared a Tokui-Waza and your opponent declared a Blue Tokui-Waza, discard any 2 of your opponent's Non-Combat, Allies, Location, Battleground, and/or attached cards in play.
Orange Laser Drill	FusionSaga	fu067	067		U	Orange	Non-Combat			When you perform an Orange Style attack, you may add an additional +2 power stages to the cost to have the attack do +2 power stages of damage and +1 life cards of damage. You may only use this Drill once per Combat.
Orange Protection Drill	FusionSaga	fu068	068		U	Orange	Non-Combat			If you declared a Tokui-Waza, you may remove this Drill from the game when you stop a physical or energy attack to stop all of your opponent's attacks of the same type for the remainder of Combat. Limit 2 per deck.
Orange Rush	FusionSaga	fu069	069		U	Orange	Energy Combat			Energy attack doing 5 life cards of damage. Costs 1 life card to perform. The next Orange Style attack you perform this Combat does an additional +1 life cards of damage for each Drill you have in play when you perform that attack.
Overcharge	FusionSaga	fu070	070		U	Colorless	Combat			Endurance 2. Use when you pay for the cost of an energy attack. The personality performing the attack may pay up to 3 addition power stages for the energy attack. For each power stage paid, the energy attack does an additional +2 life cards of damage. Remove from the game after use.
Ready for Action	FusionSaga	fu071	071		U	Colorless	Combat			Use when your Main Personality advances a personality level or when you fuse. Your opponent skips his next "Attacker Attacks" phase. For the remainder of Combat, all of your attacks do +3 life cards of damage. Place the bottom 3 cards of your discard pile at the bottom at your Life Deck. Remove from the game after use.
Red Cross Slash	FusionSaga	fu072	072		U	Red	Energy Combat			Energy attack doing 5 life cards of damage. If successful, shuffle 5 Red Style cards in your discard pile into your Life Deck. Remove from the game after use.
Red Energy Slap	FusionSaga	fu073	073		U	Red	Physical Combat			Sensei Deck. Stops an energy attack. If you declared a Tokui-Waza and your opponent declared an Orange Tokui-Waza and your opponent has not performed a successful attack this Combat, stops the next 2 non-focused energy attacks your opponent performs this Combat.
Red Physical Fortification	FusionSaga	fu074	074		U	Red	Energy Combat			Stops a physical attack. If you declared a Tokui-Waza and your opponent's current anger level is at 0, stops all physical attacks performed against you for the remainder of Combat. Remove from the game after use. Limit 1 per deck.
Red Rapid Deflection	FusionSaga	fu075	075		U	Red	Physical Combat			Stops an energy attack. If you declared a Tokui-Waza and your anger level is 1 or higher, stops all energy attacks performed against you for the remainder of Combat. Remove from the game after use. Limit 1 per deck.
Red Rapid Energy	FusionSaga	fu076	076		U	Red	Energy Combat			Energy attack doing 5 life cards of damage. Lower your opponent's anger 2 levels. Empower 3. Place all cards in your discard pile with "Energy" in the title at the bottom of your Life Deck. Remove from the game after use.
Red Repeating Flares	FusionSaga	fu077	077		U	Red	Energy Combat			Endurance 2. Energy attack doing 2 life cards of damage. This attack stays on the table to be used 2 more times this Combat. You may discard a card from your hand when you perform this attack to do an additional +3 life cards of damage. Remove from the game after use.
Red Static Shot	FusionSaga	fu078	078		U	Red	Energy Combat			Energy attack doing 5 life cards of damage. For the remainder of Combat, your opponent cannot use Endurance against your Red Style attacks. If successful, raise your anger 2 levels.
Redeemed	FusionSaga	fu079	079		U	Colorless	Non-Combat			(This card does not cause you to have an illegal deck because of hero/villain alignment) If your Main Personality is a villain, he is a hero until the end of the turn. If your Main Personality is a hero, he is a villain until the end of the turn.
Saiyan Blitz	FusionSaga	fu080	080		U	Saiyan	Physical Combat			(When you perform a physical attack you may discard this card from your hand to have that attack do an additional +4 power stages of damage and raise your anger 1 level.) Physical attack doing +3 power stages of damage. Empower 2. For the remainder of Comat, when you use Empower, you still use all of the effects after the Empower.
Saiyan Elusion	FusionSaga	fu081	081		U	Saiyan	Physical Combat			Stops an energy attack. If you declared a Tokui-Waza, for the remainder of Combat during your "Defender Defends" phase you may discard a card from your hand to stop an energy attack. Remove from the game after use. Limit 1 per deck.
Saiyan Explosion	FusionSaga	fu082	082		U	Saiyan	Energy Combat			Sensei Deck. Energy attack doing 5 life card of damage. Raise your anger 1 level. Empower 2. If you declared a Tokui-Waza and your opponent declared a Black Tokui-Waza, for the remainder of Combat, your opponent's Combat, Physical Combat, and Energy Combat cards cost +1 power stages to use. Shuffle into your Life Deck after use.
Saiyan Gut Kick	FusionSaga	fu083	083		U	Saiyan	Physical Combat			Endurance 2. Physical attack doing +3 power stages of damage. Lower your opponent's anger 1 level. If successful and you declared a Tokui-Waza, search your Life Deck for a Dragon Ball and place it into play. Remove from the game after use.
Saiyan Neckbreaker	FusionSaga	fu084	084		U	Saiyan	Physical Combat			Endurance 1. Physical attack doing +3 power stages of damage. Raise your anger 1 level. Empower 2. For the remainder of Combat, all of your physical attacks gain "This attack does an additional +X power stages of damage. X = the amount of times you have used Endurance after you played "Saiyan Neckbreaker"."
Saiyan Perfect Defense	FusionSaga	fu085	085		U	Saiyan	Physical Combat			Use only if your Main Personality has a higher power rating than your opponent's Main Personality. Stops a physical attack. If you declared a Tokui-Waza, this card stays on the table to be used multiple times this Combat. Remove from the game after use. Limit 1 per deck.
Saiyan Push	FusionSaga	fu086	086		U	Saiyan	Physical Combat			Endurance 2. Stops an energy attack. The next energy attack you perform this Combat gains all the secondary effect text of the attack you just stopped. Remove from the game after use.
Saiyan Two Gun Woo	FusionSaga	fu087	087		U	Saiyan	Energy Combat			Energy attack doing 6 life cards of damage. If your Main Personality has a higher power rating than your opponent's Main Personality, this is a focused attack. For the remainder of Combat, when you use Endurance, your Main Personality gains 1 power stage.
Sneaky Tricks	FusionSaga	fu088	088		U	Colorless	Combat			The cost of this card is discarding a card from your hand. Search the bottom 7 cards of your Life Deck for a Combat, Physical Combat, or Energy Combat card that can perform an attack. Immediately use that card and remove it from the game after use. Remove from the game after use.
Unlocked Potential	FusionSaga	fu089	089		U	Colorless	Combat			Main Personalities only. If one of your MP's higher personality levels has a Constant Combat Power, you may use that Constant Combat Power for the remainder of the turn. You may only choose 1 Constant Combat Power for each copy of "Unlocked Potential" used.
Orange Charge Kick	FusionSaga	fu090	090		U	Orange	Physical Combat			Endurance 1. Physical attack doing +3 power stages of damage. Empower 2. If successful, take control of one of your opponent's Freestyle Drills in play.
Vegeta's Blurred Kick	FusionSaga	fu091	091		U	Named	Physical Combat			Endurance 2. Physical attack doing +3 power stages of damage. Gain 3 power stages. Empower 2. If successful, capture an opponent's Dragon Ball. If successful and used by Vegeta, capture 2 of your opponent's Dragon Balls instead. Remove from the game after use.
Yamcha, the Amazing (level 1)	FusionSaga	fu092	092	1	U		Hero	(2)	(10) 1,500,000 | (9) 1,400,000 | (8) 1,300,000 | (7) 1,200,000 | (6) 1,100,000 | (5) 1,000,000 | (4) 900,000 | (3) 800,000 | (2) 700,000 | (1) 600,000 | (0) 0000	When entering Combat, you may remove 3 cards in your discard pile from the game to search your discard pile for a card that can perform an energy attack with a Base Damage of less than 6 life cards and place it into your hand. 
Black Energy Swirl	FusionSaga	fu093	093		R	Black	Energy Combat			Sensei Deck only. Energy attack doing 5 life cards of damage. If you declared a Tokui-Waza, name a word that is not a Martial Arts Style and raise your anger 2 levels. For the remainder of Combat, your opponent cannot play any cards with the named word in the title. Remove from the game after use.
Black Uppercut	FusionSaga	fu094	094		R	Black	Physical Combat			Endurance 2. Physical attack doing +3 power stages of damage. Raise your anger 1 level. If successful, end any of your opponent's floating effects that do not stop attacks and that last "for the remainder of Combat."
Blue Backhand	FusionSaga	fu095	095		R	Blue	Physical Combat			Physical attack doing 5 power stages of damage. For the remainder of Combat, all of your Non-Combat/Non-Drill cards that do not remove themselves from the game after use are placed at the bottom of your Life Deck after use.
Blue Leapfrog Drill	FusionSaga	fu096	096		R	Blue	Non-Combat			Sensei Deck only. At the end of every turn, you may place a Non-Combat card in you discard pile at the bottom of your Life Deck. During your "Defender Defends" phase you may discard a card one of your Non-Combat cards in play to stop an energy attack.
Blue Lunge	FusionSaga	fu097	097		R	Blue	Physical Combat			Endurance 2. Physical attack doing +5 power stages of damage. Search the top 5 cards of your Life Deck for a Non-Combat card and place it into play. Place the remaining cards at the bottom of your Life Deck in any order.
Dazed	FusionSaga	fu098	098		R	Colorless	Combat			Your opponent must pass his next 2 "Attacker Attacks" phases this Combat. This card has no effect on your opponent if he has the card "Breakfall" in his discard pile and/or his removed from the game pile. Remove from the game after use. Limit 1 per deck.
Den-Goku (level 1)	FusionSaga	fu099	099	1	R		Hero/Fusion	(5)	(10) 3,300,000 | (9) 3,200,000 | (8) 3,100,000 | (7) 3,000,000 | (6) 2,900,000 | (5) 2,800,000 | (4) 2,700,000 | (3) 2,600,000 | (2) 2,500,000 | (1) 2,400,000 | (0) 0000	(Constant Combat Power) At the end of your turn, place the bottom 5 cards of your discard pile at the bottom of your Life Deck. All of your attacks gain "Den-Goku gains 3 power stages." 
Gohan, Earth's Protector (level 5)	FusionSaga	fu100	100	5	R		Hero	(7)	(10) 10,000,000 | (9) 9,925,000 | (8) 9,850,000 | (7) 9,775,000 | (6) 9,700,000 | (5) 9,625,000 | (4) 9,550,000 | (3) 9,475,000 | (2) 9,400,000 | (1) 9,325,000 | (0) 0000	Energy attack doing 10 life cards of damage. Costs 0 power stages to perform. This cost cannot be modified by any cards. 
Gohan, Mystic Empowered (level 4)	FusionSaga	fu101	101	4	R		Hero	(6)	(10) 9,000,000 | (9) 8,950,000 | (8) 8,900,000 | (7) 8,850,000 | (6) 8,825,000 | (5) 8,800,000 | (4) 8,775,000 | (3) 8,750,000 | (2) 8,740,000 | (1) 8,730,000 | (0) 0000	Physical attack doing +5 power stages of damage or energy attack doing 7 life cards of damage. You may discard the top 3 cards of your Life Deck to make this a focused attack and raise your anger 1 level. 
Gotenks' Kamikaze Ghost	FusionSaga	fu102	102		R	Named	Combat			(You can have up to 6 copies of this card in your Life Deck.) Gotenks only. Place this card into play. While this card is in play, you may remove it from the game during your "Attacker Attacks" phase to discard the top 6 life cards of your opponent's Life Deck.
Hercule-Goku (level 1)	FusionSaga	fu103	103	1	R		Hero/Fusion	(3)	(10) 3,300,000 | (9) 3,200,000 | (8) 3,100,000 | (7) 3,000,000 | (6) 2,900,000 | (5) 2,800,000 | (4) 2,700,000 | (3) 2,600,000 | (2) 2,500,000 | (1) 2,400,000 | (0) 0000	(Constant Combat Power) You may use "Villains only" cards. Prevent 2 power stages and 1 life card of damage from all attacks performed against you. 
Last Ditch Effort	FusionSaga	fu104	104		R	Colorless	Energy Combat			Endurance 1. Energy attack doing 5 life cards of damage. Raise your anger 1 level. If successful, shuffle all cards with Endurance in your discard pile into your Life Deck. Remove from the game after use.
Majin Buu, Gohan Absorbed (level 5)	FusionSaga	fu105	105	5	R		Majin Villain	(6)	(10) 11,700,000 | (9) 11,550,000 | (8) 11,400,000 | (7) 11,250,000 | (6) 11,100,000 | (5) 10,950,000 | (4) 10,800,000 | (3) 10,650,000 | (2) 10,500,000 | (1) 10,350,000 | (0) 0000	Physical attack doing +6 power stages of damage. If your opponent is a hero, you may use this power to stop a physical attack instead. Place the bottom 5 cards of your discard pile at the bottom of your Life Deck. 
Majin Buu, Gotenks Absorbed (level 4)	FusionSaga	fu106	106	4	R		Majin Villain	(5)	(10) 10,200,000 | (9) 10,100,000 | (8) 10,000,000 | (7) 9,900,000 | (6) 9,850,000 | (5) 9,800,000 | (4) 9,750,000 | (3) 9,700,000 | (2) 9,675,000 | (1) 9,650,000 | (0) 0000	(Constant Combat Power) You may discard down to 2 cards instead of 1 during any Discard Step. When Majin Buu performs an attack, you may pay an additional +2 power stages to make it a focused attack and do +2 life cards of damage. 
Majin Buu's Energy Spray	FusionSaga	fu107	107		R	Named	Energy Combat			Majin only. Energy attack doing 5 life cards of damage. Raise your anger 2 levels. If successful, choose a "Majin only" Energy Combat card in your discard pile and place it into your hand. Remove from the game after use.
Majin Buu's Kamikaze Ghost (level 1)	FusionSaga	fu108	108	1	R		Majin Villain	(1)	(10) 1,500,000 | (9) 1,400,000 | (8) 1,300,000 | (7) 1,200,000 | (6) 1,100,000 | (5) 1,000,000 | (4) 900,000 | (3) 800,000 | (2) 700,000 | (1) 600,000 | (0) 0000	(Only Majin Buu may have this personality as an Ally. He may have up to 6 copies of this Ally in his Life Deck and may have multiple copies in play) Remove this personality from the game to discard the top 4 cards of your opponent's Life Deck. 
Majin Buu's New House	FusionSaga	fu109	109		R	Named	Location			All players play with their hands faceup on the table. All Named cards in all players' Life Decks without Endurance gain Endurance 1.
Majin Planet Destruction Blast	FusionSaga	fu110	110		R	Colorless	Energy Combat			Majin only. Energy attack. This attack does an additional +1 life cards of damage for each "Majin only" card in your discard pile. If successful, shuffle 5 "Majin only" cards in your discard pile into your Life Deck. Remove from the game after use.
Majin Thrust	FusionSaga	fu111	111		R	Colorless	Energy Combat			Majin only. Energy attack doing 7 life cards of damage. All "Main only" cards in your Life Deck without Endurance gain Endurance 1. If your opponent's MP is at a higher personality level than your MP, for the remainder of Combat all of your other attacks do +2 life cards of damage.
Namekian Door Explosion	FusionSaga	fu112	112		R	Namekian	Energy Combat			Endurance 2. Energy attack doing 6 life cards of damage. If successful, while the current Battleground or Location is in play, your opponent cannot place a new Battleground or Location in play and cannot discard or remove from the game the current Battleground or Location unless he plays "Dimension Scream."
Orange Reflex	FusionSaga	fu113	113		R	Orange	Energy Combat			Sensei Deck only. Energy attack. You may pay +4 power stages to search your Life Deck for an Energy Combat card that performs an energy attack and use that card (including its secondary effects) for no cost, instead of this one.
Potara Earrings	FusionSaga	fu114	114		R	Colorless	Non-Combat			If you have Goku in play choose one of your Vegeta, Hercule, or Dende personality cards in play. If your Goku and the chosen personality are at the same personality level, they may fuse. Attach this card to the fused personality. They only defuse when this card is no longer attached.
Red Drop	FusionSaga	fu115	115		R	Red	Physical Combat			Sensei Deck only. Physical attack doing +3 power stages of damage. For the remainder of Combat, all of your other attacks do +X power stages of damage. X = your MP's current personality level. Raise your anger level 1. Shuffle into your Life Deck after use.
Red Leverage Blast	FusionSaga	fu116	116		R	Red	Energy Combat			Energy attack doing +X power stages of damage. X = the Base Damage on the Physical Attack Table. Costs 3 power stages to perform. Raise your anger 1 level. If successful, place 3 Energy Combat cards in your discard pile on top of your Life Deck. Remove from the game after use.
Red Mouth Cannon	FusionSaga	fu117	117		R	Red	Energy Combat			Energy attack doing 6 life cards of damage or lower your opponent's Main Personality 1 personality level. Remove from the game after use.
Red Whiplash	FusionSaga	fu118	118		R	Red	Physical Combat			Endurance 2. Physical attack doing +4 power stages of damage. Raise your anger 1 level. Empower 2. If stopped, search the bottom 5 cards of your Life Deck for a Physical Combat card and place it into your hand. The remaining cards are placed on top of your Life Deck in any order.
Saiyan Overcharged Blast	FusionSaga	fu119	119		R	Saiyan	Energy Combat			Sensei Deck only. Energy attack doing +2 power stages of damage. If the personality performing this attack has a higher power rating than your opponent's MP's power rating, this attack costs 0 power stages to perform. Lower your opponent's anger 1 level. This attack stays on the table to be used 1 more time this Combat. Remove from the game after use.
Straining Power Move	FusionSaga	fu120	120		R	Colorless	Energy Combat			Endurance 2. Energy attack doing +1 life cards of damage for each Straining Move card in your discard pile. Lower your opponent's anger 2 levels.
Transformation	FusionSaga	fu121	121		R	Colorless	Combat			Use at the end of Combat. You cannot win by the Most Powerful Personality Victory for the remainder of the game. Advance or lower your Main Personality to X. X = your current anger. If X is higher than your MP's highest level, your MP advances to his highest level. If X = 0, then lower your MP to his lowest level.
Vegeta's Fury	FusionSaga	fu122	122		R	Named	Combat			Vegeta and Majin Vegeta only. Attach to your "Majin Vegeta's Rage" that is attached to a "Vegeta's Quickness Drill." While attached, all your Freestyle cards (excluding Non-Combat cards) gain "Remove from the game after use." and when you draw cards with "Majin Vegeta's Rage" and "Vegeta's Quickness Drill"' you may choose the cards in your discard pile instead.
Vegito (level 1)	FusionSaga	fu123	123	1	R		Hero/Fusion	(5)	(10) 12,000,000 | (9) 11,900,000 | (8) 11,800,000 | (7) 11,700,000 | (6) 11,600,000 | (5) 11,500,000 | (4) 11,400,000 | (3) 11,300,000 | (2) 11,200,000 | (1) 11,100,000 | (0) 0000	(Constant Combat Power) All Goku and Vegeta Named cards that performs attacks do +3 life cards of damage. You do not have to pay costs for any cards unless the card allows you to pay any amount. 
Gotenks, Super Saiyan 3 (level 3)	FusionSaga	fu124	124	3	UR		Hero/Fusion	(8)	(10) 8,700,000 | (9) 8,450,000 | (8) 8,200,000 | (7) 7,950,000 | (6) 7,700,000 | (5) 7,450,000 | (4) 7,200,000 | (3) 6,950,000 | (2) 6,700,000 | (1) 6,450,000 | (0) 0000	Physical attack doing +7 power stages of damage. Lower your opponent's anger to 0. Gain 5 power stages. Place the bottom 3 cards of your discard pile at the bottom of your Life Deck. This power may be used a second time this Combat. 
Vegito, Super Saiyan (level 2)	FusionSaga	fu125	125	2	UR		Hero/Fusion	(6)	(10) 15,000,000 | (9) 14,999,999 | (8) 14,999,998 | (7) 14,999,997 | (6) 14,999,996 | (5) 14,999,995 | (4) 14,999,994 | (3) 14,999,993 | (2) 14,999,992 | (1) 14,999,991 | (0) 0000	Your opponent discards the top 7 cards of his Life Deck. 
Goku's Flight	FusionSaga	fupreview1	Preview 1		C	Named	Physical Combat			Stops a physical or energy attack. Raise your or your opponent's anger 1 level. If you declared a Freestyle Tokui-Waza, stops the next physical or energy attack performed against you this Combat. If used by Goku, place this card at the bottom of your Life Deck after use.
Majin Buu's Choke Hold	FusionSaga	fupreview2	Preview 2		C	Named	Physical Combat			Physical attack doing +4 power stages of damage. Empower 2. For the remainder of Combat, your opponent's Main Personality loses 1 power stage at the beginning of each of his "Attacker Attacks" phase. If successful, search your Life Deck for a card with "Throw" in the title and place it into your hand.
Majin Bibidi, the Mastermind (level 1)	FusionSaga	fupreview3	Preview 3	1	U		Majin Villain	(1)	(10) 400,000 | (9) 380,000 | (8) 360,000 | (7) 340,000 | (6) 320,000 | (5) 300,000 | (4) 280,000 | (3) 260,000 | (2) 240,000 | (1) 220,000 | (0) 0000	For the remainder of Combat, when one of your personalities performs an attack with his personality power, it now does +3 power stages of damage if Majin Bibidi is in play. 
Peaceful Times	FusionSaga	fupreview4	Preview 4		U	Colorless	Non-Combat			Use during your Non-Combat Step if you did not put this card into play this turn. If you and your opponent did not declare Combat on your previous turns, raise your Main Personality to his highest power stage and place 6 cards in your discard pile at the bottom of your Life Deck.
The Power of Porunga	FusionSaga	fupreview5	Preview 5		R	Colorless	Non-Combat			You may search your Life Deck for a Namek Dragon Ball and place it into play, or you may use this card to win the game when you have 7 Namek Dragon Balls in play and your opponent uses a card to delay your Dragon Ball Victory. Remove from the game after use. Limit 2 per deck.
Devastation Drill	FusionSaga	fupreview6	Preview 6		R	Colorless	Non-Combat			All of your physical attacks do +5 power stages of damage. Discard this Drill if you have any other Non-Combat cards in play.
Supreme West Kai (level 1)	CosmicAnthology	ca01	CA1	1	P		Hero	(2)	(10) Z | (9) Z | (8) Z | (7) Z | (6) Z | (5) Z | (4) Z | (3) Z | (2) Z | (1) Z | (0) 0000	(Constant Combat Power) When entering Combat, shuffle up to 5 life cards from your discard pile into your Life Deck. 
Supreme West Kai (level 2)	CosmicAnthology	ca02	CA2	2	P		Hero	(3)	(11) Z | (10) Z | (9) Z | (8) Z | (7) Z | (6) Z | (5) Z | (4) Z | (3) Z | (2) Z | (1) Z | (0) 0000	(Constant Combat Power) When entering Combat, draw the bottom or top card of your discard pile. 
Supreme West Kai (level 3)	CosmicAnthology	ca03	CA3	3	P		Hero	(4)	(12) Z | (11) Z | (10) Z | (9) Z | (8) Z | (7) Z | (6) Z | (5) Z | (4) Z | (3) Z | (2) Z | (1) Z | (0) 0000	(Constant Combat Power) When entering Combat, shuffle up to 5 cards in your discard pile into your Life Deck and draw the top or bottom card of your discard pile. 
Dr. Willow (level 1)	CosmicAnthology	ca04	CA4	1	P		Villain	(3)	(10) 10 | (9) 9 | (8) 8 | (7) 7 | (6) 6 | (5) 5 | (4) 4 | (3) 3 | (2) 2 | (1) 1 | (0) 0000	(Constant Combat Power) When entering Combat, remove the top card of your Life Deck from the game to remove the top 2 cards of your opponent's Life Deck from the game and raise your anger 3 levels. 
Dr. Willow (level 2)	CosmicAnthology	ca05	CA5	2	P		Villain	(3)	(11) 110 | (10) 100 | (9) 90 | (8) 80 | (7) 70 | (6) 60 | (5) 50 | (4) 40 | (3) 30 | (2) 20 | (1) 10 | (0) 0000	Discard 3 cards from your hand to search your opponent's Life Deck for any 5 cards. Your opponent chooses 1 of those cards and puts it into his hand. The others are removed from the game. If Dr. Willow is your Main Personality, advance him 1 personality level at the end of Combat. 
Dr. Willow (level 3)	CosmicAnthology	ca06	CA6	3	P		Villain	(3)	(12) 12,000 | (11) 11,000 | (10) 10,000 | (9) 9,000 | (8) 8,000 | (7) 7,000 | (6) 6,000 | (5) 5,000 | (4) 4,000 | (3) 3,000 | (2) 2,000 | (1) 1,000 | (0) 0000	(Constant Combat Power) When entering Combat, draw 2 cards. When a player performs a successful attack, gain 2 anger. If Dr. Willow is your Main Personality, then when you reach 5 or more anger, he loses 2 personality levels. 
Zarbon (level 1)	CosmicAnthology	ca07	CA7	1	P		Villain	(2)	(10) 24,000 | (9) 22,000 | (8) 20,000 | (7) 18,000 | (6) 16,000 | (5) 14,000 | (4) 12,000 | (3) 10,000 | (2) 8,000 | (1) 6,000 | (0) 0000	(Power 1: Constant Combat Power) All of your attacks gain "If successful, raise your anger 1 level and gain 2 power stages." (Power 2:) Focused energy attack. 
Zarbon, Transformed (level 2)	CosmicAnthology	ca08	CA8	2	P		Villain	(3)	(11) 54,000 | (10) 52,000 | (9) 50,000 | (8) 48,000 | (7) 46,000 | (6) 44,000 | (5) 42,000 | (4) 40,000 | (3) 38,000 | (2) 36,000 | (1) 34,000 | (0) 0000	(Constant Combat Power) When entering Combat, draw the bottom card of your discard pile. All of your attacks gain "If successful, raise your anger 1 level and gain 3 power stages." After damage is dealt to Zarbon, if Zarbon's Power Rating is 0 then lose 1 personality level. 
Zarbon, Fanatical (level 3)	CosmicAnthology	ca09	CA9	3	P		Villain	(4)	(12) 105,000 | (11) 100,000 | (10) 95,000 | (9) 90,000 | (8) 85,000 | (7) 80,000 | (6) 75,000 | (5) 70,000 | (4) 65,000 | (3) 60,000 | (2) 55,000 | (1) 50,000 | (0) 0000	(Constant Combat Power) When entering Combat, draw one of the bottom 3 cards of your discard pile. All of your attacks gain "If successful, gain 4 power stages and remove the bottom 2 cards of your opponent's discard pile from the game." After damage is dealt to Zarbon, if Zarbon's Power Rating is 0 then lose 1 personality level. 
Turles, the Mysterious (level 1)	CosmicAnthology	ca10	CA10	1	P		Villain	(1)	(10) 29,000 | (9) 28,000 | (8) 27,000 | (7) 26,000 | (6) 25,000 | (5) 24,000 | (4) 23,000 | (3) 22,000 | (2) 21,000 | (1) 20,000 | (0) 0000	(Power 1: Constant Combat Power) Damage from your attacks cannot be redirected. (Power 2:) Physical attack doing +1 power stages of damage for each personality in play. Raise your anger 1 level. 
Turles, the Proud (level 2)	CosmicAnthology	ca11	CA11	2	P		Villain	(2)	(10) 75,000 | (9) 74,000 | (8) 73,000 | (7) 72,000 | (6) 71,000 | (5) 70,000 | (4) 69,000 | (3) 68,000 | (2) 67,000 | (1) 66,000 | (0) 0000	(Power 1: Constant Combat Power) Damage from your attacks cannot be prevented. (Power 2:) Physical attack doing +3 power stages of damage. You may remove an Ally in play from the game. If you do, raise your anger 1 level. 
Turles, the Saiyan Warrior (level 3)	CosmicAnthology	ca12	CA12	3	P		Villain	(3)	(10) 150,000 | (9) 145,000 | (8) 140,000 | (7) 135,000 | (6) 130,000 | (5) 125,000 | (4) 120,000 | (3) 115,000 | (2) 110,000 | (1) 105,000 | (0) 0000	(Power 1: Constant Combat Power) Damage from your attacks cannot be redirected, reduced, or prevented. (Power 2:) Energy attack doing +1 power stages of damage for each Ally in your and your opponent's removed from the game piles. If "Tree of Might" is in play, this attack does +2 power stages of damage for each Ally instead. 
Caterpy (level 1)	CosmicAnthology	ca13	CA13	1	P		Hero	(2)	(10) 750,000 | (9) 725,000 | (8) 700,000 | (7) 675,000 | (6) 650,000 | (5) 625,000 | (4) 600,000 | (3) 575,000 | (2) 550,000 | (1) 525,000 | (0) 0000	(Power 1: Constant Combat Power) All your physical attacks do +1 power stages of damage. (Power 2:) Your opponent discards a card at random from your hand for you to draw a card. Raise your anger 1 level. 
Caterpy, the Grappler (level 2)	CosmicAnthology	ca14	CA14	2	P		Hero	(3)	(10) 1,250,000 | (9) 1,200,000 | (8) 1,150,000 | (7) 1,100,000 | (6) 1,050,000 | (5) 1,000,000 | (4) 950,000 | (3) 900,000 | (2) 850,000 | (1) 800,000 | (0) 0000	(Power 1: Constant Combat Power) All of your physical attacks do +2 power stages of damage. (Power 2:) When entering Combat, you may discard a Non-Combat card you have in play to raise your anger 2 levels and name a Non-Combat card. Search your Life Deck for a copy of that Non-Combat card and set it aside. That Non-Combat card comes into play at the end of the turn. 
Caterpy, the Tenacious (level 3)	CosmicAnthology	ca15	CA15	3	P		Hero	(4)	(10) 3,100,000 | (9) 2,900,000 | (8) 2,700,000 | (7) 2,500,000 | (6) 2,300,000 | (5) 2,100,000 | (4) 1,900,000 | (3) 1,700,000 | (2) 1,500,000 | (1) 1,300,000 | (0) 0000	(Power 1: Constant Combat Power) All your physical attacks do +3 power stages of damage. (Power 2:) Discard a card from your hand to search your Life Deck for a card of the same card type as the card discarded, including Dragon Balls, and put it into your hand. 
Gohan's Immense Power	CosmicAnthology	ca16	CA16		P	Named	Combat			Gohan only. If Gohan is your Main Personality, you may give up winning by the Most Powerful Personality Victory this turn to advance your Main Personality 2 levels, if possible. If you do, lower your Main Personality 2 levels at the end of the turn.
Goku's Power Pole	CosmicAnthology	ca17	CA17		P	Named	Non-Combat			Goku only. Attack to your Goku in play. While attached, all of your attacks do +2 power stages of damage and gain "If successful, discard one of your opponent's Allies in play." You can have only 1 "Goku's Power Pol"' attached at a time.
Energetic Fruit	CosmicAnthology	ca18	CA18		P	Colorless	Non-Combat			Raise your Main Personality to his highest power stage. Attach this card to your Main Personality. While attached, your Main Personality's PUR is increased by +2, and if "Tree of Might" is in play, you need 1 less anger to advance a personality level. You can only have 1 "Energetic Fruit" attached at a time.
Icarus (level 1)	CosmicAnthology	ca19	CA19	1	P		Hero	(1)	(10) 100 | (9) 90 | (8) 80 | (7) 70 | (6) 60 | (5) 50 | (4) 40 | (3) 30 | (2) 20 | (1) 10 | (0) 0000	If Gohan is your Main Personality, draw a card and raise your anger 1 level. 
Tree of Might	CosmicAnthology	ca20	CA20		P	Colorless	Battleground			All of your attacks do +2 power stages of damage. When entering Combat, each player may search his Life Deck for a Freestyle Drill and place it into play.
Goku's Super Saiyan Catch	CosmicAnthology	ca21	CA21		P	Named	Physical Combat			Endurance 1. Stops a physical attack. Raise your anger 1 level. If used by a personality with "Saiyan" in the title, raise your anger 2 levels instead and place this card at the bottom of your Life Deck.
Knowledge Transfer	CosmicAnthology	ca22	CA22		P	Colorless	Combat			Endurance 3. Look at your opponent's hand. Look at the top 5 cards of your opponent's Life Deck and place them back in the same order. Your opponent skips his next "Attacker Attacks" phase and his Main Personality loses 2 power stages.
Piccolo's Power Blast	CosmicAnthology	ca23	CA23		P	Named	Energy Combat			(If your Main Personality is Piccolo, this card has Endurance 3.) Energy attack doign 6 life cards of damage. Costs 3 power stages to perform. All life cards of damage dealt from this attack are removed from the game instead of discarded. Shuffle into your Life Deck after use.
Cooler's Surprise Attack	CosmicAnthology	ca24	CA24		P	Named	Combat			Endurance 2. Stops an energy attack. Raise your anger 1 level. If used by Cooler, search your Life Deck for a Freestyle Drill and place it into play, and your opponent discards X life cards. X = the amount of life cards of damage the stopped attack would have dealt.
Returning the Favor	CosmicAnthology	ca25	CA25		P	Colorless	Energy Combat			Energy attack. Costs 1 power stage to perform. If your opponent performed a successful energy attack in his previous "Attacker Attacks" phase, this attack does the same amount of damage that his attack dealt. Damage from this attack cannot be modified by your other effects.
Ingrain in the Membrane	CosmicAnthology	ca26	CA26		P	Colorless	Non-Combat			Attach to one of your Non-Combat cards in play that is not "Orange Focusing Drill." While attached, when another card effect would discard or remove from the game the attached Non-Combat card, this card is discarded or removed instead.
Alt. Earth Dragon Ball 3	CosmicAnthology	ca27	CA27		P		Dragon Ball			Draw 2 cards. While you control this Dragon Ball, all Styled cards in your Life Deck without Endurance gain Endurance 1 and your opponent's attacks need to deal 7 or more life cards of damage to capture a Dragon Ball instead of 5.
Goku's Quick Dodge	CosmicAnthology	ca28	CA28		P	Named	Physical Combat			Stops a physical attack. Raise your Main Personality to his highest power stage, and for the remainder of Combat prevent 1 power stage of damage from all of  your opponent's attacks.
Energy Pouch	CosmicAnthology	ca29	CA29		P	Colorless	Physical Combat			Stops an energy attack. Raise your anger 1 level. Place the top card of your discard pile at the bottom of your Life Deck. This card can stop attacks that cannot be stopped. Remove from the game after use.
Master Roshi's Back Kick	CosmicAnthology	ca30	CA30		P	Named	Physical Combat			Physical attack doing +3 power stages of damage. Discard one of your opponent's Allies in play. For each Ally in your opponent's discard pile, your opponent discards the top card of his Life Deck. Remove from the game after use.
Gohan's Energy Deflection	CosmicAnthology	ca31	CA31		P	Named	Physical Combat			Endurance 1. Stops an energy attack. Raise your anger 1 level. If used by Gohan gain 3 power stages and for the remainder of the turn, your Allies cannot be discarded or removed from the game.
Makyo Star	CosmicAnthology	ca32	CA32		P	Colorless	Non-Combat			Attach to a Battleground or Location in play. While attached, your Main Personality's PUR is increased by +2 and all of your attacks do +1 power stages of damage.
Piccolo's Destruction Attack	CosmicAnthology	ca33	CA33		P	Named	Physical Combat			Endurance 2. Physical attack doing +4 power stages of damage. Gain 4 power stages. If successful and this attack deals life cards of damage, remove from the game X cards in your opponent's discard pile. X = twice as many life cards of damage that this attack dealt.
Blue Style Mastery (CA)	CosmicAnthology	ca34	CA34		P	Blue	Mastery			(This is an MRP of the Trunks Saga Blue Style Mastery) Your opponent must reach 6 anger to advance a personality level. All of your Blue Style attacks gain, "If successful raise or lower your opponent's anger 1 level."
A Hero's Heart is Strong (CA)	CosmicAnthology	ca35	CA35		P	Colorless	Non-Combat			Sensei Deck. Remove all cards in all discard piles from the game. Remove from the game after use.
Black Scout Maneuver (CA)	CosmicAnthology	ca36	CA36		P	Colorless	Combat			(This is not a Black Style card.) Sensei Deck Only. Name any Combat, Physical Combat, or Energy Combat card. All of your opponents must search their Life Decks for all copies of that card and remove them from the game. Unless you declared a Black Tokui-Waza, limit 2 per deck. Remove from the game after use. 
Gotenks' Fast Action	FuSPromo	fusp1	P1		P	Named	Physical Combat			Fused characters only. Physical attack doing +3 power stages of damage. Lower your opponent's anger 1 level. Gain 2 power stages. This attack stays on the table to be used 1 more time this Combat.
Vegeta, the Celestial (level 1)	FuSPromo	fusp7	P7	1	P		Hero	(2)	(10) 1,700,000 | (9) 1,650,000 | (8) 1,600,000 | (7) 1,550,000 | (6) 1,500,000 | (5) 1,450,000 | (4) 1,400,000 | (3) 1,350,000 | (2) 1,300,000 | (1) 1,250,000 | (0) 0000	(Constant Combat Power) If you declared a Tokui-Waza, any of your Freestyle Physical Combat and Freestyle Combat cards that say "Remove from the game after use" gain the text "Place at the bottom of your Life Deck after use" instead. All of your physical attacks do +1 power stages of damage. 
Orange Palm Technique	FuSPromo	fusp8	P8		P	Orange	Energy Combat			Energy attack doing 5 life cards of damage. Lower your opponent's anger 2 levels. For the remainder of Combat, as a defense you may remove from the game any amount of cards in your discard pile with Endurance to prevent X life cards of damage. X = the total amount of Endurance on those cards.
Alt. Namek Dragon Ball 1	KidBuuSaga	kb001	001		C		Dragon Ball			Draw cards until you have 3 cards in your hand. Raise your anger 2 levels. Lower your opponent's anger 2 levels.
Alt. Namek Dragon Ball 2	KidBuuSaga	kb002	002		C		Dragon Ball			Shuffle 3 cards in your discard pile into your Life Deck. Draw a card. While you control this Dragon Ball, your Main Personality's PUR is +1 for each Namek Dragon Ball in play.
Alt. Namek Dragon Ball 3	KidBuuSaga	kb003	003		C		Dragon Ball			Draw the bottom 3 cards of your discard pile. Gain 5 power stages. Remove up to 6 cards in your opponent's discard pile from the game.
Black Exertion	KidBuuSaga	kb004	004		C	Black	Energy Combat			Endrance 1. Energy attack. Empower 3. Attach this card to your opponent's Main Personality. While attached and the attached personality is in control of Combat, damage from your attacks cannot be prevented.
Black Groveling Drill	KidBuuSaga	kb005	005		C	Black	Non-Combat			(This card does not count towards or against Tokui-Waza requirements and Styled Drills that you can have in play.) Your attacks do +2 power stages of damage. Prevent 2 life cards of damage from your opponent's attacks.
Black Magic	KidBuuSaga	kb006	006		C	Black	Combat			Your opponent discards an amount of cards from his Life Deck equal to your Main Personality's PUR.
Black Parry	KidBuuSaga	kb007	007		C	Black	Physical Combat			Stops an energy attack. Shuffle 3 Black Style cards in your discard pile into your Life Deck. Remove from the game after use.
Blue Biting Drill	KidBuuSaga	kb008	008		C	Blue	Non-Combat			(This card does not count towards or against Tokui-Waza requirements and Styled Drills that you can have in play.) Your attacks do +2 power stages of damage. When you lower your opponent's anger but his anger level is 0, your opponent discards the top card of his Life Deck for each anger level lowered.
Blue Double Blast	KidBuuSaga	kb009	009		C	Blue	Energy Combat			Energy attack doing 3 life cards of damage. This attack does an additional +X life cards of damage, where X is your Main Personality's PUR. This attack stays on the table to be used one more time this Combat.
Blue Ki Build Up	KidBuuSaga	kb010	010		C	Blue	Non-Combat			Energy attack doing 7 life cards of damage. Lower your opponent's anger 1 level.
Blue Sledgehammer	KidBuuSaga	kb011	011		C	Blue	Physical Combat			Physical attack doing +6 power stages of damage. Lower your opponent's anger 4 levels.
Blue Stretch Kick	KidBuuSaga	kb012	012		C	Blue	Non-Combat			Physical attack doing +5 power stages of damage. Raise your anger 1 level.
Fierce Left Kick	KidBuuSaga	kb013	013		C	Colorless	Physical Combat			Physical attack doing +5 power stages of damage or stops a physical attack. Remove from the game after use.
Hercule's Realization	KidBuuSaga	kb014	014		C	Named	Non-Combat			Use when entering Combat. Instead of Drawing 3 cards from your Life Deck during your "Defender Draws 3 Cards" phase, you may search your Life Deck and discard pile for up to 3 Allies and place them into play at their highest power stages. The Allies you place into play with this power may be one level higher than your Main Personality's current personality level.
Heroic Energy Detonation	KidBuuSaga	kb015	015		C	Colorless	Energy Combat			Heroes only. Focused energy attack doing 7 life cards of damage. If successful and performed against a Villain, you may either discard 3 of his Non-Combat cards in play or have his Main Personality lose 4 power stages.
Ki Catalyst	KidBuuSaga	kb016	016		C	Colorless	Combat			Play when you perform an energy attack. That attack gains +4 life cards of damage and is a focused attack. Remove from the game after use.
Majin Hair Pull	KidBuuSaga	kb017	017		C	Colorless	Physical Combat			Physical attack doing +3 power stages of damage for each anger level you have above 0.
Namekian Remedy Drill	KidBuuSaga	kb018	018		C	Namekian	Non-Combat			(This card does not count towards or against Tokui-Waza requirements and Styled Drills that you can have in play.) Your attacks do +2 power stages of damage. The power stage costs of cards you use are reduced by 1, to a minimum of 1.
Orange Arm Break	KidBuuSaga	kb019	019		C	Orange	Physical Combat			Endurance 2. Physical attack doing +5 power stages of damage. For the remainder of Combat, your opponent cannot put cards into his Life Deck from card effects. Lower your opponent's anger 1 level.
Orange Discharge Drill	KidBuuSaga	kb020	020		C	Orange	Non-Combat			(This card does not count towards or against Tokui-Waza requirements and Styled Drills that you can have in play.) Your attacks do +2 power stages of damage. Your Main Personality's PUR is +2.
Orange Hand-Clasp Drill	KidBuuSaga	kb021	021		C	Orange	Non-Combat			Your Main Personality's PUR is +1. Your Defense Shields can stop focused attacks.
Overwhelmed	KidBuuSaga	kb022	022		C	Colorless	Combat			If your Main Personality's power rating is three or more times higher than your opponent's Main Personality's power raiting, your opponent discards the top 5 cards of his Life Deck. Remove from the game after use.
Pan's High Slap	KidBuuSaga	kb023	023		C	Named	Physical Combat			Focused physical attack doing 5 power stages of damage. If your opponent's Main Personality's power rating is three or more times larger than your Main Personality's power rating, prevent 3 life cards of damage from your opponent's attacks for the remainder of Combat.
Red Bullrush Drill	KidBuuSaga	kb024	024		C	Red	Non-Combat			All of your attacks do +2 life cards of damage. When you stop an attack, remove from the game 1 random card from your opponent's Sensei Deck.
Red Kaio-Ken Drill	KidBuuSaga	kb025	025		C	Red	Non-Combat			(This card does not count towards or against Tokui-Waza requirements and Styled Drills that you can have in play.) Your attacks do +2 power stages of damage. At the beginning of your turn, remove the bottom 3 cards of your opponent's discard pile from the game.
Red Puppy Slap	KidBuuSaga	kb026	026		C	Red	Physical Combat			Physical attack doing +3 life cards of damage. Raise your anger 1 level. For the remainder of Combat, all of your other Red Style attacks are focused attacks.
Saiyan Agression Drill	KidBuuSaga	kb027	027		C	Saiyan	Non-Combat			(This card does not count towards or against Tokui-Waza requirements and Styled Drills that you can have in play.) All of your attacks do +2 power stages of damage. All of your opponent's personalities gain 1 less power stage when they power up during the Power Up Step to a minimum of 0.
Saiyan Dashing Kick	KidBuuSaga	kb028	028		C	Saiyan	Physical Combat			Physical attack doing +8 power stages of damage. Raise your anger 1 level.
Saiyan Stop	KidBuuSaga	kb029	029		C	Saiyan	Physical Combat			Stops a physical or energy attack. Gain 7 power stages.
Stupendous Strike	KidBuuSaga	kb030	030		C	Colorless	Physical Combat			Physical attack doing 4 times the Base Damage. Costs 5 power stages to perform. Costs 5 power stages. Quadruple the base damage of this attack.
The Help of Earth	KidBuuSaga	kb031	031		C	Colorless	Non-Combat			If you have 2 other copies of "The Help of Earth" and/or "Energy Gathering" in play, search your Sensei Deck for "Earth's Spirit Bomb" and place it into your hand.
Alt. Namek Dragon Ball 4	KidBuuSaga	kb032	032		U		Dragon Ball			Discard all of your opponent's Allies in play. While you control this Dragon Ball, when your Non-Combat/Non-Drills and Allies in play would be removed from the game by your opponent's card effects, they are discarded instead.
Alt. Namek Dragon Ball 5	KidBuuSaga	kb033	033		U		Dragon Ball			Discard the top 4 cards of your opponent's Life Deck. While you control this Dragon Ball, at the beginning of your turns look and rearrange an amount of cards on the top of your Life Deck equal to the number of Namek Dragon Balls in play.
Android 18, The Mom (level 1)	KidBuuSaga	kb034	034	1	U		Hero	(2)	(10) 1,200,000 | (9) 1,190,000 | (8) 1,180,000 | (7) 1,170,000 | (6) 1,160,000 | (5) 1,150,000 | (4) 1,140,000 | (3) 1,130,000 | (2) 1,120,000 | (1) 1,110,000 | (0) 0000	Energy attack doing 6 life cards of damage. If you have "The Car" in play, this attack cannot be stopped.
Black Bicycle Kick	KidBuuSaga	kb035	035		U	Black	Physical Combat			Physical attack doing +4 power stages of damage. Empower 2. If successful, look at your opponent's hand and discard any Non-Combat cards in his hand.
Black Buffer Block	KidBuuSaga	kb036	036		U	Black	Physical Combat			Stops a physical or energy attack. Search your discard pile for a card that discards a card from your opponent's hand and draw it into your hand. Remove from the game after use.
Black Impressive Slap	KidBuuSaga	kb037	037		U	Black	Physical Combat			Endurance 3. Focused physical attack doing +3 power stages of damage. If Namek Dragon Ball 4 is in play, your opponent must discard 2 cards from his hand.
Black Swivel Kick	KidBuuSaga	kb038	038		U	Black	Physical Combat			Physical attack doing +3 power stages of damage. Your opponent must remove from the game 1 non-Dragon Ball card in his hand. If your opponent has only Dragon Balls in his hand, he must show you his hand but no cards are removed from the game.
Blue Alliance	KidBuuSaga	kb039	039		U	Blue	Energy Combat			Energy attack doing 5 life cards of damage. Empower 3. If you have an Ally in play, discard one of your opponent's Drills in play. If performed by an Ally, this attack is focused.
Blue Deviation Drill	KidBuuSaga	kb040	040		U	Blue	Non-Combat			Sensei Deck. Prevent 2 power stages of damage from your opponent's attacks. If your opponent declared a Saiyan Tokui-Waza, prevent 4 power stages of damage instead.
Blue Dakaio Blast	KidBuuSaga	kb041	041		U	Blue	Energy Combat			Endurance 1. Energy attack doing 1 life card of damage for each Non-Combat/Non-Drill card you have in play. Stops an energy attack during your opponent's next Attacker Attacks phase. Raise your anger 1 level.
Blue Face Crunch	KidBuuSaga	kb042	042		U	Blue	Physical Combat			Physical attack doing +5 power stages of damage. Gain 3 power stages. Look at your opponent's hand.
Blue Impulse	KidBuuSaga	kb043	043		U	Blue	Energy Combat			Focused energy attack doing 5 life cards of damage or stops an energy attack. Shuffle 1 card in your discard pile into your Life Deck for each level of your anger. If all the cards you shuffled in were Non-Combat cards, gain 3 power stages. Remove from the game after use.
Blue Villains Drill	KidBuuSaga	kb044	044		U	Blue	Non-Combat			Villains only. During your "Attacker Attacks" phase, you may discard one of your Non-Combat/Non-Drill cards in play to discard the top 3 cards of your opponent's Deck.
Bulma, the Wife (level 1)	KidBuuSaga	kb045	045	1	U		Hero	(1)	(10) 1,000,000 | (9) 900,000 | (8) 800,000 | (7) 700,000 | (6) 600,000 | (5) 500,000 | (4) 400,000 | (3) 300,000 | (2) 200,000 | (1) 100,000 | (0) 0000	(Constant Combat Power) When one of your Bulma Named cards leaves play, your opponent discards the top 4 cards of his Life Deck. Prevent 2 life cards of damage from your opponent's energy attacks.
CHARGE!	KidBuuSaga	kb046	046		U	Colorless	Physical Combat			Physical attack. Empower 5. This attack does +3 power stages of damage. Empower 4. Gain 4 power stages. Empower 3. Raise your anger 1 level. Empower 2. Lower your opponent's anger 3 levels. Empower 1. Shuffle any cards in your discard pile with "Charge" in the title into your Life Deck. Remove from the game after use.
Chi-Chi, The Grandmother (level 1)	KidBuuSaga	kb047	047	1	U		Hero	(1)	(10) 1,000,000 | (9) 900,000 | (8) 800,000 | (7) 700,000 | (6) 600,000 | (5) 500,000 | (4) 400,000 | (3) 300,000 | (2) 200,000 | (1) 100,000 | (0) 0000	(Constant Combat Power) Your Allies with Saiyan Heritage cannot be discarded or removed from the game. When you have 5 or more Allies in play at the beginning of your turn, advance Chi-Chi a personality level.
Earth's Demise	KidBuuSaga	kb048	049		U	Colorless	Combat			Remove from the game the current Battleground or Location in play. Discard up to 3 Allies in play.
Energy Lob	KidBuuSaga	kb049	049		U	Colorless	Energy Combat			Endurance 1. Energy attack. You may discard one of your Non-Combat cards in play to search your Life Deck for a Non-Combat card and place it into play. Remove from the game after use.
Goku's Setup Strike	KidBuuSaga	kb050	050		U	Named	Energy Combat			Saiyan Heritage only. Energy attack. If successful and your opponent can win by the Most Powerful Personality Victory, lower his Main Personality 2 personality levels. Remove from the game after use
Goku's Supreme Kamehameha	KidBuuSaga	kb051	051		U	Named	Energy Combat			(This card must be the first card you play during Combat.) Energy attack doing 1 power stage of damage for each Martial Arts Styled Card in your discard pile. Remove 15 Styled cards in your discard pile from the game. You cannot perform attacks for the remainder of Combat.
Hercule, the Everlasting World Champion (level 1)	KidBuuSaga	kb052	052	1	U		Hero	(1)	(10) 2,000,000 | (9) 1,900,000 | (8) 1,800,000 | (7) 1,700,000 | (6) 1,600,000 | (5) 1,500,000 | (4) 1,400,000 | (3) 1,300,000 | (2) 1,200,000 | (1) 137 | (0) 0000	(If this is your level 1 Main Personality, then at the beginning of the game name a personality. All of that personality's Named Cards are Hercule Named cards for the remainder of the game.) Constant Combat Power: Hercule can play and use "Villains only" cards.
Kid Trunks, Teenager (level 1)	KidBuuSaga	kb053	053	1	U		Hero	(3)	(10) 1,200,000 | (9) 1,170,000 | (8) 1,140,000 | (7) 1,110,000 | (6) 1,080,000 | (5) 1,050,000 | (4) 1,020,000 | (3) 990,000 | (2) 960,000 | (1) 930,000 | (0) 0000	(If this is one of your Main Personality levels, you may have Kid Trunks and/or Trunks personality levels for your higher personality levels. Only Kid Trunks cards are Named Card for this personality.) Energy attack doing 6 life cards of damage. Place the bottom 2 cards of your discard pile at the bottom of your Life Deck.
Krillin's Destructo Disk	KidBuuSaga	kb054	054		U	Named	Energy Combat			Energy attack. Empower 3. If performed by Krillin, discard one of your opponent's Non-Combat cards in play and this attack do an additional +1 power stages of damage for each power stage your opponent's Main Personality is above 0. Raise your anger 1 level.
Majin Buu, Kid Buu (level 2)	KidBuuSaga	kb055	055	2	U		Majin Villain	(3)	(10) 8,300,000 | (9) 8,200,000 | (8) 8,100,000 | (7) 8,000,000 | (6) 7,900,000 | (5) 7,800,000 | (4) 7,700,000 | (3) 7,600,000 | (2) 7,500,000 | (1) 7,400,000 | (0) 0000	Focused physical attack doing +4 power stages of damage. If successful, search your Life Deck for a Drill card and place it into play.
Majin Buu, Kid Buu (level 3)	KidBuuSaga	kb056	056	3	U		Majin Villain	(4)	(10) 9,600,000 | (9) 9,550,000 | (8) 9,500,000 | (7) 9,450,000 | (6) 9,400,000 | (5) 9,350,000 | (4) 9,300,000 | (3) 9,250,000 | (2) 9,200,000 | (1) 9,150,000 | (0) 0000	Focused physical attack doing +5 power stages of damage. If successful, during one of your "Attacker Attacks" phases this Combat you may remove any amount of cards from any one player's discard pile. For each card removed, gain 1 power stage.
Majin Buu's Backstabbing Kick	KidBuuSaga	kb057	057		U	Named	Physical Combat			Majin Buu only. Physical attack doing +5 power stages of damage. Lower your opponent's anger 2 levels. If successful, shuffle 4 Majin Buu Named cards in your discard pile into your Life Deck. Remove from the game after use.
Majin Dabura, the Redeemed (level 1)	KidBuuSaga	kb058	058	1	U		Hero	(2)	(10) 1,900,000 | (9) 1,800,000 | (8) 1,700,000 | (7) 1,600,000 | (6) 1,500,000 | (5) 1,400,000 | (4) 1,300,000 | (3) 1,200,000 | (2) 1,100,000 | (1) 1,000,000 | (0) 0000	(Constant Combat Power) Any power stages of damage your focused attacks would deal are life cards of damage instead. All of your physical attacks cost +2 power stages to perform.
Massacre of the Billions and Millions of Bountiful Mini Bitty Maleciously Baneful Majin Buus	KidBuuSaga	kb059	059		U	Colorless	Combat			Discard all cards in your hand. For the remainder of Combat, all attacks performed by your Allies are focused attacks. For the remainder of Combat, if your opponent stops an attack performed by a Majin Personality, he must discard the top card of his Life Deck. Remove from the game after use.
Masterful Moves	KidBuuSaga	kb060	060		U	Colorless	Combat			If your anger level is 4, discard all of your opponent's Non-Combat cards in play.
Orange Carnage	KidBuuSaga	kb061	061		U	Orange	Physical Combat			Endurance 2. Focused physical attack doing +3 power stages of damage. If successful, discard up to 4 of your opponent's Allies in play. Lower your opponent's anger 2 levels.  
Orange Gutter Swipe	KidBuuSaga	kb062	062		U	Orange	Physical Combat			Focused physical attack doing +2 power stages of damage. Empower 4. If you perform a physical attack that uses the Physical Attack Table in your next "Attacker Attacks" phase, the Base Damage of that physical attack is 6.
Orange Might	KidBuuSaga	kb063	063		U	Orange	Energy Combat			Focused energy attack. For the remainder of Combat, you may discard a card from your hand during your "Attacker Attacks" phase to perform either a physical attack doing +3 power stages of damage or an energy attack doing 5 life cards of damage.
Orange Obliteration	KidBuuSaga	kb064	064		U	Orange	Energy Combat			Energy attack. Empower 3. Discard up to 3 of your opponent's Drills in play. The next time you use Endurance this Combat, prevent the rest of the damage the attack would have dealt.
Orange Vegeta's Assault	KidBuuSaga	kb065	065		U	Orange	Physical Combat			Endurance 3. Physical attack doing +3 power stages of damage. For the remainder of Combat, you may discard one of your Drills during your "Attacker Attacks" phase to perform a physical attack doing +3 power stages of damage.
Pan, Granddaughter of Goku (level 1)	KidBuuSaga	kb066	066	1	U		Hero	(1)	(10) 1,000,000 | (9) 99,000 | (8) 98,000 | (7) 97,000 | (6) 96,000 | (5) 95,000 | (4) 94,000 | (3) 93,000 | (2) 92,000 | (1) 91,000 | (0) 0000	Shuffle 1 card in your discard pile into your Life Deck for each personality you have in play that has Saiyan Heritage.
Poof!	KidBuuSaga	kb067	067		U	Colorless	Combat			Majins only. For the remainder of Combat, your opponent's energy attacks cannot deal more life cards of damage than the amount of power stages the personality performing the attack is above 0. Remove from the game after use.
Power Headbutt	KidBuuSaga	kb068	068		U	Colorless	Physical Combat			Physical attack doing +4 power stages of damage. Discard the top card of your Life Deck. If the card you discarded has "Tokui-Waza" printed in the power box, this attack does an additional +6 power stages of damage. Lower your opponent's anger 2 levels.
Provoke Drill	KidBuuSaga	kb069	069		U	Colorless	Non-Combat			Your opponent cannot keep you from using your personality powers with card effects. If your opponent decides to skip the Combat Step during his Declare Step, he must discard the top card of his Life Deck.
Quick Teleportation Drill	KidBuuSaga	kb070	070		U	Colorless	Non-Combat			Instead of drawing 3 cards during the "Defender Draws 3 Cards" Phase, you may draw an amount of cards equal to your Main Personality's current personality level.
Recoome's Vogue Drill	KidBuuSaga	kb071	071		U	Colorless	Non-Combat			Your opponent's card effects cannot discard or remove cards from the top of your Life Deck unless it is damage. You do not discard cards from the top of your Life Deck from personality powers.
Red Aerial Force	KidBuuSaga	kb072	072		U	Red	Physical Combat			Focused physical attack doing +4 power stages of damage. Remove from the game 3 random cards in your opponent's Sensei Deck. If your opponent has a Sensei card but no cards in his Sensei Deck, your opponent discards the top 8 cards of his Life Deck. Raise your anger 1 level.
Red Annihilation	KidBuuSaga	kb073	073		U	Red	Physical Combat			Physical attack doing +4 power stages of damage. If you declared a Tokui-Waza and your opponent has a Sensei Deck, you may place your opponent's Non-Combat or Ally cards in play into his Sensei Deck one at a time until he either has no more Non-Combat and Ally cards in play or until his Sensei Deck has reached its maximum size (whichever happens first).
Red Clap	KidBuuSaga	kb074	074		U	Red	Physical Combat			Endurance 2. Stops an energy attack. Remove from the game 3 random cards from your opponent's Sensei Deck. Lower your opponent's anger 1 level. If this card stopped a focused attack, it stays on the table to be used one more time this Combat. Remove from the game after use.
Red Elbow Drop	KidBuuSaga	kb075	075		U	Red	Physical Combat			Physical attack doing +4 power stages of damage. Raise your anger 1 level. Empower 2.Search your opponent's Life Deck for up to 2 Sensei Deck only cards and discard them.
Red Power Slam	KidBuuSaga	kb076	076		U	Red	Combat			Endurance 2. If your opponent has a Sensei Deck, look and chose one card in his Sensei Deck and play it during this "Attacker Attacks" phase. If it is a Non-Combat or Dragon Ball, you may place that card into play. (The card goes back to the owner once it leaves play.)
Red Sword Cleave	KidBuuSaga	kb077	077		U	Red	Physical Combat			Endurance 2. Physical attack doing +4 power stages of damage. If you declared a Tokui-Waza, for the remainder of Combat any Red Style attacks you perform with cards from your hand are considered to have "Sword" in the title until they are resolved. Raise your anger 1 level. Lower your opponent's anger 1 level.
Red Thunder Clap	KidBuuSaga	kb078	078		U	Red	Physical Combat			Focused physical attack doing +3 power stages of damage. Attach this card to one of your Red Style cards in play that adds damage to your attacks but does not have a copy of "Red Thunder Clap" attached already. While attached, double the amount of additional damage the attached card would give you.
Saiyan Brace	KidBuuSaga	kb079	079		U	Saiyan	Energy Combat			Stops a physical or energy attack. Raise your anger 1 level. You may search your Life Deck for "Saiyan Truce Card" and place it into your hand. Remove from the game after use.
Saiyan Desperation	KidBuuSaga	kb080	080		U	Saiyan	Energy Combat			Endurance 4. Energy attack doing 5 life cards of damage. For the remainder of Combat, any of your Saiyan Style attacks that have Empower are focused attacks. Raise your anger 1 level.
Saiyan Energy Bullet	KidBuuSaga	kb081	081		U	Saiyan	Energy Combat			Energy attack. Raise your anger 1 level. Empower 4. For the remainder of Combat, any life cards of damage your attacks deal are removed from the game instead of discarded and cannot be prevented.
Saiyan Jeering Drill	KidBuuSaga	kb082	082		U	Saiyan	Non-Combat			Sensei Deck. Your opponent's attacks cost an additional +1 power stages to perform. If your opponent declared a Namekian Tokui-Waza, his attacks cost +2 power stages instead.
Saiyan Youth Bruise	KidBuuSaga	kb083	083		U	Saiyan	Energy Combat			Endurance 2. Physical attack doing +4 power stages of damage. Shuffle 3 Saiyan Style cards in your discard pile into your Life Deck. Remove from the game after use.
Ultimate Defense	KidBuuSaga	kb084	084		U	Colorless	Physical Combat			(When your opponent uses a card effect besides damage that makes you discard or remove from the game the top cards of your Life Deck, you may discard this card from your hand to reduce the amount of cards by 10, to a minimum of 0.) Stops a physical or energy attack. You may discard a card from your hand to have this card be able to stop a focused attack.
Ultra Uppercut	KidBuuSaga	kb085	085		U	Colorless	Physical Combat			Focused physical attack doing +3 power stages of damage and +3 life cards of damage. If successful, end Combat.
Uub (level 1)	KidBuuSaga	kb086	086	1	U		Hero	(1)	(10) 1,300,000 | (9) 1,200,000 | (8) 1,100,000 | (7) 1,000,000 | (6) 900,000 | (5) 800,000 | (4) 700,000 | (3) 600,000 | (2) 500,000 | (1) 400,000 | (0) 0000	(Constant Combat Power) Your attacks do +1 power stages of damage. All life cards of damage from attacks you perform are removed from the game instead of discarded (your opponent can still use the Endurance on those cards).
Uub, the Quick Learner (level 2)	KidBuuSaga	kb087	087	2	U		Hero	(3)	(10) 3,000,000 | (9) 2,800,000 | (8) 2,600,000 | (7) 2,400,000 | (6) 2,200,000 | (5) 2,000,000 | (4) 1,800,000 | (3) 1,600,000 | (2) 1,400,000 | (1) 1,200,000 | (0) 0000	(Constant Combat Power) All life cards of damage from attacks you perform are removed from the game instead of discarded. Your opponent cannot use Endurance. All power stage costs for your cards are reduced by 1, to a minimum of 0.
Vegeta's Ill Temper	KidBuuSaga	kb088	088		U	Named	Non-Combat			Vegeta only. Choose 3 Vegeta Named cards that are removed from the game and shuffle them into your Life Deck.
Videl, the Heroic (level 1)	KidBuuSaga	kb089	089	1	U		Hero	(2)	(10) 32,000 | (9) 31,000 | (8) 30,000 | (7) 29,000 | (6) 28,000 | (5) 27,000 | (4) 26,000 | (3) 25,000 | (2) 24,000 | (1) 23,000 | (0) 0000	(Constant Combat Power) If you declared a Tokui-Waza, any attacks you perform against Majins are focused attacks. Your Gohan may take control of Combat for Videl, even if Videl is higher than 1 power stage above 0.
Welcome Home Drill	KidBuuSaga	kb090	090		U	Colorless	Non-Combat			When you place an Ally into play, your opponent discards the top card of his Life Deck.
Yajirobe, Retired (level 1)	KidBuuSaga	kb091	091	1	U		Hero	(0)	(10) 1,000 | (9) 900 | (8) 800 | (7) 700 | (6) 600 | (5) 500 | (4) 400 | (3) 300 | (2) 200 | (1) 100 | (0) 0000	Choose a Non-Combat/Non-Drill card in your discard pile that is not limit 1 per deck or restricted and place it into play.
Yamcha, the Single (level 2)	KidBuuSaga	kb092	092	2	U		Hero	(3)	(10) 1,500,000 | (9) 1,400,000 | (8) 1,300,000 | (7) 1,200,000 | (6) 1,100,000 | (5) 1,000,000 | (4) 900,000 | (3) 800,000 | (2) 700,000 | (1) 600,000 | (0) 0000	Focused energy attack doing 5 life cards of damage. If successful, discard one of your opponent's Allies or Drills in play.
Alt. Namek Dragon Ball 6	KidBuuSaga	kb093	093		R		Dragon Ball			Raise your anger 2 levels. Discard a Non-Combat card in play. While you control this Dragon Ball, your opponent cannot use the power of his Sensei Card.
Alt. Namek Dragon Ball 7	KidBuuSaga	kb094	094		R		Dragon Ball			While you control this Dragon Ball and you declared a Tokui-Waza, your opponent cannot use his Mastery Card.
Black Chaos Detonation	KidBuuSaga	kb095	095		R	Black	Energy Combat			Energy attack. Costs 3 power stages to perform. If successful, your opponent discards 2 cards from his hand.
Black Disarray Drill	KidBuuSaga	kb096	096		R	Black	Non-Combat			Sensei Deck only. When your opponent would discard card(s) from his hand because of card effects, the cards are discarded at random instead.
Black Drop Kick	KidBuuSaga	kb097	097		R	Black	Physical Combat			Focused physical attack doing +3 power stages of damage. If successful, your opponent must discard cards from his hand until he only has 2 or fewer cards in his hand.
Black Swerve	KidBuuSaga	kb098	098		R	Black	Physical Combat			Physical attack doing +3 power stages of damage. Empower 3. Choose up to 2 of your opponent's Non-Combat cards in play and search your opponent's life deck for all copies of the chosen cards and remove them from the game. Remove from the game after use.
Blue Reverse	KidBuuSaga	kb099	099		R	Blue	Physical Combat			Endurance 3. If your opponent has performed an attack this Combat, perform a copy of the previous attack your opponent performed this Combat. For the remainder of Combat, any attacks that you perform that are copied from your opponent's attacks (including the attack from this card) do +2 life cards of damage.
Fond Memories	KidBuuSaga	kb100	100		R	Colorless	Non-Combat			Place a Non-Dragon Ball card in your Removed From the Game pile on the bottom of your Life Deck. Limit 1 per deck. Remove from the game after use.
Gohan, The Bookwork (level 1)	KidBuuSaga	kb101	101	1	R		Hero	(2)	(10) 1,500,000 | (9) 1,425,000 | (8) 1,350,000 | (7) 1,275,000 | (6) 1,200,000 | (5) 1,125,000 | (4) 1,050,000 | (3) 975,000 | (2) 900,000 | (1) 825,000 | (0) 0000	When entering Combat, search the top 12 cards of your Life Deck for a Gohan Named card and place it into your hand. Shuffle the remaining cards back into your Life Deck. Afterwards, remove 3 cards in your opponent's discard pile from the game.
Goku Sensei	KidBuuSaga	kb102	102		R		Sensei			(Deck Size: 10) You cannot win by the Most Powerful Personality Victory. Your opponent cannot use card effects to lower your Main Personality to other personality levels. Your opponent cannot keep you from raising your anger. Your opponent cannot lower your anger. Your opponent cannot reduce the amount of anger levels you would raise from a card. Your opponent's "Winter Countryside" does not affect your anger.
Hercule's Dream Sequence	KidBuuSaga	kb103	103		R	Named	Non-Combat			Stops a physical or energy attack. For the remainder of Combat, during your "Defender Defends" phase if your opponent's Main Personality's current power rating is three or more times higher than your Main Personality's current power raiting, stop the physical or energy attack. Remove from the game after use. Limit 2 per deck.
King Kai, Earth's Mentor (level 1)	KidBuuSaga	kb104	104	1	R		Hero	(2)	(10) Z | (9) Z | (8) Z | (7) Z | (6) Z | (5) Z | (4) Z | (3) Z | (2) Z | (1) Z | (0) 0000	Energy attack doing 5 life cards of damage. Costs 1 power stage to perform. If successful and your opponent has more than 2 cards in his hand, he discards down to 2 cards in his hand.
Kid Buu, Majin Buu (level 4)	KidBuuSaga	kb105	105	4	R		Majin Villain	(6)	(10) 11,200,000 | (9) 11,175,000 | (8) 11,150,000 | (7) 11,125,000 | (6) 11,100,000 | (5) 11,075,000 | (4) 11,050,000 | (3) 11,025,000 | (2) 11,000,000 | (1) 10,999,999 | (0) 0000	Focused energy attack doing +X power stages of damage, where X = the Base Damage from the Physical Attack Table. Costs 0 power stages to perform. Lower your opponent's anger 2 levels.
Kid Buu, Majin Buu (level 5)	KidBuuSaga	kb106	106	5	R		Majin Villain	(8)	(10) 15,000,000 | (9) 14,250,000 | (8) 13,500,00 | (7) 12,750,000 | (6) 12,000,000 | (5) 11,250,000 | (4) 10,500,000 | (3) 9,750,000 | (2) 9,000,000 | (1) 8,250,000 | (0) 0000	(Constant Combat Power) The first attack you perform each Combat with a Martial Arts Styled card cannot be stopped.  
Kid Buu's Prepped Crash	KidBuuSaga	kb107	107		R	Named	Energy Combat			Focused energy attack. Empower 2. If successful, choose a player and remove his discard pile from the game. Raise your anger 1 level.
Orange Head Mash	KidBuuSaga	kb108	108		R	Orange	Physical Combat			Physical attack doing +3 power stages of damage. Empower 4. For the remainder of Combat, when you use Endurance your opponent discards the top card of his Life Deck.
Orange Intense Power	KidBuuSaga	kb109	109		R	Orange	Energy Combat			Energy attack doing 6 life cards of damage. Costs 4 power stages to perform. You may choose to search your Life Deck for a Sensei Deck only card, show it to your opponent, and place it into your hand or you may choose to make this a focused attack. Raise your anger 1 level.
Orange Ki Assailment	KidBuuSaga	kb110	110		R	Orange	Energy Combat			Endurance 2. Focused energy attack doing 6 life cards of damage. If your opponent's personality that is in contol of Combat has more power stages above 0 than yours, lower your opponent's personality in control of Combat to the same amount of power stages above 0 as the personality performing this attack.
Orange Massacre	KidBuuSaga	kb111	111		R	Orange	Physical Combat			Endurance 2. Physical attack doing +4 power stages of damage. For the remainder of Combat, damage from your attacks cannot be prevented. Empower 2. If successful, remove from the game all Freestyle Drills in play.
Red Axe Heel Kick	KidBuuSaga	kb112	112		R	Red	Physical Combat			Physical attack doing +6 power stages of damage. Raise your anger 1 level. Choose a Red Style attack in your discard pile except "Red Axe Heel Kick" and place it into your hand. Remove from the game after use.
Red Hunger Drill	KidBuuSaga	kb113	113		R	Red	Non-Combat			You do not take damage from attacks with a Base Damage of 0. When you perform an attack, remove a card in your opponent's Sensei Deck from the game.
Red Left Bolt	KidBuuSaga	kb114	114		R	Red	Energy Combat			Endurance 2. Energy attack doing 6 life cards of damage. Damage from this attack is removed from the game instead of discarded. Draw the bottom card of your Life Deck. Remove from the game after use.
Red Voltage Missile	KidBuuSaga	kb115	115		R	Red	Energy Combat			Energy attack. Raise your anger 1 level. For the remainder of Combat, all of your other Red Style energy attacks that do not stay on the table to be used again this Combat stays on the table to be used 1 more time this Combat and gain "Remove from the game after use." Remove from the game after use.
Saiyan Acute Rapid Slam	KidBuuSaga	kb116	116		R	Saiyan	Physical Combat			Focused physical attack doing +5 power stages of damage. For the remainder of Combat, when you use a Saiyan Style card to perform an attack, it is placed on the bottom of your Life Deck after use instead of being discarded or removed.
Saiyan Beef	KidBuuSaga	kb117	117		R	Saiyan	Physical Combat			Physical attack doing +3 power stages of damage. Empower 2. Your opponent's personalities cannot gain power stages until the end of your next turn. Remove from the game after use.
Saiyan Handstand	KidBuuSaga	kb118	118		R	Saiyan	Physical Combat			Endurance 2. Physical attack doing +5 power stages of damage. If successful, raise your anger 1 level for each Dragon Ball you control.
Saiyan Lurch	KidBuuSaga	kb119	119		R	Saiyan	Physical Combat			Focused physical attack doing +3 power stages of damage. Search your Life Deck for a Saiyan Style Drill and place it into play. If successful, your opponent's Main Personality's PUR is set to 0 until the end of his next turn and cannot be modified by other effects.
Intense Observation Drill	KidBuuSaga	kb120	120		R	Colorless	Non-Combat			All PUR's gain +2. It takes only 1 life card of damage to capture a Dragon Ball instead of 5. This effect overwrites any effect that changes the life cards of damage needed to capture a Dragon Ball. You can only have 1 copy of this Drill in play at a time.
Uub, Enraged (level 3)	KidBuuSaga	kb121	121	3	R		Hero	(5)	(10) 4,000,000 | (9) 3,750,000 | (8) 3,500,000 | (7) 3,250,000 | (6) 3,000,000 | (5) 2,750,000 | (4) 2,500,000 | (3) 2,250,000 | (2) 2,000,000 | (1) 1,750,000 | (0) 0000	(Constant Combat Power) All life cards of damage from attacks you perform are removed from the game instead of discarded. Your opponent cannot use Endurance. All of your attacks do +3 life cards of damage. All power stage costs for your cards are reduced by 1, to a minimum of 0. All of your styled attacks are focused.
Vegeta, Settled Down (level 2)	KidBuuSaga	kb122	122	2	R		Hero	(3)	(10) 2,700,000 | (9) 2,600,000 | (8) 2,500,000 | (7) 2,400,000 | (6) 2,300,000 | (5) 2,200,000 | (4) 2,100,000 | (3) 2,000,000 | (2) 1,900,000 | (1) 1,800,000 | (0) 0000	(Constant Combat Power) Your opponent cannot play and use Combat cards. All of your attacks do +2 life cards of damage.
Vile Energy	KidBuuSaga	kb123	123		R	Colorless	Combat			Energy attack. If your opponent has more Drills in play than you, you may search your Life Deck for Drills and place them into play until you have the same amount of Drills in play as your opponent or until you have no more Drills in your Life Deck that you can legally play (whichever happens first). Limit 1 per deck.
Earth's Spirit Bomb	KidBuuSaga	kb124	124		UR	Colorless	Energy Combat			(You cannot Swap this card out of your Sensei Deck at the beginning of the game.) Sensei Deck only. Your opponent removes from the game the top card of his Life Deck for each power stage your Allies are above 0. Remove your Allies in play from the game.
Piccolo Sensei	KidBuuSaga	kb125	125		UR		Sensei			(Deck Size: 6) When you swap cards from your Sensei Deck before the beginning of the game, search your Life Deck for the cards that will be swapped instead of taking them from the top of your Life Deck.
Trunks' Aerial Kick	KidBuuSaga	kbpreview1	Preview 1		C	Named	Physical Combat			Physical attack doing 7 power stages of damage. If used by Trunks gain 5 power stages and if successful, capture a Dragon Ball.
Pan's Right Blast	KidBuuSaga	kbpreview2	Preview 2		C	Named	Energy Combat			Energy attack doing 5 life cards of damage. Empower 2. Raise your anger 1 level. Lower your opponent's anger 3 levels.
Uub's Energy Drill	KidBuuSaga	kbpreview3	Preview 3		U	Named	Non-Combat			Your energy attacks do an additional +X life cards of damage, where X is the PUR of the personality performing the attack. Limit 1 per deck.
Super Saiyan Setup	KidBuuSaga	kbpreview4	Preview 4		U	Colorless	Non-Combat			Draw a card.
Goku, Young Again (level 1)	KidBuuSaga	kbpreview5	Preview 5	1	R		Hero	(2)	(10) 1,900,000 | (9) 1,850,000 | (8) 1,800,000 | (7) 1,750,000 | (6) 1,700,000 | (5) 1,650,000 | (4) 1,600,000 | (3) 1,550,000 | (2) 1,500,000 | (1) 1,450,000 | (0) 0000	When entering Combat, search your Life Deck for a Saiyan Heritage only card and place it into your hand.
The Might of Shenron	KidBuuSaga	kbpreview6	Preview 6		R	Colorless	Combat			Your opponent discards the top card of his Life Deck for each Earth Dragon Ball you control. Remove from the game after use.
Ohhhhhhhhhhhh YEAH!	BojackUnbound	bo1	001		P	Colorless	Combat			(You may choose to play and use this card during your "Defender Defends" phase.) Endurance 2. Your opponent's energy attacks do a maximum of 2 life cards of damage for the remainder of Combat. Reveal the top 3 cards of your Life Deck. Your opponent chooses one of those cards to go into your hand, and the other revealed cards are removed from the game. Remove from the game after use.
Krillin's Smoothness Drill	BojackUnbound	bo2	002		P	Named	Non-Combat			Your Krillin Named cards that perform attacks do +1 power stages of damage for each other Krillin Named card in play.
Trunks, the Weaponmaster (level 1)	BojackUnbound	bo3	003	1	P		Hero	(2)	(10) 1,300,000 | (9) 1,250,000 | (8) 1,200,00 | (7) 1,150,000 | (6) 1,100,000 | (5) 1,050,000 | (4) 1,000,000 | (3) 950,000 | (2) 900,000 | (1) 850,000 | (0) 0000	When entering Combat, search the top 8 cards of your Life Deck for a card with "Sword" and/or "Swordplay" in the title and place it into your hand. Shuffle the rest of the cards back into your Life Deck. If you searched for a card with "Swordplay" in the title, you may place it into play instead.
Kogu (level 1)	BojackUnbound	bo4	004	1	P		Villain	(1)	(10) 1,450,000 | (9) 1,375,000 | (8) 1,300,000 | (7) 1,225,000 | (6) 1,150,000 | (5) 1,075,000 | (4) 1,000,000 | (3) 925,000 | (2) 850,000 | (1) 775,000 | (0) 0000	Physical attack doing +5 power stages of damage. If successful, your opponent discards a card from his hand.
Zangya (level 1)	BojackUnbound	bo5	005	1	P		Villain	(1)	(10) 1,400,000 | (9) 1,380,000 | (8) 1,360,000 | (7) 1,340,000 | (6) 1,320,000 | (5) 1,300,000 | (4) 1,280,000 | (3) 1,260,000 | (2) 1,240,000 | (1) 1,220,000 | (0) 0000	Energy attack doing 6 life cards of damage. If successful, discard one of your opponent's Allies in play.
Bujin (level 1)	BojackUnbound	bo6	006	1	P		Villain	(1)	(10) 1,350,000 | (9) 1,325,000 | (8) 1,300,000 | (7) 1,275,000 | (6) 1,250,000 | (5) 1,225,000 | (4) 1,200,000 | (3) 1,175,000 | (2) 1,150,000 | (1) 1,125,000 | (0) 0000	Energy attack doing 6 life cards of damage. If successful, you may discard a card from your hand to choose either Physical Combat, Energy Combat, or Combat cards. For the remainder of Combat, your opponent cannot use that card type unless his Main Personality is 5 power stages above 0 or higher.
Bido (level 1)	BojackUnbound	bo7	007	1	P		Villain	(1)	(10) 1,800,000 | (9) 1,700,000 | (8) 1,600,000 | (7) 1,500,000 | (6) 1,400,000 | (5) 1,300,000 | (4) 1,200,000 | (3) 1,100,000 | (2) 1,000,000 | (1) 900,000 | (0) 0000	Physical attack doing +5 power stages of damage. If successful, discard one of your opponent's Drills in play.
Bojack (level 1)	BojackUnbound	bo8	008	1	P		Villain	(2)	(10) 1,900,000 | (9) 1,850,000 | (8) 1,800,000 | (7) 1,750,000 | (6) 1,700,000 | (5) 1,650,000 | (4) 1,600,000 | (3) 1,550,000 | (2) 1,500,000 | (1) 1,450,000 | (0) 0000	(Constant Combat Power: If Bojack is your Main Personality, your Allies can use this Constant Combat Power.) Personalities with the Bojack Unbound Subset Symbol can take control of Combat, even if this personality is 2 stages above 0 or higher. All of your attacks do +1 power stages of damage for each Ally in play with the Bojack Unbound Subset Symbol.
Bojack, the Villainous (level 2)	BojackUnbound	bo9	009	2	P		Villain	(3)	(10) 2,900,000 | (9) 2,800,000 | (8) 2,700,000 | (7) 2,600,000 | (6) 2,500,000 | (5) 2,400,000 | (4) 2,300,000 | (3) 2,200,000 | (2) 2,100,000 | (1) 2,000,000 | (0) 0000	(Constant Combat Power: If Bojack is your Main Personality, your Allies can use this Constant Combat Power.) Personalities with the Bojack Unbound Subset Symbol can take control of Combat, even if this personality is 2 stages above 0 or higher. All of your attacks do +3 power stages of damage, and life cards of damage from the attacks are removed from the game instead of discarded.
Bojack, the Notorious (level 3)	BojackUnbound	bo10	010	3	P		Villain	(5)	(10) 4,000,000 | (9) 3,900,000 | (8) 3,800,000 | (7) 3,700,000 | (6) 3,600,000 | (5) 3,500,000 | (4) 3,400,000 | (3) 3,300,000 | (2) 3,200,000 | (1) 3,100,000 | (0) 0000	(Constant Combat Power: If Bojack is your Main Personal, your Allies may use this Constant Combat Power.) Personalities with the Bojack Unbound Subset Symbol can take control of Combat, even if this personality is 2 power stages above 0 or higher. Any attacks performed by personalities with the Bojack Unbound Subset Symbol are focused attacks.
The Sword of Trunks	BojackUnbound	bo11	011		P	Colorless	Non-Combat			Attach to your Main Personality. While attached, any attacks performed by cards with "Sword" in the title do +3 life cards of damage, and any damage from those attacks are removed from the game instead of discarded. You can only have one "The Sword of Trunks" attached at a time.
Snake Way	BojackUnbound	bo12	012		P	Colorless	Location			When a player puts an Ally into play, his opponent discards the top card of his Life Deck. Allies placed into play start at 6 power stages above 0 unless another card effect says otherwise.
Saiyan Outburst	BojackUnbound	bo13	013		P	Saiyan	Physical Combat			Sensei Deck. Physical attack doing +4 power stages of damage. Empower 2. If you declared a Tokui-Waza and your opponent declared a Black Tokui-Waza, for the remainder of Combat, when your opponent uses non-damage card effects to discard or remove from the game any of your cards, he discards the top 3 cards of his Life Deck.
Vegeta's Elbow Slam	BojackUnbound	bo14	014		P	Named	Physical Combat			Sensei Deck. Endurance 3. Physical attack. If you declared a Freestyle Tokui-Waza and your opponent declared a Red Tokui-Waza, lower your opponent's Main Personality 1 personality level, and he cannot raise his anger for the remainder of the turn.
Orange Brick Breaker	BojackUnbound	bo15	015		P	Orange	Physical Combat			Sensei Deck. Physical attack doing +3 power stages of damage. If you declared a Tokui-Waza and your opponent declared a Saiyan Tokui-Waza, for the remainder of Combat, you take a maximum of 3 power stages of damage from your opponent's attacks.
Red Plasma Catapult	BojackUnbound	bo16	016		P	Red	Energy Combat			Sensei Deck. Energy attack doing 6 life cards of damage. Empower 2. If you declared a Tokui-Waza and your opponent declared an Orange Tokui-Waza, remove from the game one of your opponent's Non-Combat cards in play, and remove from the game all cards in your opponent's Sensei Deck.
Black Eradication	BojackUnbound	bo17	017		P	Black	Physical Combat			Sensei Deck. Physical attack doing +4 power stages of damage. If successful and your opponent declared a Freestyle Tokui-Waza, your opponent discards all cards in his hand. Remove from the game after use.
Master Roshi's Gawking Drill	BojackUnbound	bo18	018		P	Named	Non-Combat			All of your attacks do +1 power stages of damage. When you perform an attack, remove a card in your opponent's discard pile from the game.
Bulma and Chi-chi's Stare Off	BojackUnbound	bo19	019		P	Named	Combat			At the end of this Combat Step, the Main Personality that has the most power stages above 0 raises his anger 2 levels (if there is a tie, nobody raises his anger.) If used by Chi-Chi or Bulma, you cannot win by the MPP victory for the remainder of the game and you advance your Main Personality 1 personality level. Remove from the game after use.
Tien's Focused Beam	BojackUnbound	bo20	020		P	Named	Energy Combat			Energy attack.  Lower your opponent's anger 1 level. If performed by Tien, you may remove from the game 4 Tien Named cards in your discard pile to place this card into your hand after use.
Trunks Back Bash	BojackUnbound	bo21	021		P	Named	Physical Combat			Endurance 2. Physical attack doing +4 power stages of damage. Raise your anger 1 level. If used by Trunks and you stopped an opponent's attack during his previous "Attacker Attacks" phase, your opponent must pass during his next "Attacker Attacks" phase.
Zangya's Leaping Rush Down	BojackUnbound	bo22	022		P	Named	Physical Combat			Focused physical attack doing +4 power stages of damage. If used by Zangya, for the remainder of Combat your opponent's Allies cannot take control of Combat and cannot have damage redirected to them. If successful, search your Life Deck for an Ally and place it into play at 4 power stages above 0.
Kogu's Dual Strike	BojackUnbound	bo23	023		P	Named	Physical Combat			Focused physical attack doing +4 power stages of damage. If used by Kogu, this card can stop a physical attack instead. If used by Kogu, your opponent discards a card from his hand. If successful, search your Life Deck for an Ally and place it into play at 4 power stages above 0.
Trunks' Deadly Impact	BojackUnbound	bo24	024		P	Named	Physical Combat			Focused physical attack doing +4 power stages of damage. Raise your anger 1 level. You may discard any cards that perform attacks from your hand to add the damage modifier from those attacks to this attack.
Heroic Power Shot	BojackUnbound	bo25	025		P	Colorless	Energy Combat			Heroes only. Focused energy attack doing +1 life cards of damage for each card in your discard pile with "Heroic" in the title. If your opponent's Main Personality is a Villain, you may discard a Non-Combat card in play.
Triple Torpedo	BojackUnbound	bo26	026		P	Colorless	Energy Combat			Endurance 2. Energy attack doing +2 life cards of damage for each Ally in play with the Bojack Unbound Subset Symbol. Raise your anger 1 level. This card stays on the table to be used 1 more time by an Ally with the Bojack Unbound Subset Symbol. Remove from the game after use.
Bojack's Overhead Toss	BojackUnbound	bo27	027		P	Named	Energy Combat			Energy attack doing 6 life cards of damage. Lower your opponent's anger 3 levels. If used by Bojack and your opponent has 5 or more Non-Combat cards in play, your opponent discards his Non-Combat cards one at a time until he has 4 Non-Combat cards in play.
Bojack's Left Palm Charge	BojackUnbound	bo28	028		P	Named	Energy Combat			Energy attack doing 5 life cards of damage. If successful, attach this card to one of your personalities. While attached, any energy attacks the attached personality performs do +2 life cards of damage.
Bojack's Defensive Shield	BojackUnbound	bo29	029		P	Named	Energy Combat			Bojack only. Stops an energy attack. Stops all of your opponent's energy attacks for the remainder of Combat. Remove from the game after use.
Zangya's Entrapping Strings	BojackUnbound	bo30	030		P	Named	Energy Combat			(You may use this card when entering Combat.) If your Main Personality and at least 2 of your Allies have the Bojack Unbound Subset Symbol, your opponent cannot use powers and Constant Combat Powers for the remainder of this turn. Shuffle 2 cards in your discard pile into your Life Deck. Remove from the game after use.
Gohan's Obliteration	BojackUnbound	bo31	031		P	Named	Physical Combat			Physical attack doing +5 power stages of damage. If an Ally takes damage from this attack, remove that Ally from the game after the damage is dealt. If successful, choose up to 3 of your opponent's Drills in play. Your opponent cannot use those Drills until the beginning of your next turn. Remove from the game after use.
Power Overwhelming	BojackUnbound	bo32	032		P	Colorless	Physical Combat			Physical attack doing +8 power stages of damage. Gain 3 power stages. Damage from this attack is removed from the game instead of discarded.
Bojack's Extreme Assailment	BojackUnbound	bo33	033		P	Named	Energy Combat			Focused energy attack doing 5 life cards of damage. Set all player's anger levels to 2. If successful, you may shuffle any of your Allies that are removed from the game that have the Bojack Unbound Subset Symbol into your Life Deck. Remove from the game after use.
Bido's Charge	BojackUnbound	bo34	034		P	Named	Physical Combat			Physical attack doing +4 power stages of damage. If used by Bido, discard one of your opponent's Non-Combat cards in play and capture a Dragon Ball. If successful, search your Life Deck for an Ally and place it into play at 4 power stages above 0.
Bojack's Double-Palmed Blitz	BojackUnbound	bo35	035		P	Named	Energy Combat			Bojack only. Energy attack doing 6 life cards of damage. For the remainder of Combat, damage from your attacks cannot be prevented. If you have at least 2 Allies in play with the Bojack Unbound Subset Symbol, this card stays on the table to be used 1 more time this Combat. Remove from the game after use.
Empowered Kamehameha	BojackUnbound	bo36	036		P	Colorless	Energy Combat			Focused energy attack. Lower your opponent's anger 1 level. Empower 3. This attack does +1 life cards of damage for each card in your discard pile with "Kamehameha" in the title. If successful, shuffle up to 6 cards in your discard pile with "Kamehameha" in the title into your Life Deck.
Broly, the Gentle (level 1)	BrolySubset	b1	B1	1	P		Villain	(2)	(10) 340,000 | (9) 320,000 | (8) 300,000 | (7) 280,000 | (6) 260,000 | (5) 240,000 | (4) 220,000 | (3) 200,000 | (2) 180,000 | (1) 160,000 | (0) 0000	(Constant Combat Power) Whenever your anger level is raised, double the amount of anger you are raising.
Broly, the Electrified (level 2)	BrolySubset	b2	B2	2	P		Villain	(3)	(10) 2,800,000 | (9) 2,750,000 | (8) 2,700,000 | (7) 2,650,000 | (6) 2,600,000 | (5) 2,550,000 | (4) 2,500,000 | (3) 2,450,000 | (2) 2,400,000 | (1) 2,350,000 | (0) 0000	When entering Combat, search your Life Deck for a Saiyan Style card and place it into your hand.
Broly, the Ferocious (level 3)	BrolySubset	b3	B3	3	P		Villain	(4)	(10) 4,100,000 | (9) 4,000,000 | (8) 3,900,000 | (7) 3,800,000 | (6) 3,700,000 | (5) 3,600,000 | (4) 3,500,000 | (3) 3,400,000 | (2) 3,300,000 | (1) 3,200,000 | (0) 0000	 Physical attack doing +4 power stages of damage. For the remainder of Combat, all of your Saiyan Style attacks do +3 power stages of damage, damage from your Saiyan Style attacks cannot be prevented, and life cards of damage from Saiyan Style attacks are removed from the game after use instead of discarded.
Broly, the Unbeatable (level 4)	BrolySubset	b4	B4	4	P		Villain	(5)	(10) 5,300,000 | (9) 5,280,000 | (8) 5,260,000 | (7) 5,240,000 | (6) 5,220,000 | (5) 5,200,000 | (4) 5,180,000 | (3) 5,160,000 | (2) 5,140,000 | (1) 5,120,000 | (0) 0000	Physical attack doing +5 power stages of damage. This power may be used a second time this Combat. For the remainder of Combat, when your opponent plays a Combat card, he must remove the top 2 cards of his Life Deck from the game.
Majin Buu's Wail	KBPromo	kbp1	P1		P	Named	Energy Combat			Energy attack doing +2 life cards of damage for each card in your hand. Lower your opponent's anger 2 levels.
Vegeta's Outrage	KBPromo	kbp2	P2		P	Named	Non-Combat			Place a Non-Combat card from your hand into play.
Punishing Uppercut	KBPromo	kbp3	P3		P	Colorless	Physical Combat			Endurance 2. Physical attack doing +4 power stages of damage. Place the top 3 Martial Arts Styled cards in your discard pile at the top of your Life Deck. Remove from the game after use.
Sudden Impact	KBPromo	kbp5	P5		P	Colorless	Combat			Use when you perform a physical attack with a Martial Arts Styled card. This physical attack is now a focused attack. Raise your anger 1 level. 
Hercule's Amazing Techniques	KBPromo	kbp6	P6		P	Named	Combat			Search your Sensei Deck for a card that performs an attack and play it during this "Attacker Attacks" phase. Remove from the game after use.
Porunga's Approval	KBPromo	kbp7	P7		P	Colorless	Non-Combat			Shuffle 1 card in your discard pile into your Life Deck for each Namek Dragon Ball you have in play. Remove from the game after use. 
Uub's Crushing Dive	KBPromo	kbp8	P8		P	Named	Physical Combat			Endurance 2. Focused physical attack doing +3 power stages of damage. Empower 3. Raise your anger 1 level. Lower your opponent's anger 1 level. Discard an Ally in play. Gain 3 power stages. Place at the bottom of your Life Deck after use.
Master Roshi's Scouting Drill	KBPromo	kbp9	P9		P	Named	Non-Combat			If your Main Personality's current personality level is from the Saiyan Saga, any attacks from your Main Personality's power are unstoppable. Limit 1 per deck.
Majin Buu's Energy Detonation	KBPromo	kbp10	P10		P	Named	Energy Combat			Focused energy attack doing 7 life cards of damage. Lower your opponent's anger 1 level. If successful and your opponent used Endurance against this attack, shuffle this card into your Life Deck after use.
King Kai (level 1)	CCPP	cp1	CP1	1	P		Hero	(1)	(10) Z | (9) Z | (8) Z | (7) Z | (6) Z | (5) Z | (4) Z | (3) Z | (2) Z | (1) Z | (0) 0000	Physical attack doing +2 power stages of damage. If you declared a Black Tokui-Waza, gain 1 anger. 
King Kai (level 2)	CCPP	cp2	CP2	2	P		Hero	(2)	(10) Z | (9) Z | (8) Z | (7) Z | (6) Z | (5) Z | (4) Z | (3) Z | (2) Z | (1) Z | (0) 0000	Energy attack. If you have 3 or more anger, this attack costs 0 power stages to perform. If you declared a Black Tokui-Waza, you may stop a physical attack instead. 
King Kai (level 3)	CCPP	cp3	CP3	3	P		Hero	(3)	(10) Z | (9) Z | (8) Z | (7) Z | (6) Z | (5) Z | (4) Z | (3) Z | (2) Z | (1) Z | (0) 0000	Energy attack. If successful, you may look at the top 3 cards of your Life Deck, place one of them in your hand, and the other 2 back on top of your Life Deck. If you declared a Black Tokui-Waza, you may look at 5 cards instead of 3. 
Lord Slug (level 1)	CCPP	cp4	CP4	1	P		Villain	(2)	(10) 190,000 | (9) 180,000 | (8) 170,000 | (7) 160,000 | (6) 150,000 | (5) 140,000 | (4) 130,000 | (3) 120,000 | (2) 110,000 | (1) 100,000 | (0) 0000	If you control 3 Dragon Balls of the same set, gain a personality level. 
Lord Slug (level 2)	CCPP	cp5	CP5	2	P		Villain	(3)	(10) 250,000 | (9) 240,000 | (8) 230,000 | (7) 220,000 | (6) 210,000 | (5) 200,000 | (4) 190,000 | (3) 180,000 | (2) 170,000 | (1) 160,000 | (0) 0000	Physical Attack doing +2 power stages of damage. For each life card of damage this attack deals, gain 1 power stage. If you declared a Tokui-Waza, you may choose 1 card in your discard pile and shuffle it back into your Life Deck instead of gaining the power stages. 
Lord Slug (level 3)	CCPP	cp6	CP6	3	P		Villain	(4)	(10) 900,000 | (9) 850,000 | (8) 800,000 | (7) 750,000 | (6) 700,000 | (5) 650,000 | (4) 600,000 | (3) 550,000 | (2) 500,000 | (1) 450,000 | (0) 0000	(Constant Combat Power) Whenever a card tells you to put cards back into your Life Deck, you may put twice as many cards back into your Life Deck. If you declared a Namekian Tokui-Waza, all of your attacks do +2 power stages of damage. 
Master Roshi (level 1)	CCPP	cp7	CP7	1	P		Hero	(1)	(10) 190 | (9) 180 | (8) 170 | (7) 160 | (6) 150 | (5) 140 | (4) 130 | (3) 120 | (2) 110 | (1) 100 | (0) 0000	(Constant Combat Power) When entering Combat, look at the top 10 cards of your Life Deck and place them back in any order, and if you declared a Red Tokui-Waza, raise your anger 2 levels. 
Master Roshi (level 2)	CCPP	cp8	CP8	2	P		Hero	(1)	(10) 550 | (9) 500 | (8) 450 | (7) 400 | (6) 350 | (5) 300 | (4) 250 | (3) 200 | (2) 150 | (1) 100 | (0) 0000	(Constant Combat Power) Any named cards that perform attacks do +2 power stages of damage. If you declared a Red Tokui-Waza, they do +3 power stages of damage instead. 
Master Roshi (level 3)	CCPP	cp9	CP9	3	P		Hero	(1)	(10) 1,000 | (9) 900 | (8) 800 | (7) 700 | (6) 600 | (5) 500 | (4) 400 | (3) 300 | (2) 200 | (1) 100 | (0) 0000	(Constant Combat Power) All of your Allies power up one extra stage during your Power Up Step. If you declared a Red Tokui-Waza, they power up 2 extra stages instead, and any attacks they perform do +1 life cards of damage. 
Future Gohan (level 1)	CCPP	cp10	CP10	1	P		Hero	(1)	(10) 1,000,000 | (9) 950,000 | (8) 900,000 | (7) 850,000 | (6) 800,000 | (5) 750,000 | (4) 700,000 | (3) 650,000 | (2) 600,000 | (1) 550,000 | (0) 0000	(Constant Combat Power) Defense Shield: Stops the first unstopped physical attack performed against you in Combat. If you declared a Saiyan Tokui-Waza, you may have up to 2 copies of any Saiyan Style Drill in play at once. 
Future Gohan (level 2)	CCPP	cp11	CP11	2	P		Hero	(2)	(10) 1,700,000 | (9) 1,625,000 | (8) 1,550,000 | (7) 1,475,000 | (6) 1,400,000 | (5) 1,325,000 | (4) 1,250,000 | (3) 1,175,000 | (2) 1,100,000 | (1) 1,025,000 | (0) 0000	(Constant Combat Power) All your physical attacks do +2 power stages of damage. Each turn, if the first card you draw using your Mastery is a Saiyan Style card, you may show it to your opponent to draw another card. 
Future Gohan (level 3)	CCPP	cp12	CP12	3	P		Hero	(3)	(10) 2,450,000 | (9) 2,375,000 | (8) 2,300,000 | (7) 2,225,000 | (6) 2,150,000 | (5) 2,075,000 | (4) 2,000,000 | (3) 1,925,000 | (2) 1,850,000 | (1) 1,775,000 | (0) 0000	(Constant Combat Power) All of your attacks do +2 power stages of damage. If you declared a Saiyan Tokui-Waza, draw a card when entering Combat, and any damage from your successful attacks cannot be prevented. 
Ginyu Force (level 1)	CCPP	cp13	CP13	1	P		Villain	(2)	(10) 345,000 | (9) 325,000 | (8) 305,000 | (7) 285,000 | (6) 265,000 | (5) 245,000 | (4) 225,000 | (3) 205,000 | (2) 185,000 | (1) 165,000 | (0) 0000	(Constant Combat Power) Prevent 2 power stages of damage from any physical or energy attack performed against you. If you declared an Orange Tokui-Waza, all of your energy attacks do +1 life cards of damage. 
Ginyu Force (level 2)	CCPP	cp14	CP14	2	P		Villain	(2)	(10) 535,000 | (9) 505,000 | (8) 475,000 | (7) 445,000 | (6) 415,000 | (5) 385,000 | (4) 355,000 | (3) 325,000 | (2) 295,000 | (1) 265,000 | (0) 0000	(Constant Combat Power) Whenever your opponent reveals a Dragon Ball while taking life cards of damage, you may take that Dragon Ball and place it in play and use its power instead of it going to the bottom of your opponent's Life Deck. The Dragon Ball cannot currently be in play. 
Ginyu Force (level 3)	CCPP	cp15	CP15	3	P		Villain	(3)	(10) 655,000 | (9) 625,000 | (8) 595,000 | (7) 565,000 | (6) 535,000 | (5) 505,000 | (4) 475,000 | (3) 445,000 | (2) 415,000 | (1) 385,000 | (0) 0000	(Constant Combat Power) All of your physical attacks do +4 power stages of damage. 
Blue Happiness	CCPP	gb2	GB2		P	Blue	Non-Combat			Set your opponent's anger to 0. If you declared a Tokui-Waza, lower your opponent's Main Personality 1 level. Remove from game after use.
Orange Scatter Shot	CCPP	gb3	GB3		P	Orange	Energy Combat			Energy attack doing 5 life cards of damage. If you declared a Tokui-Waza, this card stays on the table to be used 1 more time this Combat. Remove from game after use.
Namekian Dash	CCPP	gb4	GB4		P	Namekian	Physical Combat			Physical attack doing +5 power stages of damage. If you declared a Tokui-Waza, raise your Main Personality to his highest power stage, then shuffle the top 4 cards of your discard pile into your Life Deck. Remove from game after use.
Saiyan Cross Punch	CCPP	gb5	GB5		P	Saiyan	Physical Combat			Physical attack doing 5 power stages of damage. If you declared a Tokui-Waza, it does 10 power stages instead. Remove from game after use.
Black Body Destruction	CCPP	gb6	GB6		P	Black	Physical Combat			Physical attack doing +4 power stages of damage, or stops a physical attack. If you declared a Tokui-Waza, discard a random card from your opponent's hand. Remove from game after use.
Gathering of Heroes	CCPP	gb7	GB7		P	Colorless	Combat			Raise all of your personalities to their highest power stage. Search your Life Deck or discard pile for an Ally and place it in play at 3 power stages above 0. Remove from game after use.
Warriors Clash	CCPP	gb8	GB8		P	Colorless	Physical Combat			Play this as your first attack in Combat. Physical attack doing 3 power stages of damage. This attack does +1 power stage of damage for every power stage the attacker is above 0. Remove from game after use.
Taunting Drill	CCPP	gb9	GB9		P	Colorless	Non-Combat			When entering Combat as the defender you may chose to draw 1 card for every Dragon Ball that you control, instead of drawing 3 cards.
Learning the Moves	CCPP	ccpreview7	Preview 7		P	Colorless	Combat			For the remainder of the game, whenever your opponent performs a physical or energy attack by playing a card from his hand, you may stop that attack by discarding a copy of that card from your hand. Remove from game after use.
Namekian Healing	CCPP2	ccpp1	CCPP1		P	Namekian	Non-Combat			Attach this to your Cell Saga Namekian Style Mastery. When you use your mastery while this card is attached, you may shuffle the bottom card of your discard pile into your Life Deck. You may have only one copy of Namekian Healing attached.
Saiyan Conservation	CCPP2	ccpp2	CCPP2		P	Saiyan	Non-Combat			Attach this card to your Cell Saga Saiyan Style Mastery. If you draw a card with your mastery while this card is attached, you may shuffle the top card of your discard pile back into your Life Deck and raise your Main Personality to its highest power stage. You may have only 1 copy of Saiyan Conservation attached.
Anger Management	CCPP2	ccpp3	CCPP3		P	Colorless	Combat			Tuff Enuff only. Whenever you gain anger this Combat, all of your attacks do +1 life cards of damage for each anger gained to a maximum of 10 for the remainder of Combat. The next attack you perform this Combat gains "Draw a card."
Reserves	CCPP2	ccpp4	CCPP4		P	Colorless	Combat			Your Main Personality gains 6 power stages. Draw the bottom card of your discard pile. Remove from the game after use.
Unpredictable	CCPP2	ccpp5	CCPP5		P	Colorless	Physical Combat			Reveal the top 5 cards of your Life Deck to all players. Choose from them 1 Physical Combat card that can perform a physical attack and place it into your hand. Put the other cards on top of your Life Deck in any order.
Black Thought Focus	CCPP2	ccpp6	CCPP6		P	Black	Non-Combat			You may use this card when you discard a card for your Cell Saga Black Style Mastery. Your opponent chooses a card in his hand to be discarded before the Mastery discards one of his cards. Remove the top 2 cards of your opponent's Life Deck from the game.
Red Arm Cannon	CCPP2	ccpp7	CCPP7		P	Red	Energy Combat			Endurance 4. Energy attack doing 1 life card of damage and an additional +X life cards of damage. X = your current anger level. If successful, shuffle this card into your Life Deck.
______'s Guard Crush	CCPP2	ccpp8	CCPP8		P	Named	Physical Combat			Focused physical attack doing +3 power stages of damage. Damage from this attack cannot be prevented. This card is considered a Named card for your Main Personality for deck construction and gameplay.
Momentum	CCPP2	ccpp9	CCPP9		P	Colorless	Non-Combat			If you are the 2nd player to pass when both players pass consecutively, you may remove this card from the game. If you do, and your opponent's turn is next, skip that turn, and you cannot play Non-Combat cards on your next turn.
Blitz!	CCPP2	ccpp10	CCPP10		P	Colorless	Non-Combat			Attach this to one of your Allies in play. While this card is attached, this Ally can use his power a 2nd time each Combat. This does not work with Constant Combat Powers or powers that can be used multiple times in a Combat.
Tuff Enuff Crush	CCPP2	ccpp11	CCPP11		P	Colorless	Physical Combat			Tuff Enuff only. Physical attack doing 1 power stage of damage and an additional +1 power stage of damage for each Tuff Enuff only card in your discard pile. Remove from the game after use.
A Helping Hand	CCPP2	ccpp12	CCPP12		P	Colorless	Non-Combat			Attach this to your Main Personality. While attached, Stunned cannot be played or used, and you do not lose power stages from your opponent's card effects. This does not effect power stages of damage.
Breakthrough Drill (cc)	CCPP2	ccpp42	042		P	Colorless	Non-Combat			Sensei deck. Cards that end Combat including Dragon Balls may not be played or used while this Drill is in play. This Drill affects all players.
Bubbles (level 1)	CCPP2	ccpp16	CP16	1	P		Hero	(2)	(10) 1,000 | (9) 900 | (8) 800 | (7) 700 | (6) 600 | (5) 500 | (4) 400 | (3) 300 | (2) 200 | (1) 100 | (0) 0000	(Constant Combat Power) When an attack you perform with a Tuff Enuff only card becomes successful, name a Non-Dragon Ball card. Your opponent searches his Life Deck for 1 copy of that card and discards it. (Tuff Enuff only) 
Bubbles (level 2)	CCPP2	ccpp17	CP17	2	P		Hero	(2)	(10) 2,000 | (9) 1,800 | (8) 1,600 | (7) 1,400 | (6) 1,200 | (5) 1,000 | (4) 800 | (3) 600 | (2) 400 | (1) 200 | (0) 0000	(Constant Combat Power) Speedness - Whenever an attack you perform with a Tuff Enuff only card becoems successful, choose 3 Tuff Enuff only cards in your discard pile and shuffle them into your Life Deck. (Tuff Enuff only) 
Bubbles (level 3)	CCPP2	ccpp18	CP18	3	P		Hero	(3)	(10) 3,300 | (9) 3,000 | (8) 2,700 | (7) 2,400 | (6) 2,100 | (5) 1,800 | (4) 1,500 | (3) 1,200 | (2) 900 | (1) 600 | (0) 0000	Physical attack doing +3 power stages of damage. Shuffle up to 3 Tuff Enuff only cards in your discard pile into your Life Deck. Draw a card. (Tuff Enuff only) 
Mighty Mask (level 1)	CCPP2	ccpp19	CP19	1	P		Hero	(2)	(10) 1,650,000 | (9) 1,570,000 | (8) 1,490,000 | (7) 1,410,000 | (6) 1,330,000 | (5) 1,250,000 | (4) 1,170,000 | (3) 1,090,000 | (2) 1,010,000 | (1) 930,000 | (0) 0000	Physical attack doing +3 power stages of damage. If the top card of your discard pile is a Red Style card, this is a focused attack, raise your anger level 1, and Mighty Mask gains 4 power stages. 
Mighty Mask (level 2)	CCPP2	ccpp20	CP20	2	P		Hero	(3)	(10) 1,850,000 | (9) 1,790,000 | (8) 1,730,000 | (7) 1,670,000 | (6) 1,610,000 | (5) 1,550,000 | (4) 1,490,000 | (3) 1,430,000 | (2) 1,370,000 | (1) 1,310,000 | (0) 0000	(Constant Combat Power) All of your physical attacks do +2 power stages of damage. When the top card of your discard pile is a Red Style card, all of your attacks to an additional +2 life cards of damage. 
Mighty Mask (level 3)	CCPP2	ccpp21	CP21	3	P		Hero	(4)	(10) 2,050,000 | (9) 2,010,000 | (8) 1,970,000 | (7) 1,930,000 | (6) 1,890,000 | (5) 1,850,000 | (4) 1,810,000 | (3) 1,770,000 | (2) 1,730,000 | (1) 1,690,000 | (0) 0000	(Constant Combat Power) The first Red Style physical attack you perform each Combat is a focused attack. Once per Combat, whenever you stop an attack from your hand with a Red Style card, you may shuffle that Red Style card back into your Life Deck after use, even if it would remove itself from the game. 
Bardock (level 1)	CCPP2	ccpp22	CP22	1	P		Hero	(1)	(10) 1,000 | (9) 900 | (8) 800 | (7) 700 | (6) 600 | (5) 500 | (4) 400 | (3) 300 | (2) 200 | (1) 100 | (0) 0000	(Constant Combat Power) Your opponent plays with his hand faceup on the table. Once per Combat, during your "Attacker Attacks" phase, if you have an Ally in play, you may discard a card in your hand to draw a card and raise your anger 1 level. 
Bardock (level 2)	CCPP2	ccpp23	CP23	2	P		Hero	(1)	(10) 30,000 | (9) 29,000 | (8) 28,000 | (7) 27,000 | (6) 26,000 | (5) 25,000 | (4) 24,000 | (3) 23,000 | (2) 22,000 | (1) 21,000 | (0) 0000	(Constant Combat Power) Your opponent plays with his hand faceup on the table. When any 1 of your Allies leaves play, you may shuffle him into your Life Deck. Afterward, raise your anger 1 level. 
Bardock (level 3)	CCPP2	ccpp24	CP24	3	P		Hero	(1)	(10) 105,000 | (9) 100,000 | (8) 95,000 | (7) 90,000 | (6) 85,000 | (5) 80,000 | (4) 75,000 | (3) 70,000 | (2) 65,000 | (1) 60,000 | (0) 0000	(Constant Combat Power) Your opponent plays with his hand faceup on the table. During your first "Attacker Attacks" phase each Combat, you may have 1 of your Allies take over Combat for Bardock. No other Allies may take over Combat unless Bardock is at 0 or 1 power stage above 0. 
Meta-Cooler (level 1)	CCPP2	ccpp25	CP25	1	P		Villain	(2)	(10) 1,600,000 | (9) 1,590,000 | (8) 1,580,000 | (7) 1,570,000 | (6) 1,560,000 | (5) 1,550,000 | (4) 1,540,000 | (3) 1,530,000 | (2) 1,520,000 | (1) 1,510,000 | (0) 0000	(Constant Combat Power) When a Drill or Combat card increases the power stages or life cards of damage for any of your attacks, raise that increase by 1. If the top card of your discard pile is a Blue Style card, your Drills cannot leave play because of your opponent's card effects. 
Meta-Cooler (level 2)	CCPP2	ccpp26	CP26	2	P		Villain	(2)	(10) 2,100,000 | (9) 2,090,000 | (8) 2,080,000 | (7) 2,070,000 | (6) 2,060,000 | (5) 2,050,000 | (4) 2,040,000 | (3) 2,030,000 | (2) 2,020,000 | (1) 2,010,000 | (0) 0000	(Constant Combat Power) When a Drill that you have in play increases the power stages or life cards of damage for any of your attacks, raise that increase by 2. When you perform a physical attack and the top card of your discard pile is a Blue Style card, gain 3 power stages. 
Meta-Cooler (level 3)	CCPP2	ccpp27	CP27	3	P		Villain	(3)	(10) 2,600,000 | (9) 2,590,000 | (8) 2,580,000 | (7) 2,570,000 | (6) 2,560,000 | (5) 2,550,000 | (4) 2,540,000 | (3) 2,530,000 | (2) 2,520,000 | (1) 2,510,000 | (0) 0000	(Constant Combat Power) When a Drill that you have in play increases the power stages or life cards of damage from any of your attacks, raise that increase by 3. When performing a physical attack with a Blue Style card and the top card of your discard pile is a Blue Style card, it's a focused attack doing +3 life cards of damage. 
Android 17 (level 1)	CCPP2	ccpp28	CP28	1	P		Villain	(1)	(10) 1,500,000 | (9) 1,450,000 | (8) 1,400,000 | (7) 1,350,000 | (6) 1,300,000 | (5) 1,250,000 | (4) 1,200,000 | (3) 1,150,000 | (2) 1,100,000 | (1) 1,050,000 | (0) 0000	(Constant Combat Power) When your opponent uses a Combat card that does not stop an attack, you may remove an Android 17 Named card in your discard pile from the game and discard the top card of your Life Deck to stop all the effects of that Combat card. 
Frieza (level 1)	CCPP2	ccpp29	CP29	1	P		Villain	(2)	(10) 850,000 | (9) 830,000 | (8) 810,000 | (7) 790,000 | (6) 770,000 | (5) 750,000 | (4) 730,000 | (3) 710,000 | (2) 690,000 | (1) 670,000 | (0) 0000	(Constant Combat Power) When you perform an attack with a Frieza Named card, it is a focused attack doing +2 power stages of damage. During the Rejuvenation Step, if you place a Frieza Named card into your Life Deck, shuffle the bottom card of your discard pile back into your Life Deck. 
Krillin (level 1)	CCPP2	ccpp30	CP30	1	P		Hero	(2)	(10) 500,000 | (9) 475,000 | (8) 450,000 | (7) 425,000 | (6) 400,000 | (5) 375,000 | (4) 350,000 | (3) 325,000 | (2) 300,000 | (1) 275,000 | (0) 0000	(Constant Combat Power) All your Krillin Named cards that are removed from the game after use are discarded instead. All Krillin Named cards in your Life Deck that do not have Endurance gain Endurance 2. 
King Kai, the Mentor (level 4)	CCPP2	ccpp31	CP31	4	P		Hero	(4)	(10) Z | (9) Z | (8) Z | (7) Z | (6) Z | (5) Z | (4) Z | (3) Z | (2) Z | (1) Z | (0) 0000	Physical attack doing +4 power stages of damage. If you declared a Black Tokui-Waza, your opponent discards a card at random from his hand. This power may be used twice per Combat. 
Cooler (Level 1)	Misc.	cm1	M1	1	P		Villian	(1)	(10) 1,400,000 | (9) 1,300,000 | (8) 1,200,000 | (7) 1,100,000 | (6) 1,000,000 | (5) 900,000 | (4) 800,000 | (3) 700,000 | (2) 600,000 | (1) 500,000 | (0) 0000	(Constant Combat Power) The first energy attack you perform cost one less power stages for you to perform. If you declared a blue Toku-Waza, this attacks costs zero to perform. 
Cooler, the Mighty (Level 2)	Misc.	cm2	M2	2	P		Villian	(2)	(10) 1,750,000 | (9) 1,670,000 | (8) 1,590,000 | (7) 1,510,000 | (6) 1,430,000 | (5) 1,350,000 | (4) 1,270,000 | (3) 1,190,000 | (2) 1,110,000 | (1) 1,030,000 | (0) 0000	(Constant Combat Power) Prevent all the life card damage from the first energy attack preformed against you during combat. If you declared a blue toku-waza, your opponent may not gain anger from cards that perform energy attacks. 
Cooler, the Shredder (Level 3)	Misc.	cm3	M3	3	P		Villian	(3)	(10) 2,000,000 | (9) 1,925,000 | (8) 1,850,000 | (7) 1,775,000 | (6) 1,700,000 | (5) 1,625,000 | (4) 1,550,000 | (3) 1,475,000 | (2) 1,400,000 | (1) 1,325,000 | (0) 0000	(Constant Combat Power) All of your physical attacks do +4 power stages of damage. If you declared a blue toku-waza, all of your energy attacks do +3 power stages. 
Broly, the Calm (level 1)	Misc.	br1	BR1	1	P		Villain	(2)	(10) 340,000 | (9) 320,000 | (8) 300,000 | (7) 280,000 | (6) 260,000 | (5) 240,000 | (4) 220,000 | (3) 200,000 | (2) 180,000 | (1) 160,000 | (0) 0000	(Constant Combat Power) At the beginning of your Rejuvenation Step, if the top card of your discard pile is a Saiyan Style card, raise your anger 2 levels. If Goku is in play, raise your anger 3 levels instead, and shuffle the bottom 2 Saiyan Style cards of your discard pile into your Life Deck.
Broly, Super Saiyan (level 2)	Misc.	br2	BR2	2	P		Villain	(3)	(10) 2,800,000 | (9) 2,750,000 | (8) 2,700,000 | (7) 2,650,000 | (6) 2,600,000 | (5) 2,550,000 | (4) 2,500,000 | (3) 2,450,000 | (2) 2,400,000 | (1) 2,350,000 | (0) 0000	Physical attack doing +4 power stages of damage. Raise your anger 1 level. For the remainder of Combat, all your Saiyan Style attacks do +1 life cards of damage.
Broly, Empowered (level 3)	Misc.	br3	BR3	3	P		Villain	(4)	(10) 4,100,000 | (9) 4,000,000 | (8) 3,900,000 | (7) 3,800,000 | (6) 3,700,000 | (5) 3,600,00 | (4) 3,500,00 | (3) 3,400,00 | (2) 3,300,000 | (1) 3,200,000 | (0) 0000	(Constant Combat Power) All your Saiyan Style attacks that do not remove themselves from the game after use are place at the bottom of your Life Deck after use.
Broly (lvl 2)	Misc.	f1	F1	2	P		Villain	(4)	(16) 3,650,000 | (15) 3,600,000 | (14) 3,550,000 | (13) 3,500,000 | (12) 3,450,000 | (11) 3,400,00 | (10) 3,350,000 | (9) 3,300,000 | (8) 3,250,000 | (7) 3,200,000 | (6) 3,150,000 | (5) 3,100,000 | (4) 3,050,000 | (3) 3,000,000 | (2) 2,950,000 | (1) 2,900,000 | (0) 0000	When entering Combat, search your Life Deck for a Physical Combat card and place it in your hand. If you then have 6 or more cards in your hand, advance your MP 1 level.
King Kai (lvl 1)	Misc.	kk1	K1	1	P		Hero	(1)	(10) Z | (9) Z | (8) Z | (7) Z | (6) Z | (5) Z | (4) Z | (3) Z | (2) Z | (1) Z | (0) 0000	Energy attack. Costs 1 power stage to perform. If successful, and you declared a Black Tokui-Waza, your opponent must discard a card from his hand.
King Kai (lvl 2)	Misc.	kk2	K2	1	P		Hero	(2)	(10) Z | (9) Z | (8) Z | (7) Z | (6) Z | (5) Z | (4) Z | (3) Z | (2) Z | (1) Z | (0) 0000	Physical attack. Doing +2 power stages of damage. If you declared a Black Tokui-Waza, you may use this power to stop an energy attack instead.
King Kai (lvl 3)	Misc.	kk3	K3	1	P		Hero	(3)	(10) Z | (9) Z | (8) Z | (7) Z | (6) Z | (5) Z | (4) Z | (3) Z | (2) Z | (1) Z | (0) 0000	(Constant Combat Power) The first energy attack you perform during Combat costs 2 less power stages to perform. If you declared a Black Tokui-Waza, all of your energy attacks do +2 life cards of damage.
King Cold, the Mighty (lvl 4)	Misc.	tsk1	K1	4	P		Villain	(3)	(10) 1,400,000 | (9) 1,200,000 | (8) 1,025,000 | (7) 900,000 | (6) 750,000 | (5) 600,000 | (4) 450,000 | (3) 300,000 | (2) 150,000 | (1) 50,000 | (0) 0000	(Constant Combat Power) Stop an energy attack. Lower your opponent's anger 1 level. 
True Grit	Misc.	a1	A1		P	Colorless	Energy Combat			Energy attack doing 6 life cards of damage. For the remainder of Combat, damage from your attacks cannot be prevented. If successful, remove 6 cards in your opponent's discard pile from the game.
Trunks' Speedy Flight	Misc.	kk5	K5		P	Named	Physical Combat			Physical attack doing +4 power stages of damage. Empower 2. Lower your opponent's anger 2 levels. If used by Trunks or Kid Trunks, place a Trunks or Kid Trunks Named card from your discard pile into your hand. Remove from the game after use.
Krillin's Overhead Smack	Misc.	tr1	TR1		P	Named	Physical Combat			Physical attack doing +2 power stages of damage. If performed by a personality without "Puppet" in the title whose power rating is below 300,000, this attack cannot be stopped. Remove from the game after use.
Vegeta's Energy Thrust	Misc.	tr2	TR2		P	Named	Energy Combat			Energy attack. If successful, shuffle all Vegeta Named cards in your discard pile into your Life Deck. Remove from the game after use.
Trunks' Sword Slice	Misc.	tr3	TR3		P	Named	Physical Combat			Physical attack doing +4 power stages of damage. Raise your anger 1 level. If successful, search your Life Deck for any card with "Sword" in the title that is not "Trunks' Sword Slice" and place it into your hand.
Frieza's Anger Blast	Misc.	x1	X1		P	Named	Energy Combat			Energy attack doing 6 life cards of damage. If performed by Frieza and you have 2 or more anger, this is a focused attack. This card counts as 1 copy of "Frieza's Irritation Grows" while in your discard pile.
Vegeta's Energy Focus	Misc.	x2	X2		P	Named	Energy Combat			Focused Energy Attack doing 5 life cards of damage. If successful, this personality does not have to pay any costs for energy attacks for the remainder of combat.
Motherly Rage	Misc.	x3	X3		P	Colorless	Combat			Chi-Chi only. Discard all of your opponent's Non-Combat cards in play. Remove from the game after use.
Piccolo's Power Ball	Misc.	x5	X5		P	Named	Energy Combat			Energy attack doing 6 life cards of damage. If performed by your Main Personality and he currently has a lower power rating than your opponent's Main Personality, this card stays on the table to be used one more time this Combat. Place the bottom card of your discard pile at the bottom of your Life Deck.
Gohan's Power Hit	Misc.	ku4	K4		P	Named	Physical Combat			Focused physical attack doing +4 power stages of damage. Raise your anger 1 level. This attack cannot be stopped by Physical Combat cards. Remove from the game after use.
Red Overbearing Attack	Misc.	inf1	INF1		P	Red	Physical Combat			Physical attack doing +4 power stages of damage. If you declared a Tokui-Waza, gain 2 anger. Remove from the game after use.
Save!	Misc.	xtr01	Xtreme 1		P	Colorless	Combat			Use when your opponent is about to discard any one of your Allies. Choose one of your Allies that is about to be discarded. The chosen Ally is not discarded.
Namekian's Strike	Misc.	micc1	CC1		P	Namekian	Combat			Piccolo and Nail only. Energy attack. If you declared Tokui-Waza, you may search your life deck for an energy combat card and place it in your hand.
Team Work Kamehameha	Misc.	mil3	L3		P	Colorless	Energy Combat			Energy attack doing 10 life cards and costing 4 power stages to be paid by an ally instead of your main personality.
Fatherly Advice	Misc.	mij1	J1		P	Colorless	Non-Combat			Search your deck or discard pile for a physical combat or energy combat card. Limit 1 per deck.
Warrior's Preparaton	Misc.	gsl1	L1		P	Colorless	Non-Combat			Raise all personalities to their highest power stage.
Showing Off Your Power	Misc.	gsl1-1	L1-1		P	Colorless	Energy Combat			League only. Show your opponent your hand. If all of the cards in your hand are Energy Combat cards, raise your anger 3 levels. This must be the first card you play in Combat. Limit 1 per deck.
Multi-form Training	Misc.	gsl1-2	L1-2		P	Colorless	Physical Combat			League only. For the remainder of the game, any physical attacks from the Saiyan Saga do +3 power stages of damage. Remove from the game after use. Limit 1 per deck.
Garlic Jr's Double Blast	Misc.	gsl1-3	L1-3		P	Named	Energy Combat			Tuff Enuff only. Energy attack doing 5 life cards of damage. If performed by Garlic Jr., and the damage from this attack defeats your opponent, your opponent is overkilled.
Blast From the Past	Misc.	gsl1-4	L1-4		P	Colorless	Energy Combat			League only. For the remainder of the game, any energy attacks from the Frieza Saga do +3 life cards of damage. Remove from the game after use. Limit 1 per deck.
Energy Explosion	Misc.	gsl1-5	L1-5		P	Colorless	Energy Combat			League only. Energy attack doing 5 life cards of damage. If successful, and there is a Battleground in play, discard the Battleground and return this card to your hand instead of discarding it. Limit 1 per deck.
Pain Hurts	Misc.	gsl1-6	L1-6		P	Colorless	Non-Combat			Use after you discard or remove an Ally from play. All of your opponent's Allies lose 4 power stages to a minimum of 0. Your opponent's Main Personality loses 3 power stages. Limit 1 per deck.
Gohan's Defense Drill	Misc.	gsl1-7	L1-7		P	Named	Non-Combat			League and Gohan only. Defense Shield. Stops the first unstopped attack performed against Gohan during Combat.
I'm a Popo in a Bottle...	Misc.	gsl1-8	L1-8		P	Colorless	Non-Combat			League only. Attach this card to an Ally in play. Until this card is no longer attached to this Ally, he cannot take control of Combat, and cannot have damage redirected to him. Limit 1 per deck.
Line Up	Misc.	ksl2	L2		P	Colorless	Non-Combat			Search your Life Deck for either Vegeta, Trunks, Gohan, Piccolo, Krillin, Tien or Yamcha and place that Ally into play at 3 power stages above 0, regardless of the current level of your Main Personality.
Krillin's Help	Misc.	ksl2-1	L2-1		P	Named	Non-Combat			League only. Any Allies in play this Combat that were discarded and/or removed from the game are placed into play at 3 power stages above 0. Use at the end of Combat.
Below the Belt	Misc.	ksl2-2	L2-2		P	Colorless	Physical Combat			League and Krillin only. Physical attack doing +3 life cards of damage. You may remove 15 cards with even card numbers in your discard pile from the game. If successful and you removed the 15 card from your discard pile, your opponent must pass in his next 3 "Attacker Attacks" phases this Combat.
Krillin's Face Slap	Misc.	ksl2-3	L2-3		P	Named	Physical Combat			Tuff Enuff only. Physical attack doing +2 power stages of damage. The first time you perform this attack, you may remove any amount of Krillin Named cards in your discard pile from the game. For every 4 Krillin Named cards removed, this attack stays on the table to be used 1 more time this Combat.
Clash of the Titans	Misc.	ksl2-4	L2-4		P	Colorless	Non-Combat			League only. Use when entering Combat. All players set their Main Personalities at their highest power stage and draws 5 cards. Your opponent's Main Personality may pay 3 power stages when you use this card to stop its effects.
Feeding Frenzy	Misc.	ksl2-5	L2-5		P	Colorless	Combat			League only. For the remainder of Combat, whenever you play a card from your hand, place the bottom 2 cards of your discard pile on the bottom of your Life Deck to have your Main Personality gain 2 power stages. Remove from the game after use.
Taunt	Misc.	ksl2-6	L2-6		P	Colorless	Combat			If your opponent does not perform an attack during his next "Attacker Attacks" phase, he must play with his hand face up on the table until the beginning of his next turn.
I Want You!	Misc.	ksl2-7	L2-7		P	Colorless	Combat			League only. Use at the beginning of your opponent's Power Up Step. Your opponent cannot skip the Combat Step of this turn. Limit 1 per deck. Remove from the game after use.
That Tickles!	Misc.	ksl2-8	L2-8		P	Colorless	Combat			League only. For the remainder of Combat, whenever one of your successful physical attacks does less than 5 power stages of damage, your opponent discards the top card of his Life Deck and cannot perform an attack during his next "Attacker Attacks" phase.
Defensive Stance	Misc.	ysl3-1	L3-1		P	Colorless	Combat			League and Tuff Enuff only. Use as a defense. Prevent all but 2 life cards of damage dealt to you by the attack just performed against you. Remove from the game after use.
Super Arm Cannon of Super Stuff!	Misc.	ysl3-2	L3-2		P	Colorless	Energy Combat			League and Tuff Enuff only. Energy attack doing 12 life cards of damage. Costs 7 power stages to perform. When you perform this attack, you may discard any of your Non-Combat cards in play to reduce the cost of this attack by 2 power stages for each Non-Combat card you discard for this effect.
Huge Strength Maneuver	Misc.	ysl3-3	L3-3		P	Colorless	Physical Combat			League and Tuff Enuff only. Physical attack doing +3 power stages of damage for every 4 power stages this personality is above 0. Raise your anger 1 level. If damage from this attack is redirected to an Ally, the power stages of damage become life cards of damage instead.
Yamcha Practice Drill	Misc.	ysl3-4	L3-4		P	Named	Non-Combat			League and Tuff Enuff only. When a physical attack you perform becomes successful, place a card in your discard pile under this Drill face down. When entering Combat, and there are at least 4 cards under this Drill, you may discard the cards under this Drill to have all your physical attacks do +4 power stages of damage for that Combat.
Yamcha Vigor	Misc.	ysl3-6	L3-6		P	Named	Energy Combat			Yamcha only. Focused physical attack doing 5 life cards of damage. If successful, your opponent skips his next "Attacker Attacks" phase and the next energy attack you perform this Combat is a focused attack. Remove from the game after use.
Out for a Walk	Misc.	ysl3-7	L3-7		P	Colorless	Non-Combat			League and Tuff Enuff only. Use during your Non-Combat Step. At the end of the turn, you may search your Life Deck for any 2 Allies and place them into play at 4 power stages above 0 if you skipped the Combat Step of this turn.
Mean Squeeze	Misc.	ysl3-8	L3-8		P	Colorless	Physical Combat			League and Tuff Enuff only. Physical attack doing +3 power stages of damage. Set all players' anger levels to 0. Drills may not be used for the remainder of Combat. Damage from this attack cannot be prevented.
Smokin' Barrels	Misc.	gsl4-1	L4-1		P	Colorless	Energy Combat			League and Tuff Enuff only. Use when one of your energy attacks becomes successful. Raise the attacking personality to his highest power stage. Place the top 2 cards of your discard pile on the bottom of your Life Deck. Draw a card. Remove from the game after use.
Head to Head Action	Misc.	gsl4-2	L4-2		P	Colorless	Physical Combat			League and Tuff Enuff only. Physical attack doing +4 power stages of damage. For the remainder of Combat, any player may discard a card from his hand to perform a physical attack doing +2 power stages of damage or an energy attack costing 2 power stages to perform.
Goku's Jump Kick	Misc.	gsl4-3	L4-3		P	Named	Physical Combat			League, Tuff Enuff, and Goku only. Physical attack doing +4 power stages of damage. If you have used "Goku's Farewell" this game, lower your anger 2 levels (this overrides the first effect of "Goku's Farewell"). If Chi-Chi is in play, this is a focused attack. Limit 1 per deck. Remove from the game after use.
Kick Him When He's Down	Misc.	gsl4-5	L4-5		P	Colorless	Physical Combat			League and Tuff Enuff only. Physical attack doing +4 power stages of damage. Raise your anger 1 level. If your opponent passed in his last "Attacker Attacks" phase and you had a successful attack in your last “Attacker Attacks” phase, your opponent loses 4 power stages and this attack does an addition +4 power stages of damage.
Wedding	Misc.	gsl4-6	L4-6		P	Colorless	Combat			Goku only. Attach to your Chi-Chi. While attached, you may draw the bottom card of your discard pile when entering Combat. Chi-Chi may only have 1 "Wedding" attached.
Think Really Really Hard	Misc.	gsl4-7	L4-7		P	Colorless	Combat			League and Tuff Enuff only. Your opponent chooses "even" or "odd". Discard the top card of your Life Deck and look at the card number. If your opponent guessed correct, raise your Main Personality to his highest power stage, place the bottom 5 cards of your discard pile on the bottom of your life deck and shuffle this card into your Life Deck.
Hercule's Nibble	Misc.	gsl4-8	L4-8		P	Named	Combat			League and Tuff Enuff only. Your opponent discards the top 2 cards of his Life Deck. Shuffle into your Life Deck after use.
Majin Buu's Restoration	Misc.	msl5-5	L5-5		P	Named	Combat			Tuff Enuff only. You may remove 3 cards in your discard pile from the game to place an Ally of any level from your discard pile into play at 3 power stages above 0. This card stays on the table to be used as many times as you want this Combat. Remove from the game after use.
Majin Buu's Assault	Misc.	msl5-6	L5-6		P	Named	Physical Combat			Endurance 3. Physical attack doing +5 power stages of damage. You may search your Life Deck for a copy of "Hideous Intent" and place it into your hand. If successful, discard one of your opponent's Non-Combat cards in play.
Vegeta's Percussion Concussion	Misc.	vsl6-1	L6-1		P	Named	Physical Combat			Tuff Enuff only. Physical attack doing +5 power stages of damage. If successful, remove your opponent's discard pile from the game and raise your anger 2 levels.
Power of Cookies!!!	Misc.	cb1	CB1		P	Colorless	Combat			Sensei Deck Only. Discard a Non-Combat card or Ally in play. Search your opponent's Life Deck for up to 2 cards and remove them from the game. Your opponent searches your Life Deck for up to 2 cards and removes them from the game. Remove from the game after use.
Half-Nelson	Misc.	fl1	F1		P	Colorless	Physical Combat			Physical attack doing +2 power stages of damage. If successful, attach to your opponent's Main Personality. While this card is attached, the owner of Half-Nelson may discard a card from his hand during his "Attacker Attacks" phase to make the attached personality discard the top 2 cards of his Life Deck.
Grand Kai's Palace	Misc.	fl2	F2		P	Named	Location			When one of your Celestial Fighters stops an attack with a card that removes itself from the game after use, you may place that card at the bottom of your Life Deck instead of removing it from the game.
Orange Conversion Drill	Misc.	fl3	F3		P	Orange	Non-Combat			During your "Attacker Attacks" phase, you may discard a Non-Combat card from your hand to have your Main Personality perform an energy attack that costs 1 power stage to perform.
Black Stomach Breaker	Misc.	fl4	F4		P	Black	Physical Combat			Endurance 2. Physical attack doing +3 power stages of damage. For the remainder of Combat, all your cards with Endurance have their Endurance increased by +2. Lower your opponent's anger 2 levels.
Mr.Popo (level 1)	CollosalRedemption	cr01	CR1	1	P		Hero	(2)	(10) Z | (9) Z | (8) Z | (7) Z | (6) Z | (5) Z | (4) Z | (3) Z | (2) Z | (1) Z | (0) 0000	Physical attack doing +2 power stages of damage. If successful, your opponent discards a card from his hand.
Mr.Popo (level 2)	CollosalRedemption	cr02	CR2	2	P		Hero	(3)	(10) Z | (9) Z | (8) Z | (7) Z | (6) Z | (5) Z | (4) Z | (3) Z | (2) Z | (1) Z | (0) 0000	The first styled attack you perform during Combat gains "If successful, your opponent discards a card from his hand." If your opponent did not declare a Tokui-Waza or declared a Freestyle Tokui-Waza, all attacks you perform gains this.
Mr.Popo (level 3)	CollosalRedemption	cr03	CR3	3	P		Hero	(4)	(10) Z | (9) Z | (8) Z | (7) Z | (6) Z | (5) Z | (4) Z | (3) Z | (2) Z | (1) Z | (0) 0000	This personality gains 3 power stages. This card can affect Dragon Balls. Choose 1 card at random from your opponent's hand and remove it from the game.
Rescuing Drill	CollosalRedemption	cr04	CR4		P	Colorless	Non-Combat			(This card does not affect the Ally rules for overlaying) When you use a card effect to search your Life Deck for an Ally that is placed immediately in play, that Ally may have a higher personality level than your Main Personality.
Feverish	CollosalRedemption	cr05	CR5		P	Colorless	Non-Combat			Attach to one of your opponent's personalities. While attached, this personality's PUR is -1, to a minimum of 0.
Frieza's Daunting Bombardment	CollosalRedemption	cr06	CR6		P	Named	Energy Combat			Focused energy attack doing 6 life cards of damage. If used by Frieza, for the remainder of Combat all your attacks from Frieza Named cards do an additional +3 life cards of damage. If successful, shuffle all Frieza Named cards in your discard pile into your Life Deck. Remove from the game after use.
Interview with the Green Guy	CollosalRedemption	cr07	CR7		P	Colorless	Combat			For the remainder of Combat, your attacks do +2 power stages of damage for each Namekian Heritage personality and each Saibaimen personality in play. If your Main Personality is Saibaimen, then for the remainder of Combat, all of your energy attacks from Saiyan Saga, Frieza Saga, and Trunks Saga are focused attacks. Remove from the game after use.
DELETED!	CollosalRedemption	cr08	CR8		P	Colorless	Physical Combat			Physical attack doing +6 power stages of damage. Costs 6 power stages to perform. If successful, discard up to 6 Non-Combat cards in play. Remove from the game after use.
Gotenks' Potential	CollosalRedemption	cr09	CR9		P	Named	Combat			If your Main Personality is a fused personality, shuffle 7 cards in your discard pile into your Life Deck. Remove from the game after use.
Nagging Drill	CollosalRedemption	cr10	CR10		P	Colorless	Non-Combat			All your attacks do +2 power stages of damage.
Goku's High Kick	CollosalRedemption	cr11	CR11		P	Named	Physical Combat			Physical attack doing +4 power stages of damage. Lower your opponent's anger 3 levels. If successful, all Goku Named cards in your Life Deck without Endurance gain Endurance 2 for the remainder of Combat.
Goku, the Mighty (level 1)	ShonenJump	sj1	SJ1	1	P		Hero	(2)	(12) 1,000,000 | (11) 975,000 | (10) 950,000 | (9) 925,000 | (8) 900,000 | (7) 875,000 | (6) 850,000 | (5) 825,000 | (4) 800,000 | (3) 775,000 | (2) 750,000 | (1) 725,000 | (0) 0000	Whenever you stop an attack with a card from the Frieza Saga, you may shuffle it back into your Life Deck after use. 
Tien, the Swift (lvl 1)	Redemption	r1	R1	1	P		Hero	(2)	(10) 400,000 | (9) 360,000 | (8) 320,000 | (7) 280,000 | (6) 220,000 | (5) 200,000 | (4) 160,000 | (3) 120,000 | (2) 80,000 | (1) 40,000 | (0) 0000	Physical attack. Your opponent skips his next Attacker attacks phase. During your next attacker attacks phase, perform another physical attack.
Krillin, the Hero (lvl 2)	Redemption	r2	R2	2	P		Hero	(3)	(10) 600,000 | (9) 550,000 | (8) 500,000 | (7) 450,000 | (6) 400,000 | (5) 350,000 | (4) 300,000 | (3) 250,000 | (2) 200,000 | (1) 150,000 | (0) 0000	Energy attack. You may use this power twice per combat.
Android 16 (R3-lvl 1)	Redemption	r3	R3	1	P		Villain	(1)	(10) 1,900,000 | (9) 1,875,000 | (8) 1,850,000 | (7) 1,825,000 | (6) 1,800,000 | (5) 1,775,000 | (4) 1,750,000 | (3) 1,725,000 | (2) 1,700,000 | (1) 1,675,000 | (0) 0000	(Constant Combat Power) During your turn, if you skip the combat step, during your rejuvenation step lower your opponents anger by 2 levels.
Android 16, the Machine (lvl 2)	Redemption	r4	R4	2	P		Villian	(1)	(10) 2,900,000 | (9) 2,875,000 | (8) 2,850,000 | (7) 2,825,000 | (6) 2,800,000 | (5) 2,775,000 | (4) 2,750,000 | (3) 2,725,000 | (2) 2,700,000 | (1) 2,675,000 | (0) 0000	(Constant Combat Power) Whenever your opponent stops one of your physical attacks, lower his main personality 2 power stages.
Android 17 (R5-lvl 1)	Redemption	r5	R5	1	P		Villain	(1)	(10) 990,000 | (9) 980,000 | (8) 970,000 | (7) 960,000 | (6) 950,000 | (5) 940,000 | (4) 930,000 | (3) 920,000 | (2) 910,000 | (1) 900,000 | (0) 0000	Search your life deck or discard pile for "The Car" and place it into play.
Android 17, the Leader (lvl 2)	Redemption	r6	R6	2	P		Villain	(1)	(10) 1,500,000 | (9) 1,450,000 | (8) 1,400,000 | (7) 1,350,000 | (6) 1,300,000 | (5) 1,250,000 | (4) 1,200,000 | (3) 1,150,000 | (2) 1,100,000 | (1) 1,050,000 | (0) 0000	Energy attack doing +3 life cards of damage if "The Car" is in play.
Android 18 (R7-lvl 1)	Redemption	r7	R7	1	P		Villain	(1)	(10) 1,060,000 | (9) 1,050,000 | (8) 1,040,000 | (7) 1,030,000 | (6) 1,020,000 | (5) 1,010,000 | (4) 1,000,000 | (3) 990,000 | (2) 980,000 | (1) 970,000 | (0) 0000	Choose and Ally in play. Your opponent cannot redirect damage to that Ally and the Ally cannot take over Combat. If you have "The Car" in play, you can choose up to 2 Allies instead of 1.
Android 18, the Model (lvl 2)	Redemption	r8	R8	2	P		Villain	(1)	(10) 1,170,000 | (9) 1,160,000 | (8) 1,150,000 | (7) 1,140,000 | (6) 1,130,000 | (5) 1,120,000 | (4) 1,110,000 | (3) 1,100,000 | (2) 1,090,000 | (1) 1,080,000 | (0) 0000	Physical attack doing +5 power stages of damage. If "The Car" is in play, you may use this power twice per Combat.
Cell, Stage One (lvl 1)	Redemption	r9	R9	1	P		Villain	(3)	(10) 600,000 | (9) 550,000 | (8) 500,000 | (7) 450,000 | (6) 400,000 | (5) 350,000 | (4) 300,000 | (3) 250,000 | (2) 200,000 | (1) 150,000 | (0) 0000	Physical attack doing +3 power stages of damage. If you declared a Tokui-Waza, you may use this power twice per Combat.
Cell (lvl 2)	Redemption	r10	R10	2	P		Villain	(3)	(11) 2,000,000 | (10) 1,950,000 | (9) 1,900,000 | (8) 1,800,000 | (7) 1,700,000 | (6) 1,550,000 | (5) 1,400,000 | (4) 1,200,000 | (3) 1,000,000 | (2) 750,000 | (1) 500,000 | (0) 0000	(Constant Combat Power) Whenever your opponent uses a power or effect that lets him draw one or more cards, draw one card.
Super Saiyan Vegeta (lvl 1)	Redemption	r11	R11	1	P		Hero	(1)	(10) 1,200,000 | (9) 1,100,000 | (8) 1,000,000 | (7) 900,000 | (6) 800,000 | (5) 700,000 | (4) 600,000 | (3) 500,000 | (2) 400,000 | (1) 300,000 | (0) 0000	Search your discard pile for a Vegeta named card and shuffle it back into your Life Deck.
King Kai's New Home	Redemption	r12	R12		P	Named	Location			Whenever any player has 4 or more cards in his hand, or 5 or more if he declared a Saiyan Tokui-Waza, he may not draw any more cards into his hand.
Goku's House	Redemption	r13	R13		P	Named	Location			Once per Combat, a player may shuffle the top 2 Combat cards in his discard pile back into his Life Deck. 
Android 16, the Warrior (lvl 4)	Redemption	r14	R14	4	P		Hero	(3)	(10) 3,600,000 | (9) 3,590,000 | (8) 3,580,000 | (7) 3,570,000 | (6) 3,560,000 | (5) 3,550,000 | (4) 3,540,000 | (3) 3,530,000 | (2) 3,520,000 | (1) 3,510,000 | (0) 0000	Reveal the top card of your Life Deck. If it can perform a physical attack, you may immediately perform it directly from your Life Deck. The physical attack does +3 power stages of damage. Otherwise, discard the card.
Android 17, the Energized (lvl 4)	Redemption	r15	R15	4	P		Villain	(3)	(10) 2,500,000 | (9) 2,480,000 | (8) 2,460,000 | (7) 2,440,000 | (6) 2,420,000 | (5) 2,400,000 | (4) 2,380,000 | (3) 2,360,000 | (2) 2,340,000 | (1) 2,320,000 | (0) 0000	Physical attack doing 6 life cards of damage. If "The Car" is in play, this attack does +3 power stages of damage.
Android 18, the Survivor (lvl 4)	Redemption	r16	R16	4	P		Hero	(3)	(10) 2,045,000 | (9) 2,040,000 | (8) 2,035,000 | (7) 2,030,000 | (6) 2,025,000 | (5) 2,020,000 | (4) 2,015,000 | (3) 2,010,000 | (2) 2,005,000 | (1) 2,000,000 | (0) 0000	Energy attack doing 5 life cards of damage. Costs 1 power stage to perform. If "The Car" is in play, you may perform this attack twice per Combat.
Android 19, Refreshed (lvl 4)	Redemption	r17	R17	4	P		Villain	(3)	(12) 1,500,000 | (11) 1,400,000 | (10) 1,300,000 | (9) 1,200,000 | (8) 1,100,000 | (7) 1,000,000 | (6) 900,000 | (5) 800,000 | (4) 700,000 | (3) 600,000 | (2) 500,000 | (1) 400,000 | (0) 0000	(Constant Combat Power) For each life card of damage Android 19 deals with a successful energy attack, Android 19 gains 1 power stage.
Android 20, the Mastermind (lvl 4)	Redemption	r18	R18	4	P		Villain	(3)	(10) 1,400,000 | (9) 1,350,000 | (8) 1,300,000 | (7) 1,250,000 | (6) 1,200,000 | (5) 1,150,000 | (4) 1,100,000 | (3) 1,050,000 | (2) 1,000,000 | (1) 950,000 | (0) 0000	Your opponent discards the top X cards of his Life Deck. X = the number of personalities in play with "Android" in the title.
Remote Control	Redemption	clr2	CR2		P	Colorless	Non-Combat			If your opponent's Main Personality has "Android" in the title, remove the top 2 cards of your opponent's Life Deck from the game and then discard the next top 3 cards of his Life Deck. Remove from the game after use.
Cell's Choke Hold	Redemption	clr3	CR3		P	Named	Physical Combat			Physical attack doing +1 life cards of damage. If successful, your opponent discards 2 cards from his Life Deck for each card in his hand.
Peekaboo!	Redemption	clr4	CR4		P	Colorless	Combat			Endurance X. X = The number of Dragon Balls you control. Reveal any number of cards in your hand to your opponent. Your opponent reveals the same number of cards in his hand.
Big Man on Campus	Redemption	cgr3	CGR3		P	Colorless	Combat			If your Main Personality's power rating is higher than your opponent's Main Personality, you may discard up to 2 of your opponent's Allies and up to 2 of your opponent's Non-Combat cards in play. Limit 1 per deck.
Gohan's Heroic Uppercut	Redemption	cgr4	CGR4		P	Named	Physical Combat			Physical attack doing +3 power stages of damage. If performed against a villain, this attack stays on the table to be used 1 more time this Combat. Raise your anger 1 level. Remove from the game after use.
Black Smackdown	TuffEnough	tf01	TF1		P	Black	Physical Combat			(Tuff Enuff Only) Physical attack doing +3 power stages of damage. If you declared a Tokui-Waza, and your opponent has a Battleground or Location in play, this attack cannot be stopped.
Blue Smackdown	TuffEnough	tf02	TF2		P	Blue	Physical Combat			(Tuff Enuff Only) Physical attack doing +5 power stages of damage. If you declared a Tokui-Waza, and you have more than 3 anger, this attack cannot be stopped.
Namekian Smackdown	TuffEnough	tf03	TF3		P	Namekian	Physical Combat			(Tuff Enuff Only) Physical attack doing 6 power stages of damage. If you declared a Tokui-Waza, and your opponent is at 5 stages above 0 or higher, this attack cannot be stopped.
Orange Smackdown	TuffEnough	tf04	TF4		P	Orange	Physical Combat			(Tuff Enuff Only) Physical attack doing 6 life cards of damage. If you declared a Tokui-Waza, and your opponent has a Drill in play, this attack cannot be stopped.
Red Smackdown	TuffEnough	tf05	TF5		P	Red	Physical Combat			(Tuff Enuff Only) Physical attack doing +4 power stages of damage. If you declared a Tokui-Waza, and you have no Non-Combat cards in play, this attack cannot be stopped.
Saiyan Smackdown	TuffEnough	tf06	TF6		P	Saiyan	Physical Combat			(Tuff Enuff Only) Physical attack doing 6 power stages of damage. If you declared a Tokui-Waza, and if your Main Personality is at 0, this attack cannot be stopped.
Garlic Jr.'s Palm Blast	TuffEnough	tf07	TF7		P	Named	Energy Combat			(Tuff Enuff Only) Energy attack doing +1 life card for every card in your hand. If you declared a Saiyan Tokui-Waza, this must be the first attack that you play during Combat. Discard a card.
Loser With Style Drill	TuffEnough	tf08	TF8		P	Colorless	Non-Combat			(Tuff Enuff Only) Once per Combat, in place of an attack, you may draw 2 cards after you have taken 10 or more life cards of damage during this Combat. You can only have 1 copy of this Drill in play at a time.
Krillin's Coolness Drill	TuffEnough	tf09	TF9		P	Named	Non-Combat			(Tuff Enuff Only) If you declared a non-Saiyan, non-Black Tokui-Waza all of your attacks do +2 power stages of damage.
Are You Tuff Enuff???	TuffEnough	tf10	TF10		P	Colorless	Combat			(Tuff Enuff Only) Endurance 100. All players gain 100 anger.
Bubbles Drill	TuffEnough	tf11	TF11		P	Named	Non-Combat			(Tuff Enuff Only) When entering Combat name a card. That card cannot be played for the remainder of Combat. Discard 1 life card when you name the card. Limit 1 per deck.
Namekian Side Swipe	TuffEnough	tf12	TF12		P	Namekian	Physical Combat			(Tuff Enuff Only) Physical attack doing +5 power stages of damage. If you declared a Tokui-Waza shuffle the top or bottom card of your discard pile into your Life Deck.
Orange Energy Stance	TuffEnough	tf13	TF13		P	Orange	Energy Combat			(Tuff Enuff Only) Stops an energy attack. If you declared a Tokui-Waza, gain 4 power stages. Lower your opponent's anger 1 level.
Namekian Charging Stance	TuffEnough	tf14	TF14		P	Namekian	Physical Combat			(Tuff Enuff Only) Stops a physical attack. If you declared a Tokui-Waza power up to full. Lower your opponent's anger 1 level.
Blue Show Off	TuffEnough	tf15	TF15		P	Blue	Physical Combat			(Tuff Enuff Only) Villains only. Physical attack doing +2 power stages of damage. If Goku is in play, it stays on the table to be used 2 more times this Combat. Remove from the game after use.
Straining Double Strike Move	TuffEnough	tf16	TF16		P	Colorless	Physical Combat			(Tuff Enuff Only) Physical attack doing 5 power stages of damage. Your opponent gains 1 anger. This card stays on the table to be used 1 more time this Combat. Remove from the game after use.
Saiyan Anger Strike	TuffEnough	tf17	TF17		P	Saiyan	Physical Combat			(Tuff Enuff Only) Physical attack doing +2 power stages of damage for every anger level you are above 0.
Black Energy Stance	TuffEnough	tf18	TF18		P	Black	Combat			(Tuff Enuff Only) Stops a physical or energy attack. If your opponent has 3 or more anger he must discard a card from his hand.
Blue Goku's Power Kick	TuffEnough	tf19	TF19		P	Blue	Physical Combat			(Tuff Enuff Only) Physical attack doing +3 power stages of damage. If used by Goku, and you declared a Tokui-Waza, this card stays on the table to be used 1 more time this Combat. Remove from the game after use.
Blue Frustration Drill	TuffEnough	tf20	TF20		P	Blue	Non-Combat			(Tuff Enuff Only) Whenever your opponent stops 1 of your attacks you lose 2 power stages. All of your attacks deal +2 power stages of damage.
Black Transformation	TuffEnough	tf21	TF21		P	Black	Combat			(Tuff Enuff Only) Stops a physical or energy attack. If you declared a Tokui-Waza gain 1 anger. Remove from game after use.
Tien and Yamcha Strike	TuffEnough	tf22	TF22		P	Named	Physical Combat			(Tuff Enuff Only) Physical attack doing +2 power stages of damage. If used by Tien or Yamcha do +4 power stages instead. This card stays on the table to be used 1 more time this Combat.
Gohan's Kamehameha	Kraft	k1	K1		P	Named	Energy Combat			Focused energy attack doing +1 life cards of damage for each card in your discard pile with "Kamehameha" in the title. Raise your anger 1 level.
It's Empty?	Kraft	k2	K2		P	Colorless	Non-Combat			Search your Life Deck for a level 1 Ally and place it into play facedown. You may ignore the Ally uniqueness rule for this Ally. When you redirect damage from an attack to this Ally, or when you have this Ally take control of Combat, you turn this Ally faceup and set him at his highest power stage.
Supreme Kai Sensei	Kraft	k3	K3		P		Sensei			(Deck Size: 11) Once per game during your Non-Combat Step, shuffle up to 5 styled cards in your discard pile into your Life Deck.
Majin Rapid Fire	Kraft	k4	K4		P	Colorless	Combat			Majin only. Use when you perform an energy attack and you have performed an energy attack during your previous "Attacker Attacks" phase, the energy attack is shuffled into your Life Deck after use, even if it would normally remove itself from the game.
Stop!	Kraft	k5	K5		P	Colorless	Combat			End Combat. All players discard all cards in their hands. Remove from the game after use.
Majin Buu's Childish Taunt	Kraft	k6	K6		P	Named	Physical Combat			Physical attack doing +3 power stages of damage. For the remainder of the game, your opponent cannot use any cards that let him look at cards in your hand or your Life Deck. If used by Majin Buu, this attack is focused and raises your anger 1 level.
Multi-Purpose Strike	Kraft	k7	K7		P	Colorless	Physical Combat			Physical attack doing +5 power stages of damage or stops a focused energy attack. When you use this card, it is the style of your choice. While it is in your discard pile, it is the style of your choice. This card cannot be more than 1 style at once.
Racing Drill	Kraft	k8	K8		P	Colorless	Non-Combat			When entering Combat, both players discard the top card of their Life Deck. If both cards discarded this way are not the same card type, your opponent discards the next top card of his Life Deck.
Overhead Squeal	Kraft	k9	K9		P	Colorless	Physical Combat			Physical attack doing 7 power stages of damage. If this attack deals damage to an Ally, that Ally is discarded. If your Main Personality is at 5 power stages above 0 or higher, shuffle this card back into your Life Deck after use.
Gohan, Released (lvl 3)	Kraft	k10	K10	3	P		Hero	(5)	(10) 4,000,000 | (9) 3,910,000 | (8) 3,820,000 | (7) 3,730,000 | (6) 3,640,000 | (5) 3,550,000 | (4) 3,460,000 | (3) 3,370,000 | (2) 3,280,000 | (1) 3,190,000 | (0) 0000	Physical attack doing +4 power stages of damage or energy attack doing 6 life cards of damage.
Majin Buu's Loogie	CollectorsTin	ct001	1		P	Named	Combat			Sensei deck. If your opponent has a Physical Combat, Energy Combat, or Combat card in play that can be used an addition time(s) this Combat, discard the top 10 cards of your opponent's Life Deck.
A New Addition	CollectorsTin	ct002	2		P	Colorless	Combat			(You may place an Ally into play with this effect even if your opponent has the same level of that personality in play as an Ally) Search your Life Deck for an Ally and place it into play at 5 power stages above 0.
Pan's Victory	CollectorsTin	ct003	3		P	Named	Combat			Shuffle up to 4 cards in your discard pile into your Life Deck. Remove up to 4 cards in your opponent's discard pile from the game. Remove from the game after use.
Jawbreaker Hail Storm	CollectorsTin	ct004	4		P	Colorless	Combat			You may immediately place a Non-Combat card from your hand into play.
Homework Time...	BlastOffKit	bok3	CC3		P	Colorless	Non-Combat			Name a non-Dragon Ball card. Look through the top 5 cards of your Life Deck for it. If it is there, show it to your opponent and set the 5 cards aside in the order they were in to shuffle any 5 cards in your discard pile into your Life Deck. Now place the 5 cards on top of your Life Deck.
Impressive Power	BlastOffKit	bok4	CC4		P	Colorless	Combat			Your Main Personality gains 5 power stages. For the remainder of Combat, whenever your Main Personality performs a styled physical attack, you may pay 3 power stages to make it a focused attack.
Piccolo's Multiform	BlastOffKit	bok5	CC5		P	Named	Physical Combat			Piccolo only. If you declared a Tokui-Waza, then any physical attacks Piccolo performs that cannot stay on the table to be used again this Combat may stay on the table to be used once more this Combat. Remove from the game after use.
Majin Funny Face	BlastOffKit	bok6	CC6		P	Colorless	Combat			If you declared a Tokui-Waza, any "If Successful" effects on Physical Combat and Energy Combat cards are "If stopped" instead. If your anger has already been raised 2 or more levels this Combat, draw a card.
Unbelievable Strength	BlastOffKit	bok7	CC7		P	Colorless	Non-Combat			For the remainder of Combat, whenever your opponent stops one of your attacks, he discards the top 2 cards of his Life Deck.
Ki-Charged Palm Block	BlastOffKit	bok9	CC9		P	Colorless	Combat			Stops a physical attack. For the remainder of Combat, any cards in your Life Deck that do not have Endurance have Endurance 2. Remove from the game after use. 
Super Saiyan Gohan (lvl 1)	Irwin	ir2	IR2	1	P		Hero	(1)	(10) 1,100,000 | (9) 1,025,000 | (8) 950,000 | (7) 875,000 | (6) 800,000 | (5) 725,000 | (4) 650,000 | (3) 575,000 | (2) 500,000 | (1) 425,000 | (0) 0000	When entering Combat as the attacker, you may draw a card.
Videl's Head Kick	Irwin	ir4	IR4		P	Named	Physical Combat			Physical attack doing +3 power stages of damage. If your opponent's Main Personality has a higher power rating than your Main Personality, then this attack deals +6 power stages of damage instead.
Saiyan Training (IR)	Irwin	ir6	IR6		P	Saiyan	Combat			Your PUR is +1 until the end of the game. Remove from the game after use. Limit 1 per deck.
Blue Saving Catch Drill	Irwin	ir8	IR8		P	Blue	Non-Combat			Your Allies in play cannot be discarded. Limit 1 per deck.
Excitement	Irwin	ir9	IR9		P	Colorless	Non-Combat			Use during the Non-Combat Step. Show your opponent your hand. Draw a card for each Non-Combat card in your hand.
Strike a Pose	Irwin	ir10	IR10		P	Colorless	Non-Combat			The next attack you perform this Combat costs 2 less power stages to perform. If the attack is stopped, your opponent discards 3 life cards.
Babidi's Evil Plans	Irwin	ir11	IR11		P	Named	Non-Combat			Villains only. Reshuffle this card into your Life Deck. If this card gets discarded from an attack after it's been reshuffled, your opponent discards 5 life cards. Limit 1 per deck.
Red Blowing Steam Drill	Irwin	ir12	IR12		P	Red	Non-Combat			All of your attacks do +X power stages of damage. X = your anger level. Limit 1 per deck.
Stop Fighting	Irwin	ir14	IR14		P	Colorless	Physical Combat			Stops a physical attack. End Combat. Bulma and Chi-Chi must be in play to play this card. Unless your Main Personality is Bulma, limit 1 per deck.
Pose with Style	Irwin	ir19	IR19		P	Colorless	Non-Combat			Whenever you use a Non-Combat card that is not a Drill, you may discard this card instead of that Non-Combat card. Limit 1 per deck.
Releasing the Sword	Irwin	ir20	IR20		P	Colorless	Non-Combat			Use when entering Combat. Reveal the top 7 cards of your Life Deck. Place in play any Non-Combat cards revealed and shuffle the rest back into your Life Deck.
Long Journey	Irwin	ir21	IR21		P	Colorless	Non-Combat			Use this card during the Non-Combat Step. Search your Life Deck for up to 3 Drills and place them into your hand. You must skip the Combat Step for your next 2 turns. Limit 1 per deck.
Black Upward Dodge	Irwin	ir22	IR22		P	Black	Physical Combat			Stops a physical attack. Your next attack deals +4 life cards of damage in this Combat.
Saiyan Face Jab	Irwin	ir23	IR23		P	Saiyan	Physical Combat			Physical attack doing +3 power stages of damage. If successful, your opponent pays +2 power stages for his next attack in this Combat.
Gotenk's Head Butt	Irwin	ir24	IR24		P	Named	Physical Combat			Physical attack doing +3 power stages of damage. If successful, prevent 3 power stages of damage from attacks performed against you for the remainder of Combat.
Tien's Power Stance	Irwin	ir25	IR25		P	Named	Non-Combat			Tien only. Power Tien to his highest power stage. The next energy attack Tien performs this Combat gets to be performed 1 more time including any secondary effects. Limit 1 per deck.
Pikkon's Leg Catch	Irwin	ir31	IR31		P	Named	Physical Combat			Stops a physical attack. Power your Main Personality to his highest power stage. Shuffle the bottom 3 cards of your discard pile back into your Life Deck.
Gohan's Nimbus Cloud	Irwin	ir33	IR33		P	Named	Energy Combat			Search your Life Deck for a Location and place it into play. Draw a card. Unless your Main Personality is Gohan, limit 1 per deck. 
Emotional Baggage	Irwin	ir34	IR34		P	Colorless	Non-Combat			Vegeta only. Use this card immediately when Trunks is in play as an Ally and then is discarded or removed from the game. Gain 2 anger.
Champion Drill	WorldChampionship	sz3	SZ3		P	Colorless	Non-Combat			Once per Combat, in place of an attack, discard a card from your hand and draw the top two cards from your Life Deck. Limit 1 per deck.
Victorious Drill	WorldChampionship	sz5	SZ5		P	Colorless	Non-Combat			Before the first turn begins, you may search your Life Deck for this Drill and place it into play. When entering Combat, lower your opponent's anger 2 levels and your Main Personality gains 2 power stages. Limit 1 per deck.
Champion's Aura	WorldChampionship	sz6	SZ6		P	Colorless	Combat			Endurance 1,000,000. Your opponent looks at the top 5 cards of your Life Deck and chooses 2 of them. Place those 2 cards in your hand and discard the other 3.
Let the Games Begin!	WorldChampionship	sz7	SZ7		P	Colorless	Non-Combat			Use when entering Combat and your Main Personality is at level 1. You cannot win by the Most Powerful Personality Victory for the remainder of the game. Advance your Main Personality to level 2. Shuffle the bottom 5 cards of your discard pile into your Life Deck.
Majin Throwdown	MajinMayhem	mmtd	MM1		P	Colorless	Battleground			All Majin only attacks do an additional +1 power stages and +1 life cards of damage. All Majin only attacks discard an Ally in play when they are performed. When entering Combat, all players must discard one of their Non-Combat cards in play. 
Majin Mastery	MajinMayhem	mmst	MM2		P		Mastery			You cannot win by the Most Powerful Personality Victory. You can use Tuff Enuff only cards.
Broku (Level 1)	FusionFrenzy	ffbro	001	1	P		Fusion	(4)	(10) 8,050,000 | (9) 7,950,000 | (8) 7,850,000 | (7) 7,750,000 | (6) 7,650,000 | (5) 7,550,000 | (4) 7,450,000 | (3) 7,350,000 | (2) 7,250,000 | (1) 7,150,000 | (0) 0000	(This personality may use Saiyan Heritage cards) When entering Combat, draw 2 cards. All of your Saiyan Style attacks do an additional +2 life cards of damage. 
Vegecell (Level 1)	FusionFrenzy	ffvc	002	1	P		Fusion	(5)	(10) 7,000,000 | (9) 6,800,000 | (8) 6,600,000 | (7) 6,400,000 | (6) 6,200,00 | (5) 6,000,000 | (4) 5,800,000 | (3) 5,600,000 | (2) 5,400,000 | (1) 5,200,000 | (0) 0000	(This personality may use Saiyan Heritage cards) Physical attack doing +4 power stages of damage. You may use this attack 2 additional times this Combat. 
Buuhan (Level 1)	FusionFrenzy	ffbh	003	1	P		Fusion	(3)	(10) 5,600,000 | (9) 5,300,000 | (8) 5,000,000 | (7) 4,700,000 | (6) 4,400,000 | (5) 4,100,000 | (4) 3,800,000 | (3) 3,500,000 | (2) 3,200,000 | (1) 2,900,000 | (0) 0000	(This personality may use Saiyan Heritage cards) Remove a Non-Combat card in play from the game. Capture one of your opponent's Dragon Balls.
Dailende (Level 1)	FusionFrenzy	ffdl	004	1	P		Fusion	(5)	(10) 3,000,000 | (9) 2,900,000 | (8) 2,800,000 | (7) 2,700,000 | (6) 2,600,000 | (5) 2,500,000 | (4) 2,400,000 | (3) 2,300,000 | (2) 2,200,000 | (1) 2,100,000 | (0) 0000	(This personality may use Namekian Heritage cards) Energy attack doing 8 life cards of damage. Costs 0 power stages to perform. If stopped, your opponent discards the top 4 cards of his Life Deck. You may use this attack an additional time this Combat. 
Piccillin (Level 1)	FusionFrenzy	ffpl	005	1	P		Fusion	(4)	(10) 5,100,000 | (9) 5,050,000 | (8) 5,000,000 | (7) 4,950,000 | (6) 4,900,000 | (5) 4,850,000 | (4) 4,800,000 | (3) 4,750,000 | (2) 4,700,000 | (1) 4,650,000 | (0) 0000	(You cannot play Krillin's Heat Seeking Blast. This personality may use Namekian Heritage cards) The first Non-Focused attack you perform each Combat does an additional +1 power stages of damage for each Styled card in your discard pile. 
Yamcule (Level 1)	FusionFrenzy	ffyam	006	1	P		Fusion	(3)	(10) 9,003,000 | (9) 8,903,000 | (8) 8,803,000 | (7) 8,703,000 | (6) 8,603,000 | (5) 8,503,000 | (4) 8,403,000 | (3) 8,303,000 | (2) 8,203,000 | (1) 8,103,000 | (0) 0000	(You may play both "Heroes only." and "Villains only." cards) Shuffle the top 7 cards of your discard pile into your Life Deck. 
